customer_id,quarter_start,quarter_label,active_last_quarter,active_this_quarter,churned
C-0001,2025-07-01,2025-Q3,0,0,0
C-0001,2025-10-01,2025-Q4,0,0,0
C-0001,2026-01-01,2026-Q1,0,0,0
C-0001,2026-04-01,2026-Q2,0,0,0
C-0002,2025-07-01,2025-Q3,0,1,0
C-0002,2025-10-01,2025-Q4,1,1,0
C-0002,2026-01-01,2026-Q1,1,1,0
C-0002,2026-04-01,2026-Q2,1,1,0
C-0003,2025-07-01,2025-Q3,0,0,0
C-0003,2025-10-01,2025-Q4,0,1,0
C-0003,2026-01-01,2026-Q1,1,1,0
C-0003,2026-04-01,2026-Q2,1,1,0
C-0004,2025-07-01,2025-Q3,0,1,0
C-0004,2025-10-01,2025-Q4,1,1,0
C-0004,2026-01-01,2026-Q1,1,0,1
C-0004,2026-04-01,2026-Q2,0,0,0
C-0005,2025-07-01,2025-Q3,0,1,0
C-0005,2025-10-01,2025-Q4,1,1,0
C-0005,2026-01-01,2026-Q1,1,1,0
C-0005,2026-04-01,2026-Q2,1,0,1
C-0006,2025-07-01,2025-Q3,0,0,0
C-0006,2025-10-01,2025-Q4,0,0,0
C-0006,2026-01-01,2026-Q1,0,0,0
C-0006,2026-04-01,2026-Q2,0,1,0
C-0007,2025-07-01,2025-Q3,0,1,0
C-0007,2025-10-01,2025-Q4,1,1,0
C-0007,2026-01-01,2026-Q1,1,1,0
C-0007,2026-04-01,2026-Q2,1,1,0
C-0008,2025-07-01,2025-Q3,0,1,0
C-0008,2025-10-01,2025-Q4,1,0,1
C-0008,2026-01-01,2026-Q1,0,0,0
C-0008,2026-04-01,2026-Q2,0,0,0
C-0009,2025-07-01,2025-Q3,0,1,0
C-0009,2025-10-01,2025-Q4,1,1,0
C-0009,2026-01-01,2026-Q1,1,1,0
C-0009,2026-04-01,2026-Q2,1,1,0
C-0010,2025-07-01,2025-Q3,0,1,0
C-0010,2025-10-01,2025-Q4,1,1,0
C-0010,2026-01-01,2026-Q1,1,1,0
C-0010,2026-04-01,2026-Q2,1,1,0
C-0011,2025-07-01,2025-Q3,0,1,0
C-0011,2025-10-01,2025-Q4,1,1,0
C-0011,2026-01-01,2026-Q1,1,1,0
C-0011,2026-04-01,2026-Q2,1,0,1
C-0012,2025-07-01,2025-Q3,0,0,0
C-0012,2025-10-01,2025-Q4,0,1,0
C-0012,2026-01-01,2026-Q1,1,1,0
C-0012,2026-04-01,2026-Q2,1,1,0
C-0013,2025-07-01,2025-Q3,0,0,0
C-0013,2025-10-01,2025-Q4,0,0,0
C-0013,2026-01-01,2026-Q1,0,0,0
C-0013,2026-04-01,2026-Q2,0,1,0
C-0014,2025-07-01,2025-Q3,0,1,0
C-0014,2025-10-01,2025-Q4,1,1,0
C-0014,2026-01-01,2026-Q1,1,1,0
C-0014,2026-04-01,2026-Q2,1,1,0
C-0015,2025-07-01,2025-Q3,0,1,0
C-0015,2025-10-01,2025-Q4,1,1,0
C-0015,2026-01-01,2026-Q1,1,1,0
C-0015,2026-04-01,2026-Q2,1,1,0
C-0016,2025-07-01,2025-Q3,0,0,0
C-0016,2025-10-01,2025-Q4,0,0,0
C-0016,2026-01-01,2026-Q1,0,0,0
C-0016,2026-04-01,2026-Q2,0,0,0
C-0017,2025-07-01,2025-Q3,0,1,0
C-0017,2025-10-01,2025-Q4,1,1,0
C-0017,2026-01-01,2026-Q1,1,1,0
C-0017,2026-04-01,2026-Q2,1,1,0
C-0018,2025-07-01,2025-Q3,0,0,0
C-0018,2025-10-01,2025-Q4,0,1,0
C-0018,2026-01-01,2026-Q1,1,1,0
C-0018,2026-04-01,2026-Q2,1,1,0
C-0019,2025-07-01,2025-Q3,0,1,0
C-0019,2025-10-01,2025-Q4,1,0,1
C-0019,2026-01-01,2026-Q1,0,1,0
C-0019,2026-04-01,2026-Q2,1,1,0
C-0020,2025-07-01,2025-Q3,0,1,0
C-0020,2025-10-01,2025-Q4,1,1,0
C-0020,2026-01-01,2026-Q1,1,1,0
C-0020,2026-04-01,2026-Q2,1,1,0
C-0021,2025-07-01,2025-Q3,0,0,0
C-0021,2025-10-01,2025-Q4,0,1,0
C-0021,2026-01-01,2026-Q1,1,1,0
C-0021,2026-04-01,2026-Q2,1,1,0
C-0022,2025-07-01,2025-Q3,0,1,0
C-0022,2025-10-01,2025-Q4,1,1,0
C-0022,2026-01-01,2026-Q1,1,1,0
C-0022,2026-04-01,2026-Q2,1,1,0
C-0023,2025-07-01,2025-Q3,0,1,0
C-0023,2025-10-01,2025-Q4,1,1,0
C-0023,2026-01-01,2026-Q1,1,1,0
C-0023,2026-04-01,2026-Q2,1,1,0
C-0024,2025-07-01,2025-Q3,0,1,0
C-0024,2025-10-01,2025-Q4,1,1,0
C-0024,2026-01-01,2026-Q1,1,1,0
C-0024,2026-04-01,2026-Q2,1,1,0
C-0025,2025-07-01,2025-Q3,0,1,0
C-0025,2025-10-01,2025-Q4,1,1,0
C-0025,2026-01-01,2026-Q1,1,0,1
C-0025,2026-04-01,2026-Q2,0,0,0
C-0026,2025-07-01,2025-Q3,0,1,0
C-0026,2025-10-01,2025-Q4,1,1,0
C-0026,2026-01-01,2026-Q1,1,1,0
C-0026,2026-04-01,2026-Q2,1,1,0
C-0027,2025-07-01,2025-Q3,0,0,0
C-0027,2025-10-01,2025-Q4,0,0,0
C-0027,2026-01-01,2026-Q1,0,1,0
C-0027,2026-04-01,2026-Q2,1,1,0
C-0028,2025-07-01,2025-Q3,0,1,0
C-0028,2025-10-01,2025-Q4,1,1,0
C-0028,2026-01-01,2026-Q1,1,1,0
C-0028,2026-04-01,2026-Q2,1,1,0
C-0029,2025-07-01,2025-Q3,0,1,0
C-0029,2025-10-01,2025-Q4,1,1,0
C-0029,2026-01-01,2026-Q1,1,1,0
C-0029,2026-04-01,2026-Q2,1,1,0
C-0030,2025-07-01,2025-Q3,0,1,0
C-0030,2025-10-01,2025-Q4,1,1,0
C-0030,2026-01-01,2026-Q1,1,1,0
C-0030,2026-04-01,2026-Q2,1,1,0
C-0031,2025-07-01,2025-Q3,0,1,0
C-0031,2025-10-01,2025-Q4,1,1,0
C-0031,2026-01-01,2026-Q1,1,1,0
C-0031,2026-04-01,2026-Q2,1,1,0
C-0032,2025-07-01,2025-Q3,0,1,0
C-0032,2025-10-01,2025-Q4,1,1,0
C-0032,2026-01-01,2026-Q1,1,1,0
C-0032,2026-04-01,2026-Q2,1,1,0
C-0033,2025-07-01,2025-Q3,0,1,0
C-0033,2025-10-01,2025-Q4,1,0,1
C-0033,2026-01-01,2026-Q1,0,0,0
C-0033,2026-04-01,2026-Q2,0,0,0
C-0034,2025-07-01,2025-Q3,0,1,0
C-0034,2025-10-01,2025-Q4,1,1,0
C-0034,2026-01-01,2026-Q1,1,1,0
C-0034,2026-04-01,2026-Q2,1,1,0
C-0035,2025-07-01,2025-Q3,0,1,0
C-0035,2025-10-01,2025-Q4,1,1,0
C-0035,2026-01-01,2026-Q1,1,1,0
C-0035,2026-04-01,2026-Q2,1,1,0
C-0036,2025-07-01,2025-Q3,0,0,0
C-0036,2025-10-01,2025-Q4,0,0,0
C-0036,2026-01-01,2026-Q1,0,1,0
C-0036,2026-04-01,2026-Q2,1,1,0
C-0037,2025-07-01,2025-Q3,0,0,0
C-0037,2025-10-01,2025-Q4,0,0,0
C-0037,2026-01-01,2026-Q1,0,0,0
C-0037,2026-04-01,2026-Q2,0,0,0
C-0038,2025-07-01,2025-Q3,0,0,0
C-0038,2025-10-01,2025-Q4,0,0,0
C-0038,2026-01-01,2026-Q1,0,0,0
C-0038,2026-04-01,2026-Q2,0,1,0
C-0039,2025-07-01,2025-Q3,0,0,0
C-0039,2025-10-01,2025-Q4,0,1,0
C-0039,2026-01-01,2026-Q1,1,1,0
C-0039,2026-04-01,2026-Q2,1,1,0
C-0040,2025-07-01,2025-Q3,0,1,0
C-0040,2025-10-01,2025-Q4,1,1,0
C-0040,2026-01-01,2026-Q1,1,1,0
C-0040,2026-04-01,2026-Q2,1,1,0
C-0041,2025-07-01,2025-Q3,0,1,0
C-0041,2025-10-01,2025-Q4,1,1,0
C-0041,2026-01-01,2026-Q1,1,1,0
C-0041,2026-04-01,2026-Q2,1,1,0
C-0042,2025-07-01,2025-Q3,0,1,0
C-0042,2025-10-01,2025-Q4,1,1,0
C-0042,2026-01-01,2026-Q1,1,1,0
C-0042,2026-04-01,2026-Q2,1,1,0
C-0043,2025-07-01,2025-Q3,0,1,0
C-0043,2025-10-01,2025-Q4,1,1,0
C-0043,2026-01-01,2026-Q1,1,1,0
C-0043,2026-04-01,2026-Q2,1,1,0
C-0044,2025-07-01,2025-Q3,0,0,0
C-0044,2025-10-01,2025-Q4,0,1,0
C-0044,2026-01-01,2026-Q1,1,1,0
C-0044,2026-04-01,2026-Q2,1,1,0
C-0045,2025-07-01,2025-Q3,0,1,0
C-0045,2025-10-01,2025-Q4,1,1,0
C-0045,2026-01-01,2026-Q1,1,1,0
C-0045,2026-04-01,2026-Q2,1,0,1
C-0046,2025-07-01,2025-Q3,0,1,0
C-0046,2025-10-01,2025-Q4,1,1,0
C-0046,2026-01-01,2026-Q1,1,0,1
C-0046,2026-04-01,2026-Q2,0,0,0
C-0047,2025-07-01,2025-Q3,0,0,0
C-0047,2025-10-01,2025-Q4,0,0,0
C-0047,2026-01-01,2026-Q1,0,0,0
C-0047,2026-04-01,2026-Q2,0,1,0
C-0048,2025-07-01,2025-Q3,0,1,0
C-0048,2025-10-01,2025-Q4,1,1,0
C-0048,2026-01-01,2026-Q1,1,1,0
C-0048,2026-04-01,2026-Q2,1,1,0
C-0049,2025-07-01,2025-Q3,0,0,0
C-0049,2025-10-01,2025-Q4,0,0,0
C-0049,2026-01-01,2026-Q1,0,0,0
C-0049,2026-04-01,2026-Q2,0,1,0
C-0050,2025-07-01,2025-Q3,0,1,0
C-0050,2025-10-01,2025-Q4,1,1,0
C-0050,2026-01-01,2026-Q1,1,1,0
C-0050,2026-04-01,2026-Q2,1,1,0
C-0051,2025-07-01,2025-Q3,0,1,0
C-0051,2025-10-01,2025-Q4,1,1,0
C-0051,2026-01-01,2026-Q1,1,1,0
C-0051,2026-04-01,2026-Q2,1,1,0
C-0052,2025-07-01,2025-Q3,0,1,0
C-0052,2025-10-01,2025-Q4,1,1,0
C-0052,2026-01-01,2026-Q1,1,1,0
C-0052,2026-04-01,2026-Q2,1,1,0
C-0053,2025-07-01,2025-Q3,0,1,0
C-0053,2025-10-01,2025-Q4,1,1,0
C-0053,2026-01-01,2026-Q1,1,1,0
C-0053,2026-04-01,2026-Q2,1,1,0
C-0054,2025-07-01,2025-Q3,0,1,0
C-0054,2025-10-01,2025-Q4,1,1,0
C-0054,2026-01-01,2026-Q1,1,1,0
C-0054,2026-04-01,2026-Q2,1,1,0
C-0055,2025-07-01,2025-Q3,0,1,0
C-0055,2025-10-01,2025-Q4,1,1,0
C-0055,2026-01-01,2026-Q1,1,1,0
C-0055,2026-04-01,2026-Q2,1,1,0
C-0056,2025-07-01,2025-Q3,0,1,0
C-0056,2025-10-01,2025-Q4,1,1,0
C-0056,2026-01-01,2026-Q1,1,1,0
C-0056,2026-04-01,2026-Q2,1,1,0
C-0057,2025-07-01,2025-Q3,0,1,0
C-0057,2025-10-01,2025-Q4,1,1,0
C-0057,2026-01-01,2026-Q1,1,1,0
C-0057,2026-04-01,2026-Q2,1,0,1
C-0058,2025-07-01,2025-Q3,0,0,0
C-0058,2025-10-01,2025-Q4,0,0,0
C-0058,2026-01-01,2026-Q1,0,1,0
C-0058,2026-04-01,2026-Q2,1,1,0
C-0059,2025-07-01,2025-Q3,0,0,0
C-0059,2025-10-01,2025-Q4,0,1,0
C-0059,2026-01-01,2026-Q1,1,1,0
C-0059,2026-04-01,2026-Q2,1,1,0
C-0060,2025-07-01,2025-Q3,0,1,0
C-0060,2025-10-01,2025-Q4,1,1,0
C-0060,2026-01-01,2026-Q1,1,1,0
C-0060,2026-04-01,2026-Q2,1,1,0
C-0061,2025-07-01,2025-Q3,0,0,0
C-0061,2025-10-01,2025-Q4,0,1,0
C-0061,2026-01-01,2026-Q1,1,1,0
C-0061,2026-04-01,2026-Q2,1,1,0
C-0062,2025-07-01,2025-Q3,0,1,0
C-0062,2025-10-01,2025-Q4,1,1,0
C-0062,2026-01-01,2026-Q1,1,1,0
C-0062,2026-04-01,2026-Q2,1,1,0
C-0063,2025-07-01,2025-Q3,0,1,0
C-0063,2025-10-01,2025-Q4,1,1,0
C-0063,2026-01-01,2026-Q1,1,1,0
C-0063,2026-04-01,2026-Q2,1,1,0
C-0064,2025-07-01,2025-Q3,0,1,0
C-0064,2025-10-01,2025-Q4,1,1,0
C-0064,2026-01-01,2026-Q1,1,1,0
C-0064,2026-04-01,2026-Q2,1,1,0
C-0065,2025-07-01,2025-Q3,0,1,0
C-0065,2025-10-01,2025-Q4,1,1,0
C-0065,2026-01-01,2026-Q1,1,1,0
C-0065,2026-04-01,2026-Q2,1,1,0
C-0066,2025-07-01,2025-Q3,0,0,0
C-0066,2025-10-01,2025-Q4,0,1,0
C-0066,2026-01-01,2026-Q1,1,1,0
C-0066,2026-04-01,2026-Q2,1,1,0
C-0067,2025-07-01,2025-Q3,0,1,0
C-0067,2025-10-01,2025-Q4,1,1,0
C-0067,2026-01-01,2026-Q1,1,1,0
C-0067,2026-04-01,2026-Q2,1,1,0
C-0068,2025-07-01,2025-Q3,0,1,0
C-0068,2025-10-01,2025-Q4,1,1,0
C-0068,2026-01-01,2026-Q1,1,1,0
C-0068,2026-04-01,2026-Q2,1,1,0
C-0069,2025-07-01,2025-Q3,0,0,0
C-0069,2025-10-01,2025-Q4,0,0,0
C-0069,2026-01-01,2026-Q1,0,1,0
C-0069,2026-04-01,2026-Q2,1,1,0
C-0070,2025-07-01,2025-Q3,0,1,0
C-0070,2025-10-01,2025-Q4,1,1,0
C-0070,2026-01-01,2026-Q1,1,1,0
C-0070,2026-04-01,2026-Q2,1,1,0
C-0071,2025-07-01,2025-Q3,0,1,0
C-0071,2025-10-01,2025-Q4,1,0,1
C-0071,2026-01-01,2026-Q1,0,1,0
C-0071,2026-04-01,2026-Q2,1,0,1
C-0072,2025-07-01,2025-Q3,0,1,0
C-0072,2025-10-01,2025-Q4,1,1,0
C-0072,2026-01-01,2026-Q1,1,1,0
C-0072,2026-04-01,2026-Q2,1,1,0
C-0073,2025-07-01,2025-Q3,0,0,0
C-0073,2025-10-01,2025-Q4,0,0,0
C-0073,2026-01-01,2026-Q1,0,0,0
C-0073,2026-04-01,2026-Q2,0,1,0
C-0074,2025-07-01,2025-Q3,0,1,0
C-0074,2025-10-01,2025-Q4,1,1,0
C-0074,2026-01-01,2026-Q1,1,1,0
C-0074,2026-04-01,2026-Q2,1,1,0
C-0075,2025-07-01,2025-Q3,0,0,0
C-0075,2025-10-01,2025-Q4,0,0,0
C-0075,2026-01-01,2026-Q1,0,0,0
C-0075,2026-04-01,2026-Q2,0,1,0
C-0076,2025-07-01,2025-Q3,0,0,0
C-0076,2025-10-01,2025-Q4,0,1,0
C-0076,2026-01-01,2026-Q1,1,1,0
C-0076,2026-04-01,2026-Q2,1,1,0
C-0077,2025-07-01,2025-Q3,0,1,0
C-0077,2025-10-01,2025-Q4,1,1,0
C-0077,2026-01-01,2026-Q1,1,1,0
C-0077,2026-04-01,2026-Q2,1,1,0
C-0078,2025-07-01,2025-Q3,0,0,0
C-0078,2025-10-01,2025-Q4,0,1,0
C-0078,2026-01-01,2026-Q1,1,0,1
C-0078,2026-04-01,2026-Q2,0,1,0
C-0079,2025-07-01,2025-Q3,0,1,0
C-0079,2025-10-01,2025-Q4,1,1,0
C-0079,2026-01-01,2026-Q1,1,1,0
C-0079,2026-04-01,2026-Q2,1,1,0
C-0080,2025-07-01,2025-Q3,0,1,0
C-0080,2025-10-01,2025-Q4,1,1,0
C-0080,2026-01-01,2026-Q1,1,1,0
C-0080,2026-04-01,2026-Q2,1,1,0
C-0081,2025-07-01,2025-Q3,0,1,0
C-0081,2025-10-01,2025-Q4,1,1,0
C-0081,2026-01-01,2026-Q1,1,1,0
C-0081,2026-04-01,2026-Q2,1,1,0
C-0082,2025-07-01,2025-Q3,0,1,0
C-0082,2025-10-01,2025-Q4,1,0,1
C-0082,2026-01-01,2026-Q1,0,1,0
C-0082,2026-04-01,2026-Q2,1,1,0
C-0083,2025-07-01,2025-Q3,0,0,0
C-0083,2025-10-01,2025-Q4,0,0,0
C-0083,2026-01-01,2026-Q1,0,1,0
C-0083,2026-04-01,2026-Q2,1,1,0
C-0084,2025-07-01,2025-Q3,0,0,0
C-0084,2025-10-01,2025-Q4,0,0,0
C-0084,2026-01-01,2026-Q1,0,0,0
C-0084,2026-04-01,2026-Q2,0,1,0
C-0085,2025-07-01,2025-Q3,0,1,0
C-0085,2025-10-01,2025-Q4,1,1,0
C-0085,2026-01-01,2026-Q1,1,1,0
C-0085,2026-04-01,2026-Q2,1,1,0
C-0086,2025-07-01,2025-Q3,0,1,0
C-0086,2025-10-01,2025-Q4,1,1,0
C-0086,2026-01-01,2026-Q1,1,1,0
C-0086,2026-04-01,2026-Q2,1,1,0
C-0087,2025-07-01,2025-Q3,0,0,0
C-0087,2025-10-01,2025-Q4,0,0,0
C-0087,2026-01-01,2026-Q1,0,1,0
C-0087,2026-04-01,2026-Q2,1,1,0
C-0088,2025-07-01,2025-Q3,0,0,0
C-0088,2025-10-01,2025-Q4,0,0,0
C-0088,2026-01-01,2026-Q1,0,0,0
C-0088,2026-04-01,2026-Q2,0,1,0
C-0089,2025-07-01,2025-Q3,0,1,0
C-0089,2025-10-01,2025-Q4,1,1,0
C-0089,2026-01-01,2026-Q1,1,1,0
C-0089,2026-04-01,2026-Q2,1,1,0
C-0090,2025-07-01,2025-Q3,0,1,0
C-0090,2025-10-01,2025-Q4,1,1,0
C-0090,2026-01-01,2026-Q1,1,1,0
C-0090,2026-04-01,2026-Q2,1,1,0
C-0091,2025-07-01,2025-Q3,0,1,0
C-0091,2025-10-01,2025-Q4,1,1,0
C-0091,2026-01-01,2026-Q1,1,1,0
C-0091,2026-04-01,2026-Q2,1,1,0
C-0092,2025-07-01,2025-Q3,0,0,0
C-0092,2025-10-01,2025-Q4,0,0,0
C-0092,2026-01-01,2026-Q1,0,0,0
C-0092,2026-04-01,2026-Q2,0,0,0
C-0093,2025-07-01,2025-Q3,0,1,0
C-0093,2025-10-01,2025-Q4,1,1,0
C-0093,2026-01-01,2026-Q1,1,1,0
C-0093,2026-04-01,2026-Q2,1,1,0
C-0094,2025-07-01,2025-Q3,0,1,0
C-0094,2025-10-01,2025-Q4,1,1,0
C-0094,2026-01-01,2026-Q1,1,0,1
C-0094,2026-04-01,2026-Q2,0,0,0
C-0095,2025-07-01,2025-Q3,0,1,0
C-0095,2025-10-01,2025-Q4,1,1,0
C-0095,2026-01-01,2026-Q1,1,1,0
C-0095,2026-04-01,2026-Q2,1,1,0
C-0096,2025-07-01,2025-Q3,0,1,0
C-0096,2025-10-01,2025-Q4,1,1,0
C-0096,2026-01-01,2026-Q1,1,1,0
C-0096,2026-04-01,2026-Q2,1,1,0
C-0097,2025-07-01,2025-Q3,0,0,0
C-0097,2025-10-01,2025-Q4,0,0,0
C-0097,2026-01-01,2026-Q1,0,1,0
C-0097,2026-04-01,2026-Q2,1,1,0
C-0098,2025-07-01,2025-Q3,0,0,0
C-0098,2025-10-01,2025-Q4,0,0,0
C-0098,2026-01-01,2026-Q1,0,1,0
C-0098,2026-04-01,2026-Q2,1,1,0
C-0099,2025-07-01,2025-Q3,0,1,0
C-0099,2025-10-01,2025-Q4,1,1,0
C-0099,2026-01-01,2026-Q1,1,1,0
C-0099,2026-04-01,2026-Q2,1,1,0
C-0100,2025-07-01,2025-Q3,0,1,0
C-0100,2025-10-01,2025-Q4,1,1,0
C-0100,2026-01-01,2026-Q1,1,1,0
C-0100,2026-04-01,2026-Q2,1,1,0
C-0101,2025-07-01,2025-Q3,0,0,0
C-0101,2025-10-01,2025-Q4,0,1,0
C-0101,2026-01-01,2026-Q1,1,1,0
C-0101,2026-04-01,2026-Q2,1,0,1
C-0102,2025-07-01,2025-Q3,0,0,0
C-0102,2025-10-01,2025-Q4,0,1,0
C-0102,2026-01-01,2026-Q1,1,1,0
C-0102,2026-04-01,2026-Q2,1,1,0
C-0103,2025-07-01,2025-Q3,0,1,0
C-0103,2025-10-01,2025-Q4,1,1,0
C-0103,2026-01-01,2026-Q1,1,1,0
C-0103,2026-04-01,2026-Q2,1,1,0
C-0104,2025-07-01,2025-Q3,0,0,0
C-0104,2025-10-01,2025-Q4,0,0,0
C-0104,2026-01-01,2026-Q1,0,0,0
C-0104,2026-04-01,2026-Q2,0,0,0
C-0105,2025-07-01,2025-Q3,0,0,0
C-0105,2025-10-01,2025-Q4,0,1,0
C-0105,2026-01-01,2026-Q1,1,1,0
C-0105,2026-04-01,2026-Q2,1,1,0
C-0106,2025-07-01,2025-Q3,0,0,0
C-0106,2025-10-01,2025-Q4,0,0,0
C-0106,2026-01-01,2026-Q1,0,0,0
C-0106,2026-04-01,2026-Q2,0,1,0
C-0107,2025-07-01,2025-Q3,0,1,0
C-0107,2025-10-01,2025-Q4,1,1,0
C-0107,2026-01-01,2026-Q1,1,1,0
C-0107,2026-04-01,2026-Q2,1,1,0
C-0108,2025-07-01,2025-Q3,0,1,0
C-0108,2025-10-01,2025-Q4,1,1,0
C-0108,2026-01-01,2026-Q1,1,1,0
C-0108,2026-04-01,2026-Q2,1,1,0
C-0109,2025-07-01,2025-Q3,0,1,0
C-0109,2025-10-01,2025-Q4,1,1,0
C-0109,2026-01-01,2026-Q1,1,1,0
C-0109,2026-04-01,2026-Q2,1,1,0
C-0110,2025-07-01,2025-Q3,0,1,0
C-0110,2025-10-01,2025-Q4,1,1,0
C-0110,2026-01-01,2026-Q1,1,1,0
C-0110,2026-04-01,2026-Q2,1,1,0
C-0111,2025-07-01,2025-Q3,0,1,0
C-0111,2025-10-01,2025-Q4,1,1,0
C-0111,2026-01-01,2026-Q1,1,1,0
C-0111,2026-04-01,2026-Q2,1,1,0
C-0112,2025-07-01,2025-Q3,0,1,0
C-0112,2025-10-01,2025-Q4,1,1,0
C-0112,2026-01-01,2026-Q1,1,1,0
C-0112,2026-04-01,2026-Q2,1,1,0
C-0113,2025-07-01,2025-Q3,0,1,0
C-0113,2025-10-01,2025-Q4,1,1,0
C-0113,2026-01-01,2026-Q1,1,1,0
C-0113,2026-04-01,2026-Q2,1,0,1
C-0114,2025-07-01,2025-Q3,0,1,0
C-0114,2025-10-01,2025-Q4,1,1,0
C-0114,2026-01-01,2026-Q1,1,1,0
C-0114,2026-04-01,2026-Q2,1,1,0
C-0115,2025-07-01,2025-Q3,0,1,0
C-0115,2025-10-01,2025-Q4,1,1,0
C-0115,2026-01-01,2026-Q1,1,1,0
C-0115,2026-04-01,2026-Q2,1,1,0
C-0116,2025-07-01,2025-Q3,0,1,0
C-0116,2025-10-01,2025-Q4,1,1,0
C-0116,2026-01-01,2026-Q1,1,1,0
C-0116,2026-04-01,2026-Q2,1,0,1
C-0117,2025-07-01,2025-Q3,0,0,0
C-0117,2025-10-01,2025-Q4,0,1,0
C-0117,2026-01-01,2026-Q1,1,1,0
C-0117,2026-04-01,2026-Q2,1,1,0
C-0118,2025-07-01,2025-Q3,0,1,0
C-0118,2025-10-01,2025-Q4,1,1,0
C-0118,2026-01-01,2026-Q1,1,1,0
C-0118,2026-04-01,2026-Q2,1,1,0
C-0119,2025-07-01,2025-Q3,0,0,0
C-0119,2025-10-01,2025-Q4,0,0,0
C-0119,2026-01-01,2026-Q1,0,1,0
C-0119,2026-04-01,2026-Q2,1,0,1
C-0120,2025-07-01,2025-Q3,0,0,0
C-0120,2025-10-01,2025-Q4,0,1,0
C-0120,2026-01-01,2026-Q1,1,1,0
C-0120,2026-04-01,2026-Q2,1,1,0
C-0121,2025-07-01,2025-Q3,0,1,0
C-0121,2025-10-01,2025-Q4,1,0,1
C-0121,2026-01-01,2026-Q1,0,1,0
C-0121,2026-04-01,2026-Q2,1,1,0
C-0122,2025-07-01,2025-Q3,0,0,0
C-0122,2025-10-01,2025-Q4,0,0,0
C-0122,2026-01-01,2026-Q1,0,1,0
C-0122,2026-04-01,2026-Q2,1,1,0
C-0123,2025-07-01,2025-Q3,0,1,0
C-0123,2025-10-01,2025-Q4,1,1,0
C-0123,2026-01-01,2026-Q1,1,1,0
C-0123,2026-04-01,2026-Q2,1,1,0
C-0124,2025-07-01,2025-Q3,0,1,0
C-0124,2025-10-01,2025-Q4,1,1,0
C-0124,2026-01-01,2026-Q1,1,1,0
C-0124,2026-04-01,2026-Q2,1,1,0
C-0125,2025-07-01,2025-Q3,0,1,0
C-0125,2025-10-01,2025-Q4,1,1,0
C-0125,2026-01-01,2026-Q1,1,1,0
C-0125,2026-04-01,2026-Q2,1,1,0
C-0126,2025-07-01,2025-Q3,0,1,0
C-0126,2025-10-01,2025-Q4,1,1,0
C-0126,2026-01-01,2026-Q1,1,1,0
C-0126,2026-04-01,2026-Q2,1,1,0
C-0127,2025-07-01,2025-Q3,0,1,0
C-0127,2025-10-01,2025-Q4,1,1,0
C-0127,2026-01-01,2026-Q1,1,1,0
C-0127,2026-04-01,2026-Q2,1,1,0
C-0128,2025-07-01,2025-Q3,0,0,0
C-0128,2025-10-01,2025-Q4,0,0,0
C-0128,2026-01-01,2026-Q1,0,0,0
C-0128,2026-04-01,2026-Q2,0,0,0
C-0129,2025-07-01,2025-Q3,0,0,0
C-0129,2025-10-01,2025-Q4,0,0,0
C-0129,2026-01-01,2026-Q1,0,1,0
C-0129,2026-04-01,2026-Q2,1,1,0
C-0130,2025-07-01,2025-Q3,0,1,0
C-0130,2025-10-01,2025-Q4,1,1,0
C-0130,2026-01-01,2026-Q1,1,1,0
C-0130,2026-04-01,2026-Q2,1,1,0
C-0131,2025-07-01,2025-Q3,0,0,0
C-0131,2025-10-01,2025-Q4,0,1,0
C-0131,2026-01-01,2026-Q1,1,1,0
C-0131,2026-04-01,2026-Q2,1,1,0
C-0132,2025-07-01,2025-Q3,0,1,0
C-0132,2025-10-01,2025-Q4,1,1,0
C-0132,2026-01-01,2026-Q1,1,1,0
C-0132,2026-04-01,2026-Q2,1,1,0
C-0133,2025-07-01,2025-Q3,0,1,0
C-0133,2025-10-01,2025-Q4,1,1,0
C-0133,2026-01-01,2026-Q1,1,1,0
C-0133,2026-04-01,2026-Q2,1,1,0
C-0134,2025-07-01,2025-Q3,0,1,0
C-0134,2025-10-01,2025-Q4,1,1,0
C-0134,2026-01-01,2026-Q1,1,0,1
C-0134,2026-04-01,2026-Q2,0,1,0
C-0135,2025-07-01,2025-Q3,0,0,0
C-0135,2025-10-01,2025-Q4,0,1,0
C-0135,2026-01-01,2026-Q1,1,1,0
C-0135,2026-04-01,2026-Q2,1,1,0
C-0136,2025-07-01,2025-Q3,0,1,0
C-0136,2025-10-01,2025-Q4,1,0,1
C-0136,2026-01-01,2026-Q1,0,1,0
C-0136,2026-04-01,2026-Q2,1,1,0
C-0137,2025-07-01,2025-Q3,0,1,0
C-0137,2025-10-01,2025-Q4,1,1,0
C-0137,2026-01-01,2026-Q1,1,0,1
C-0137,2026-04-01,2026-Q2,0,0,0
C-0138,2025-07-01,2025-Q3,0,1,0
C-0138,2025-10-01,2025-Q4,1,1,0
C-0138,2026-01-01,2026-Q1,1,1,0
C-0138,2026-04-01,2026-Q2,1,1,0
C-0139,2025-07-01,2025-Q3,0,1,0
C-0139,2025-10-01,2025-Q4,1,1,0
C-0139,2026-01-01,2026-Q1,1,1,0
C-0139,2026-04-01,2026-Q2,1,1,0
C-0140,2025-07-01,2025-Q3,0,1,0
C-0140,2025-10-01,2025-Q4,1,1,0
C-0140,2026-01-01,2026-Q1,1,0,1
C-0140,2026-04-01,2026-Q2,0,1,0
C-0141,2025-07-01,2025-Q3,0,1,0
C-0141,2025-10-01,2025-Q4,1,1,0
C-0141,2026-01-01,2026-Q1,1,1,0
C-0141,2026-04-01,2026-Q2,1,1,0
C-0142,2025-07-01,2025-Q3,0,1,0
C-0142,2025-10-01,2025-Q4,1,1,0
C-0142,2026-01-01,2026-Q1,1,1,0
C-0142,2026-04-01,2026-Q2,1,1,0
C-0143,2025-07-01,2025-Q3,0,1,0
C-0143,2025-10-01,2025-Q4,1,1,0
C-0143,2026-01-01,2026-Q1,1,1,0
C-0143,2026-04-01,2026-Q2,1,1,0
C-0144,2025-07-01,2025-Q3,0,1,0
C-0144,2025-10-01,2025-Q4,1,1,0
C-0144,2026-01-01,2026-Q1,1,1,0
C-0144,2026-04-01,2026-Q2,1,0,1
C-0145,2025-07-01,2025-Q3,0,0,0
C-0145,2025-10-01,2025-Q4,0,1,0
C-0145,2026-01-01,2026-Q1,1,1,0
C-0145,2026-04-01,2026-Q2,1,1,0
C-0146,2025-07-01,2025-Q3,0,1,0
C-0146,2025-10-01,2025-Q4,1,1,0
C-0146,2026-01-01,2026-Q1,1,1,0
C-0146,2026-04-01,2026-Q2,1,1,0
C-0147,2025-07-01,2025-Q3,0,1,0
C-0147,2025-10-01,2025-Q4,1,1,0
C-0147,2026-01-01,2026-Q1,1,1,0
C-0147,2026-04-01,2026-Q2,1,1,0
C-0148,2025-07-01,2025-Q3,0,1,0
C-0148,2025-10-01,2025-Q4,1,1,0
C-0148,2026-01-01,2026-Q1,1,1,0
C-0148,2026-04-01,2026-Q2,1,0,1
C-0149,2025-07-01,2025-Q3,0,0,0
C-0149,2025-10-01,2025-Q4,0,1,0
C-0149,2026-01-01,2026-Q1,1,1,0
C-0149,2026-04-01,2026-Q2,1,1,0
C-0150,2025-07-01,2025-Q3,0,1,0
C-0150,2025-10-01,2025-Q4,1,1,0
C-0150,2026-01-01,2026-Q1,1,1,0
C-0150,2026-04-01,2026-Q2,1,0,1
C-0151,2025-07-01,2025-Q3,0,1,0
C-0151,2025-10-01,2025-Q4,1,1,0
C-0151,2026-01-01,2026-Q1,1,1,0
C-0151,2026-04-01,2026-Q2,1,1,0
C-0152,2025-07-01,2025-Q3,0,1,0
C-0152,2025-10-01,2025-Q4,1,1,0
C-0152,2026-01-01,2026-Q1,1,1,0
C-0152,2026-04-01,2026-Q2,1,1,0
C-0153,2025-07-01,2025-Q3,0,1,0
C-0153,2025-10-01,2025-Q4,1,1,0
C-0153,2026-01-01,2026-Q1,1,1,0
C-0153,2026-04-01,2026-Q2,1,1,0
C-0154,2025-07-01,2025-Q3,0,0,0
C-0154,2025-10-01,2025-Q4,0,0,0
C-0154,2026-01-01,2026-Q1,0,1,0
C-0154,2026-04-01,2026-Q2,1,1,0
C-0155,2025-07-01,2025-Q3,0,1,0
C-0155,2025-10-01,2025-Q4,1,1,0
C-0155,2026-01-01,2026-Q1,1,1,0
C-0155,2026-04-01,2026-Q2,1,1,0
C-0156,2025-07-01,2025-Q3,0,0,0
C-0156,2025-10-01,2025-Q4,0,0,0
C-0156,2026-01-01,2026-Q1,0,0,0
C-0156,2026-04-01,2026-Q2,0,1,0
C-0157,2025-07-01,2025-Q3,0,1,0
C-0157,2025-10-01,2025-Q4,1,1,0
C-0157,2026-01-01,2026-Q1,1,1,0
C-0157,2026-04-01,2026-Q2,1,1,0
C-0158,2025-07-01,2025-Q3,0,1,0
C-0158,2025-10-01,2025-Q4,1,1,0
C-0158,2026-01-01,2026-Q1,1,1,0
C-0158,2026-04-01,2026-Q2,1,1,0
C-0159,2025-07-01,2025-Q3,0,1,0
C-0159,2025-10-01,2025-Q4,1,1,0
C-0159,2026-01-01,2026-Q1,1,1,0
C-0159,2026-04-01,2026-Q2,1,1,0
C-0160,2025-07-01,2025-Q3,0,0,0
C-0160,2025-10-01,2025-Q4,0,0,0
C-0160,2026-01-01,2026-Q1,0,0,0
C-0160,2026-04-01,2026-Q2,0,1,0
C-0161,2025-07-01,2025-Q3,0,1,0
C-0161,2025-10-01,2025-Q4,1,1,0
C-0161,2026-01-01,2026-Q1,1,1,0
C-0161,2026-04-01,2026-Q2,1,1,0
C-0162,2025-07-01,2025-Q3,0,1,0
C-0162,2025-10-01,2025-Q4,1,1,0
C-0162,2026-01-01,2026-Q1,1,1,0
C-0162,2026-04-01,2026-Q2,1,1,0
C-0163,2025-07-01,2025-Q3,0,0,0
C-0163,2025-10-01,2025-Q4,0,0,0
C-0163,2026-01-01,2026-Q1,0,0,0
C-0163,2026-04-01,2026-Q2,0,1,0
C-0164,2025-07-01,2025-Q3,0,0,0
C-0164,2025-10-01,2025-Q4,0,0,0
C-0164,2026-01-01,2026-Q1,0,1,0
C-0164,2026-04-01,2026-Q2,1,1,0
C-0165,2025-07-01,2025-Q3,0,0,0
C-0165,2025-10-01,2025-Q4,0,1,0
C-0165,2026-01-01,2026-Q1,1,1,0
C-0165,2026-04-01,2026-Q2,1,1,0
C-0166,2025-07-01,2025-Q3,0,1,0
C-0166,2025-10-01,2025-Q4,1,1,0
C-0166,2026-01-01,2026-Q1,1,1,0
C-0166,2026-04-01,2026-Q2,1,0,1
C-0167,2025-07-01,2025-Q3,0,0,0
C-0167,2025-10-01,2025-Q4,0,0,0
C-0167,2026-01-01,2026-Q1,0,0,0
C-0167,2026-04-01,2026-Q2,0,1,0
C-0168,2025-07-01,2025-Q3,0,0,0
C-0168,2025-10-01,2025-Q4,0,0,0
C-0168,2026-01-01,2026-Q1,0,1,0
C-0168,2026-04-01,2026-Q2,1,1,0
C-0169,2025-07-01,2025-Q3,0,1,0
C-0169,2025-10-01,2025-Q4,1,1,0
C-0169,2026-01-01,2026-Q1,1,1,0
C-0169,2026-04-01,2026-Q2,1,1,0
C-0170,2025-07-01,2025-Q3,0,1,0
C-0170,2025-10-01,2025-Q4,1,1,0
C-0170,2026-01-01,2026-Q1,1,1,0
C-0170,2026-04-01,2026-Q2,1,0,1
C-0171,2025-07-01,2025-Q3,0,1,0
C-0171,2025-10-01,2025-Q4,1,1,0
C-0171,2026-01-01,2026-Q1,1,1,0
C-0171,2026-04-01,2026-Q2,1,1,0
C-0172,2025-07-01,2025-Q3,0,1,0
C-0172,2025-10-01,2025-Q4,1,1,0
C-0172,2026-01-01,2026-Q1,1,1,0
C-0172,2026-04-01,2026-Q2,1,1,0
C-0173,2025-07-01,2025-Q3,0,0,0
C-0173,2025-10-01,2025-Q4,0,0,0
C-0173,2026-01-01,2026-Q1,0,0,0
C-0173,2026-04-01,2026-Q2,0,0,0
C-0174,2025-07-01,2025-Q3,0,0,0
C-0174,2025-10-01,2025-Q4,0,1,0
C-0174,2026-01-01,2026-Q1,1,1,0
C-0174,2026-04-01,2026-Q2,1,0,1
C-0175,2025-07-01,2025-Q3,0,1,0
C-0175,2025-10-01,2025-Q4,1,1,0
C-0175,2026-01-01,2026-Q1,1,1,0
C-0175,2026-04-01,2026-Q2,1,1,0
C-0176,2025-07-01,2025-Q3,0,1,0
C-0176,2025-10-01,2025-Q4,1,1,0
C-0176,2026-01-01,2026-Q1,1,1,0
C-0176,2026-04-01,2026-Q2,1,1,0
C-0177,2025-07-01,2025-Q3,0,0,0
C-0177,2025-10-01,2025-Q4,0,0,0
C-0177,2026-01-01,2026-Q1,0,0,0
C-0177,2026-04-01,2026-Q2,0,1,0
C-0178,2025-07-01,2025-Q3,0,0,0
C-0178,2025-10-01,2025-Q4,0,0,0
C-0178,2026-01-01,2026-Q1,0,1,0
C-0178,2026-04-01,2026-Q2,1,1,0
C-0179,2025-07-01,2025-Q3,0,1,0
C-0179,2025-10-01,2025-Q4,1,1,0
C-0179,2026-01-01,2026-Q1,1,0,1
C-0179,2026-04-01,2026-Q2,0,0,0
C-0180,2025-07-01,2025-Q3,0,1,0
C-0180,2025-10-01,2025-Q4,1,1,0
C-0180,2026-01-01,2026-Q1,1,1,0
C-0180,2026-04-01,2026-Q2,1,1,0
C-0181,2025-07-01,2025-Q3,0,0,0
C-0181,2025-10-01,2025-Q4,0,1,0
C-0181,2026-01-01,2026-Q1,1,1,0
C-0181,2026-04-01,2026-Q2,1,1,0
C-0182,2025-07-01,2025-Q3,0,0,0
C-0182,2025-10-01,2025-Q4,0,0,0
C-0182,2026-01-01,2026-Q1,0,0,0
C-0182,2026-04-01,2026-Q2,0,1,0
C-0183,2025-07-01,2025-Q3,0,1,0
C-0183,2025-10-01,2025-Q4,1,0,1
C-0183,2026-01-01,2026-Q1,0,0,0
C-0183,2026-04-01,2026-Q2,0,0,0
C-0184,2025-07-01,2025-Q3,0,1,0
C-0184,2025-10-01,2025-Q4,1,1,0
C-0184,2026-01-01,2026-Q1,1,1,0
C-0184,2026-04-01,2026-Q2,1,1,0
C-0185,2025-07-01,2025-Q3,0,1,0
C-0185,2025-10-01,2025-Q4,1,1,0
C-0185,2026-01-01,2026-Q1,1,1,0
C-0185,2026-04-01,2026-Q2,1,1,0
C-0186,2025-07-01,2025-Q3,0,1,0
C-0186,2025-10-01,2025-Q4,1,1,0
C-0186,2026-01-01,2026-Q1,1,1,0
C-0186,2026-04-01,2026-Q2,1,1,0
C-0187,2025-07-01,2025-Q3,0,1,0
C-0187,2025-10-01,2025-Q4,1,1,0
C-0187,2026-01-01,2026-Q1,1,1,0
C-0187,2026-04-01,2026-Q2,1,1,0
C-0188,2025-07-01,2025-Q3,0,0,0
C-0188,2025-10-01,2025-Q4,0,0,0
C-0188,2026-01-01,2026-Q1,0,1,0
C-0188,2026-04-01,2026-Q2,1,0,1
C-0189,2025-07-01,2025-Q3,0,0,0
C-0189,2025-10-01,2025-Q4,0,1,0
C-0189,2026-01-01,2026-Q1,1,1,0
C-0189,2026-04-01,2026-Q2,1,1,0
C-0190,2025-07-01,2025-Q3,0,1,0
C-0190,2025-10-01,2025-Q4,1,1,0
C-0190,2026-01-01,2026-Q1,1,1,0
C-0190,2026-04-01,2026-Q2,1,1,0
C-0191,2025-07-01,2025-Q3,0,1,0
C-0191,2025-10-01,2025-Q4,1,1,0
C-0191,2026-01-01,2026-Q1,1,1,0
C-0191,2026-04-01,2026-Q2,1,1,0
C-0192,2025-07-01,2025-Q3,0,1,0
C-0192,2025-10-01,2025-Q4,1,1,0
C-0192,2026-01-01,2026-Q1,1,1,0
C-0192,2026-04-01,2026-Q2,1,1,0
C-0193,2025-07-01,2025-Q3,0,1,0
C-0193,2025-10-01,2025-Q4,1,1,0
C-0193,2026-01-01,2026-Q1,1,1,0
C-0193,2026-04-01,2026-Q2,1,1,0
C-0194,2025-07-01,2025-Q3,0,1,0
C-0194,2025-10-01,2025-Q4,1,1,0
C-0194,2026-01-01,2026-Q1,1,1,0
C-0194,2026-04-01,2026-Q2,1,1,0
C-0195,2025-07-01,2025-Q3,0,1,0
C-0195,2025-10-01,2025-Q4,1,1,0
C-0195,2026-01-01,2026-Q1,1,1,0
C-0195,2026-04-01,2026-Q2,1,1,0
C-0196,2025-07-01,2025-Q3,0,1,0
C-0196,2025-10-01,2025-Q4,1,1,0
C-0196,2026-01-01,2026-Q1,1,1,0
C-0196,2026-04-01,2026-Q2,1,1,0
C-0197,2025-07-01,2025-Q3,0,0,0
C-0197,2025-10-01,2025-Q4,0,0,0
C-0197,2026-01-01,2026-Q1,0,1,0
C-0197,2026-04-01,2026-Q2,1,1,0
C-0198,2025-07-01,2025-Q3,0,1,0
C-0198,2025-10-01,2025-Q4,1,1,0
C-0198,2026-01-01,2026-Q1,1,1,0
C-0198,2026-04-01,2026-Q2,1,1,0
C-0199,2025-07-01,2025-Q3,0,1,0
C-0199,2025-10-01,2025-Q4,1,1,0
C-0199,2026-01-01,2026-Q1,1,1,0
C-0199,2026-04-01,2026-Q2,1,1,0
C-0200,2025-07-01,2025-Q3,0,0,0
C-0200,2025-10-01,2025-Q4,0,0,0
C-0200,2026-01-01,2026-Q1,0,0,0
C-0200,2026-04-01,2026-Q2,0,1,0
C-0201,2025-07-01,2025-Q3,0,1,0
C-0201,2025-10-01,2025-Q4,1,1,0
C-0201,2026-01-01,2026-Q1,1,1,0
C-0201,2026-04-01,2026-Q2,1,1,0
C-0202,2025-07-01,2025-Q3,0,0,0
C-0202,2025-10-01,2025-Q4,0,0,0
C-0202,2026-01-01,2026-Q1,0,0,0
C-0202,2026-04-01,2026-Q2,0,1,0
C-0203,2025-07-01,2025-Q3,0,0,0
C-0203,2025-10-01,2025-Q4,0,0,0
C-0203,2026-01-01,2026-Q1,0,0,0
C-0203,2026-04-01,2026-Q2,0,1,0
C-0204,2025-07-01,2025-Q3,0,1,0
C-0204,2025-10-01,2025-Q4,1,0,1
C-0204,2026-01-01,2026-Q1,0,0,0
C-0204,2026-04-01,2026-Q2,0,0,0
C-0205,2025-07-01,2025-Q3,0,1,0
C-0205,2025-10-01,2025-Q4,1,1,0
C-0205,2026-01-01,2026-Q1,1,1,0
C-0205,2026-04-01,2026-Q2,1,1,0
C-0206,2025-07-01,2025-Q3,0,1,0
C-0206,2025-10-01,2025-Q4,1,1,0
C-0206,2026-01-01,2026-Q1,1,1,0
C-0206,2026-04-01,2026-Q2,1,1,0
C-0207,2025-07-01,2025-Q3,0,1,0
C-0207,2025-10-01,2025-Q4,1,1,0
C-0207,2026-01-01,2026-Q1,1,1,0
C-0207,2026-04-01,2026-Q2,1,0,1
C-0208,2025-07-01,2025-Q3,0,1,0
C-0208,2025-10-01,2025-Q4,1,1,0
C-0208,2026-01-01,2026-Q1,1,1,0
C-0208,2026-04-01,2026-Q2,1,1,0
C-0209,2025-07-01,2025-Q3,0,1,0
C-0209,2025-10-01,2025-Q4,1,1,0
C-0209,2026-01-01,2026-Q1,1,1,0
C-0209,2026-04-01,2026-Q2,1,1,0
C-0210,2025-07-01,2025-Q3,0,1,0
C-0210,2025-10-01,2025-Q4,1,1,0
C-0210,2026-01-01,2026-Q1,1,1,0
C-0210,2026-04-01,2026-Q2,1,1,0
C-0211,2025-07-01,2025-Q3,0,1,0
C-0211,2025-10-01,2025-Q4,1,1,0
C-0211,2026-01-01,2026-Q1,1,1,0
C-0211,2026-04-01,2026-Q2,1,1,0
C-0212,2025-07-01,2025-Q3,0,1,0
C-0212,2025-10-01,2025-Q4,1,1,0
C-0212,2026-01-01,2026-Q1,1,1,0
C-0212,2026-04-01,2026-Q2,1,1,0
C-0213,2025-07-01,2025-Q3,0,1,0
C-0213,2025-10-01,2025-Q4,1,1,0
C-0213,2026-01-01,2026-Q1,1,1,0
C-0213,2026-04-01,2026-Q2,1,1,0
C-0214,2025-07-01,2025-Q3,0,1,0
C-0214,2025-10-01,2025-Q4,1,1,0
C-0214,2026-01-01,2026-Q1,1,1,0
C-0214,2026-04-01,2026-Q2,1,0,1
C-0215,2025-07-01,2025-Q3,0,1,0
C-0215,2025-10-01,2025-Q4,1,1,0
C-0215,2026-01-01,2026-Q1,1,1,0
C-0215,2026-04-01,2026-Q2,1,1,0
C-0216,2025-07-01,2025-Q3,0,1,0
C-0216,2025-10-01,2025-Q4,1,1,0
C-0216,2026-01-01,2026-Q1,1,1,0
C-0216,2026-04-01,2026-Q2,1,1,0
C-0217,2025-07-01,2025-Q3,0,1,0
C-0217,2025-10-01,2025-Q4,1,1,0
C-0217,2026-01-01,2026-Q1,1,1,0
C-0217,2026-04-01,2026-Q2,1,1,0
C-0218,2025-07-01,2025-Q3,0,0,0
C-0218,2025-10-01,2025-Q4,0,0,0
C-0218,2026-01-01,2026-Q1,0,1,0
C-0218,2026-04-01,2026-Q2,1,1,0
C-0219,2025-07-01,2025-Q3,0,1,0
C-0219,2025-10-01,2025-Q4,1,1,0
C-0219,2026-01-01,2026-Q1,1,1,0
C-0219,2026-04-01,2026-Q2,1,1,0
C-0220,2025-07-01,2025-Q3,0,1,0
C-0220,2025-10-01,2025-Q4,1,1,0
C-0220,2026-01-01,2026-Q1,1,1,0
C-0220,2026-04-01,2026-Q2,1,0,1
C-0221,2025-07-01,2025-Q3,0,0,0
C-0221,2025-10-01,2025-Q4,0,0,0
C-0221,2026-01-01,2026-Q1,0,1,0
C-0221,2026-04-01,2026-Q2,1,1,0
C-0222,2025-07-01,2025-Q3,0,1,0
C-0222,2025-10-01,2025-Q4,1,1,0
C-0222,2026-01-01,2026-Q1,1,1,0
C-0222,2026-04-01,2026-Q2,1,1,0
C-0223,2025-07-01,2025-Q3,0,1,0
C-0223,2025-10-01,2025-Q4,1,1,0
C-0223,2026-01-01,2026-Q1,1,1,0
C-0223,2026-04-01,2026-Q2,1,1,0
C-0224,2025-07-01,2025-Q3,0,1,0
C-0224,2025-10-01,2025-Q4,1,1,0
C-0224,2026-01-01,2026-Q1,1,1,0
C-0224,2026-04-01,2026-Q2,1,1,0
C-0225,2025-07-01,2025-Q3,0,1,0
C-0225,2025-10-01,2025-Q4,1,1,0
C-0225,2026-01-01,2026-Q1,1,1,0
C-0225,2026-04-01,2026-Q2,1,1,0
C-0226,2025-07-01,2025-Q3,0,1,0
C-0226,2025-10-01,2025-Q4,1,1,0
C-0226,2026-01-01,2026-Q1,1,1,0
C-0226,2026-04-01,2026-Q2,1,1,0
C-0227,2025-07-01,2025-Q3,0,1,0
C-0227,2025-10-01,2025-Q4,1,1,0
C-0227,2026-01-01,2026-Q1,1,1,0
C-0227,2026-04-01,2026-Q2,1,1,0
C-0228,2025-07-01,2025-Q3,0,0,0
C-0228,2025-10-01,2025-Q4,0,0,0
C-0228,2026-01-01,2026-Q1,0,0,0
C-0228,2026-04-01,2026-Q2,0,1,0
C-0229,2025-07-01,2025-Q3,0,1,0
C-0229,2025-10-01,2025-Q4,1,1,0
C-0229,2026-01-01,2026-Q1,1,1,0
C-0229,2026-04-01,2026-Q2,1,1,0
C-0230,2025-07-01,2025-Q3,0,0,0
C-0230,2025-10-01,2025-Q4,0,1,0
C-0230,2026-01-01,2026-Q1,1,1,0
C-0230,2026-04-01,2026-Q2,1,1,0
C-0231,2025-07-01,2025-Q3,0,0,0
C-0231,2025-10-01,2025-Q4,0,0,0
C-0231,2026-01-01,2026-Q1,0,1,0
C-0231,2026-04-01,2026-Q2,1,1,0
C-0232,2025-07-01,2025-Q3,0,1,0
C-0232,2025-10-01,2025-Q4,1,0,1
C-0232,2026-01-01,2026-Q1,0,0,0
C-0232,2026-04-01,2026-Q2,0,1,0
C-0233,2025-07-01,2025-Q3,0,0,0
C-0233,2025-10-01,2025-Q4,0,0,0
C-0233,2026-01-01,2026-Q1,0,1,0
C-0233,2026-04-01,2026-Q2,1,1,0
C-0234,2025-07-01,2025-Q3,0,0,0
C-0234,2025-10-01,2025-Q4,0,1,0
C-0234,2026-01-01,2026-Q1,1,1,0
C-0234,2026-04-01,2026-Q2,1,1,0
C-0235,2025-07-01,2025-Q3,0,1,0
C-0235,2025-10-01,2025-Q4,1,1,0
C-0235,2026-01-01,2026-Q1,1,1,0
C-0235,2026-04-01,2026-Q2,1,1,0
C-0236,2025-07-01,2025-Q3,0,1,0
C-0236,2025-10-01,2025-Q4,1,1,0
C-0236,2026-01-01,2026-Q1,1,0,1
C-0236,2026-04-01,2026-Q2,0,0,0
C-0237,2025-07-01,2025-Q3,0,1,0
C-0237,2025-10-01,2025-Q4,1,1,0
C-0237,2026-01-01,2026-Q1,1,0,1
C-0237,2026-04-01,2026-Q2,0,1,0
C-0238,2025-07-01,2025-Q3,0,1,0
C-0238,2025-10-01,2025-Q4,1,1,0
C-0238,2026-01-01,2026-Q1,1,1,0
C-0238,2026-04-01,2026-Q2,1,1,0
C-0239,2025-07-01,2025-Q3,0,1,0
C-0239,2025-10-01,2025-Q4,1,1,0
C-0239,2026-01-01,2026-Q1,1,1,0
C-0239,2026-04-01,2026-Q2,1,1,0
C-0240,2025-07-01,2025-Q3,0,0,0
C-0240,2025-10-01,2025-Q4,0,0,0
C-0240,2026-01-01,2026-Q1,0,1,0
C-0240,2026-04-01,2026-Q2,1,1,0
C-0241,2025-07-01,2025-Q3,0,0,0
C-0241,2025-10-01,2025-Q4,0,0,0
C-0241,2026-01-01,2026-Q1,0,0,0
C-0241,2026-04-01,2026-Q2,0,1,0
C-0242,2025-07-01,2025-Q3,0,1,0
C-0242,2025-10-01,2025-Q4,1,1,0
C-0242,2026-01-01,2026-Q1,1,1,0
C-0242,2026-04-01,2026-Q2,1,1,0
C-0243,2025-07-01,2025-Q3,0,0,0
C-0243,2025-10-01,2025-Q4,0,0,0
C-0243,2026-01-01,2026-Q1,0,1,0
C-0243,2026-04-01,2026-Q2,1,1,0
C-0244,2025-07-01,2025-Q3,0,0,0
C-0244,2025-10-01,2025-Q4,0,0,0
C-0244,2026-01-01,2026-Q1,0,0,0
C-0244,2026-04-01,2026-Q2,0,1,0
C-0245,2025-07-01,2025-Q3,0,1,0
C-0245,2025-10-01,2025-Q4,1,1,0
C-0245,2026-01-01,2026-Q1,1,1,0
C-0245,2026-04-01,2026-Q2,1,1,0
C-0246,2025-07-01,2025-Q3,0,0,0
C-0246,2025-10-01,2025-Q4,0,0,0
C-0246,2026-01-01,2026-Q1,0,0,0
C-0246,2026-04-01,2026-Q2,0,1,0
C-0247,2025-07-01,2025-Q3,0,0,0
C-0247,2025-10-01,2025-Q4,0,0,0
C-0247,2026-01-01,2026-Q1,0,0,0
C-0247,2026-04-01,2026-Q2,0,0,0
C-0248,2025-07-01,2025-Q3,0,0,0
C-0248,2025-10-01,2025-Q4,0,1,0
C-0248,2026-01-01,2026-Q1,1,1,0
C-0248,2026-04-01,2026-Q2,1,1,0
C-0249,2025-07-01,2025-Q3,0,1,0
C-0249,2025-10-01,2025-Q4,1,1,0
C-0249,2026-01-01,2026-Q1,1,1,0
C-0249,2026-04-01,2026-Q2,1,1,0
C-0250,2025-07-01,2025-Q3,0,1,0
C-0250,2025-10-01,2025-Q4,1,1,0
C-0250,2026-01-01,2026-Q1,1,1,0
C-0250,2026-04-01,2026-Q2,1,1,0
C-0251,2025-07-01,2025-Q3,0,0,0
C-0251,2025-10-01,2025-Q4,0,1,0
C-0251,2026-01-01,2026-Q1,1,1,0
C-0251,2026-04-01,2026-Q2,1,0,1
C-0252,2025-07-01,2025-Q3,0,1,0
C-0252,2025-10-01,2025-Q4,1,1,0
C-0252,2026-01-01,2026-Q1,1,1,0
C-0252,2026-04-01,2026-Q2,1,1,0
C-0253,2025-07-01,2025-Q3,0,0,0
C-0253,2025-10-01,2025-Q4,0,0,0
C-0253,2026-01-01,2026-Q1,0,0,0
C-0253,2026-04-01,2026-Q2,0,1,0
C-0254,2025-07-01,2025-Q3,0,1,0
C-0254,2025-10-01,2025-Q4,1,1,0
C-0254,2026-01-01,2026-Q1,1,1,0
C-0254,2026-04-01,2026-Q2,1,1,0
C-0255,2025-07-01,2025-Q3,0,1,0
C-0255,2025-10-01,2025-Q4,1,1,0
C-0255,2026-01-01,2026-Q1,1,1,0
C-0255,2026-04-01,2026-Q2,1,1,0
C-0256,2025-07-01,2025-Q3,0,1,0
C-0256,2025-10-01,2025-Q4,1,1,0
C-0256,2026-01-01,2026-Q1,1,1,0
C-0256,2026-04-01,2026-Q2,1,1,0
C-0257,2025-07-01,2025-Q3,0,0,0
C-0257,2025-10-01,2025-Q4,0,0,0
C-0257,2026-01-01,2026-Q1,0,1,0
C-0257,2026-04-01,2026-Q2,1,1,0
C-0258,2025-07-01,2025-Q3,0,1,0
C-0258,2025-10-01,2025-Q4,1,1,0
C-0258,2026-01-01,2026-Q1,1,1,0
C-0258,2026-04-01,2026-Q2,1,1,0
C-0259,2025-07-01,2025-Q3,0,1,0
C-0259,2025-10-01,2025-Q4,1,1,0
C-0259,2026-01-01,2026-Q1,1,1,0
C-0259,2026-04-01,2026-Q2,1,1,0
C-0260,2025-07-01,2025-Q3,0,1,0
C-0260,2025-10-01,2025-Q4,1,1,0
C-0260,2026-01-01,2026-Q1,1,1,0
C-0260,2026-04-01,2026-Q2,1,1,0
C-0261,2025-07-01,2025-Q3,0,0,0
C-0261,2025-10-01,2025-Q4,0,0,0
C-0261,2026-01-01,2026-Q1,0,0,0
C-0261,2026-04-01,2026-Q2,0,1,0
C-0262,2025-07-01,2025-Q3,0,0,0
C-0262,2025-10-01,2025-Q4,0,0,0
C-0262,2026-01-01,2026-Q1,0,1,0
C-0262,2026-04-01,2026-Q2,1,1,0
C-0263,2025-07-01,2025-Q3,0,0,0
C-0263,2025-10-01,2025-Q4,0,0,0
C-0263,2026-01-01,2026-Q1,0,1,0
C-0263,2026-04-01,2026-Q2,1,1,0
C-0264,2025-07-01,2025-Q3,0,1,0
C-0264,2025-10-01,2025-Q4,1,1,0
C-0264,2026-01-01,2026-Q1,1,1,0
C-0264,2026-04-01,2026-Q2,1,1,0
C-0265,2025-07-01,2025-Q3,0,1,0
C-0265,2025-10-01,2025-Q4,1,1,0
C-0265,2026-01-01,2026-Q1,1,1,0
C-0265,2026-04-01,2026-Q2,1,1,0
C-0266,2025-07-01,2025-Q3,0,1,0
C-0266,2025-10-01,2025-Q4,1,1,0
C-0266,2026-01-01,2026-Q1,1,1,0
C-0266,2026-04-01,2026-Q2,1,1,0
C-0267,2025-07-01,2025-Q3,0,1,0
C-0267,2025-10-01,2025-Q4,1,1,0
C-0267,2026-01-01,2026-Q1,1,1,0
C-0267,2026-04-01,2026-Q2,1,1,0
C-0268,2025-07-01,2025-Q3,0,1,0
C-0268,2025-10-01,2025-Q4,1,1,0
C-0268,2026-01-01,2026-Q1,1,1,0
C-0268,2026-04-01,2026-Q2,1,1,0
C-0269,2025-07-01,2025-Q3,0,1,0
C-0269,2025-10-01,2025-Q4,1,1,0
C-0269,2026-01-01,2026-Q1,1,1,0
C-0269,2026-04-01,2026-Q2,1,1,0
C-0270,2025-07-01,2025-Q3,0,0,0
C-0270,2025-10-01,2025-Q4,0,1,0
C-0270,2026-01-01,2026-Q1,1,1,0
C-0270,2026-04-01,2026-Q2,1,1,0
C-0271,2025-07-01,2025-Q3,0,1,0
C-0271,2025-10-01,2025-Q4,1,1,0
C-0271,2026-01-01,2026-Q1,1,0,1
C-0271,2026-04-01,2026-Q2,0,1,0
C-0272,2025-07-01,2025-Q3,0,1,0
C-0272,2025-10-01,2025-Q4,1,1,0
C-0272,2026-01-01,2026-Q1,1,1,0
C-0272,2026-04-01,2026-Q2,1,1,0
C-0273,2025-07-01,2025-Q3,0,0,0
C-0273,2025-10-01,2025-Q4,0,1,0
C-0273,2026-01-01,2026-Q1,1,1,0
C-0273,2026-04-01,2026-Q2,1,1,0
C-0274,2025-07-01,2025-Q3,0,1,0
C-0274,2025-10-01,2025-Q4,1,1,0
C-0274,2026-01-01,2026-Q1,1,1,0
C-0274,2026-04-01,2026-Q2,1,1,0
C-0275,2025-07-01,2025-Q3,0,1,0
C-0275,2025-10-01,2025-Q4,1,1,0
C-0275,2026-01-01,2026-Q1,1,1,0
C-0275,2026-04-01,2026-Q2,1,1,0
C-0276,2025-07-01,2025-Q3,0,0,0
C-0276,2025-10-01,2025-Q4,0,0,0
C-0276,2026-01-01,2026-Q1,0,1,0
C-0276,2026-04-01,2026-Q2,1,1,0
C-0277,2025-07-01,2025-Q3,0,1,0
C-0277,2025-10-01,2025-Q4,1,1,0
C-0277,2026-01-01,2026-Q1,1,1,0
C-0277,2026-04-01,2026-Q2,1,1,0
C-0278,2025-07-01,2025-Q3,0,1,0
C-0278,2025-10-01,2025-Q4,1,1,0
C-0278,2026-01-01,2026-Q1,1,1,0
C-0278,2026-04-01,2026-Q2,1,1,0
C-0279,2025-07-01,2025-Q3,0,1,0
C-0279,2025-10-01,2025-Q4,1,1,0
C-0279,2026-01-01,2026-Q1,1,1,0
C-0279,2026-04-01,2026-Q2,1,1,0
C-0280,2025-07-01,2025-Q3,0,0,0
C-0280,2025-10-01,2025-Q4,0,0,0
C-0280,2026-01-01,2026-Q1,0,1,0
C-0280,2026-04-01,2026-Q2,1,1,0
C-0281,2025-07-01,2025-Q3,0,1,0
C-0281,2025-10-01,2025-Q4,1,1,0
C-0281,2026-01-01,2026-Q1,1,0,1
C-0281,2026-04-01,2026-Q2,0,0,0
C-0282,2025-07-01,2025-Q3,0,1,0
C-0282,2025-10-01,2025-Q4,1,1,0
C-0282,2026-01-01,2026-Q1,1,1,0
C-0282,2026-04-01,2026-Q2,1,1,0
C-0283,2025-07-01,2025-Q3,0,1,0
C-0283,2025-10-01,2025-Q4,1,1,0
C-0283,2026-01-01,2026-Q1,1,1,0
C-0283,2026-04-01,2026-Q2,1,1,0
C-0284,2025-07-01,2025-Q3,0,1,0
C-0284,2025-10-01,2025-Q4,1,1,0
C-0284,2026-01-01,2026-Q1,1,1,0
C-0284,2026-04-01,2026-Q2,1,0,1
C-0285,2025-07-01,2025-Q3,0,1,0
C-0285,2025-10-01,2025-Q4,1,1,0
C-0285,2026-01-01,2026-Q1,1,1,0
C-0285,2026-04-01,2026-Q2,1,1,0
C-0286,2025-07-01,2025-Q3,0,1,0
C-0286,2025-10-01,2025-Q4,1,1,0
C-0286,2026-01-01,2026-Q1,1,1,0
C-0286,2026-04-01,2026-Q2,1,1,0
C-0287,2025-07-01,2025-Q3,0,1,0
C-0287,2025-10-01,2025-Q4,1,1,0
C-0287,2026-01-01,2026-Q1,1,1,0
C-0287,2026-04-01,2026-Q2,1,1,0
C-0288,2025-07-01,2025-Q3,0,1,0
C-0288,2025-10-01,2025-Q4,1,1,0
C-0288,2026-01-01,2026-Q1,1,1,0
C-0288,2026-04-01,2026-Q2,1,1,0
C-0289,2025-07-01,2025-Q3,0,1,0
C-0289,2025-10-01,2025-Q4,1,1,0
C-0289,2026-01-01,2026-Q1,1,1,0
C-0289,2026-04-01,2026-Q2,1,1,0
C-0290,2025-07-01,2025-Q3,0,1,0
C-0290,2025-10-01,2025-Q4,1,1,0
C-0290,2026-01-01,2026-Q1,1,1,0
C-0290,2026-04-01,2026-Q2,1,1,0
C-0291,2025-07-01,2025-Q3,0,1,0
C-0291,2025-10-01,2025-Q4,1,1,0
C-0291,2026-01-01,2026-Q1,1,1,0
C-0291,2026-04-01,2026-Q2,1,1,0
C-0292,2025-07-01,2025-Q3,0,1,0
C-0292,2025-10-01,2025-Q4,1,1,0
C-0292,2026-01-01,2026-Q1,1,1,0
C-0292,2026-04-01,2026-Q2,1,1,0
C-0293,2025-07-01,2025-Q3,0,0,0
C-0293,2025-10-01,2025-Q4,0,0,0
C-0293,2026-01-01,2026-Q1,0,0,0
C-0293,2026-04-01,2026-Q2,0,0,0
C-0294,2025-07-01,2025-Q3,0,1,0
C-0294,2025-10-01,2025-Q4,1,1,0
C-0294,2026-01-01,2026-Q1,1,1,0
C-0294,2026-04-01,2026-Q2,1,1,0
C-0295,2025-07-01,2025-Q3,0,1,0
C-0295,2025-10-01,2025-Q4,1,1,0
C-0295,2026-01-01,2026-Q1,1,1,0
C-0295,2026-04-01,2026-Q2,1,1,0
C-0296,2025-07-01,2025-Q3,0,0,0
C-0296,2025-10-01,2025-Q4,0,0,0
C-0296,2026-01-01,2026-Q1,0,1,0
C-0296,2026-04-01,2026-Q2,1,1,0
C-0297,2025-07-01,2025-Q3,0,0,0
C-0297,2025-10-01,2025-Q4,0,0,0
C-0297,2026-01-01,2026-Q1,0,0,0
C-0297,2026-04-01,2026-Q2,0,1,0
C-0298,2025-07-01,2025-Q3,0,0,0
C-0298,2025-10-01,2025-Q4,0,0,0
C-0298,2026-01-01,2026-Q1,0,0,0
C-0298,2026-04-01,2026-Q2,0,0,0
C-0299,2025-07-01,2025-Q3,0,0,0
C-0299,2025-10-01,2025-Q4,0,0,0
C-0299,2026-01-01,2026-Q1,0,1,0
C-0299,2026-04-01,2026-Q2,1,1,0
C-0300,2025-07-01,2025-Q3,0,0,0
C-0300,2025-10-01,2025-Q4,0,0,0
C-0300,2026-01-01,2026-Q1,0,0,0
C-0300,2026-04-01,2026-Q2,0,1,0
C-0301,2025-07-01,2025-Q3,0,1,0
C-0301,2025-10-01,2025-Q4,1,1,0
C-0301,2026-01-01,2026-Q1,1,1,0
C-0301,2026-04-01,2026-Q2,1,1,0
C-0302,2025-07-01,2025-Q3,0,0,0
C-0302,2025-10-01,2025-Q4,0,0,0
C-0302,2026-01-01,2026-Q1,0,1,0
C-0302,2026-04-01,2026-Q2,1,1,0
C-0303,2025-07-01,2025-Q3,0,0,0
C-0303,2025-10-01,2025-Q4,0,0,0
C-0303,2026-01-01,2026-Q1,0,0,0
C-0303,2026-04-01,2026-Q2,0,1,0
C-0304,2025-07-01,2025-Q3,0,1,0
C-0304,2025-10-01,2025-Q4,1,1,0
C-0304,2026-01-01,2026-Q1,1,1,0
C-0304,2026-04-01,2026-Q2,1,0,1
C-0305,2025-07-01,2025-Q3,0,1,0
C-0305,2025-10-01,2025-Q4,1,1,0
C-0305,2026-01-01,2026-Q1,1,1,0
C-0305,2026-04-01,2026-Q2,1,1,0
C-0306,2025-07-01,2025-Q3,0,1,0
C-0306,2025-10-01,2025-Q4,1,1,0
C-0306,2026-01-01,2026-Q1,1,1,0
C-0306,2026-04-01,2026-Q2,1,1,0
C-0307,2025-07-01,2025-Q3,0,0,0
C-0307,2025-10-01,2025-Q4,0,0,0
C-0307,2026-01-01,2026-Q1,0,0,0
C-0307,2026-04-01,2026-Q2,0,1,0
C-0308,2025-07-01,2025-Q3,0,0,0
C-0308,2025-10-01,2025-Q4,0,0,0
C-0308,2026-01-01,2026-Q1,0,1,0
C-0308,2026-04-01,2026-Q2,1,1,0
C-0309,2025-07-01,2025-Q3,0,1,0
C-0309,2025-10-01,2025-Q4,1,1,0
C-0309,2026-01-01,2026-Q1,1,1,0
C-0309,2026-04-01,2026-Q2,1,1,0
C-0310,2025-07-01,2025-Q3,0,1,0
C-0310,2025-10-01,2025-Q4,1,1,0
C-0310,2026-01-01,2026-Q1,1,1,0
C-0310,2026-04-01,2026-Q2,1,1,0
C-0311,2025-07-01,2025-Q3,0,1,0
C-0311,2025-10-01,2025-Q4,1,1,0
C-0311,2026-01-01,2026-Q1,1,0,1
C-0311,2026-04-01,2026-Q2,0,1,0
C-0312,2025-07-01,2025-Q3,0,1,0
C-0312,2025-10-01,2025-Q4,1,1,0
C-0312,2026-01-01,2026-Q1,1,1,0
C-0312,2026-04-01,2026-Q2,1,1,0
C-0313,2025-07-01,2025-Q3,0,0,0
C-0313,2025-10-01,2025-Q4,0,0,0
C-0313,2026-01-01,2026-Q1,0,0,0
C-0313,2026-04-01,2026-Q2,0,1,0
C-0314,2025-07-01,2025-Q3,0,1,0
C-0314,2025-10-01,2025-Q4,1,1,0
C-0314,2026-01-01,2026-Q1,1,1,0
C-0314,2026-04-01,2026-Q2,1,1,0
C-0315,2025-07-01,2025-Q3,0,0,0
C-0315,2025-10-01,2025-Q4,0,0,0
C-0315,2026-01-01,2026-Q1,0,1,0
C-0315,2026-04-01,2026-Q2,1,1,0
C-0316,2025-07-01,2025-Q3,0,1,0
C-0316,2025-10-01,2025-Q4,1,1,0
C-0316,2026-01-01,2026-Q1,1,1,0
C-0316,2026-04-01,2026-Q2,1,1,0
C-0317,2025-07-01,2025-Q3,0,0,0
C-0317,2025-10-01,2025-Q4,0,1,0
C-0317,2026-01-01,2026-Q1,1,1,0
C-0317,2026-04-01,2026-Q2,1,1,0
C-0318,2025-07-01,2025-Q3,0,1,0
C-0318,2025-10-01,2025-Q4,1,1,0
C-0318,2026-01-01,2026-Q1,1,1,0
C-0318,2026-04-01,2026-Q2,1,1,0
C-0319,2025-07-01,2025-Q3,0,1,0
C-0319,2025-10-01,2025-Q4,1,1,0
C-0319,2026-01-01,2026-Q1,1,1,0
C-0319,2026-04-01,2026-Q2,1,1,0
C-0320,2025-07-01,2025-Q3,0,0,0
C-0320,2025-10-01,2025-Q4,0,1,0
C-0320,2026-01-01,2026-Q1,1,1,0
C-0320,2026-04-01,2026-Q2,1,1,0
C-0321,2025-07-01,2025-Q3,0,0,0
C-0321,2025-10-01,2025-Q4,0,0,0
C-0321,2026-01-01,2026-Q1,0,1,0
C-0321,2026-04-01,2026-Q2,1,1,0
C-0322,2025-07-01,2025-Q3,0,1,0
C-0322,2025-10-01,2025-Q4,1,1,0
C-0322,2026-01-01,2026-Q1,1,1,0
C-0322,2026-04-01,2026-Q2,1,1,0
C-0323,2025-07-01,2025-Q3,0,1,0
C-0323,2025-10-01,2025-Q4,1,1,0
C-0323,2026-01-01,2026-Q1,1,1,0
C-0323,2026-04-01,2026-Q2,1,1,0
C-0324,2025-07-01,2025-Q3,0,1,0
C-0324,2025-10-01,2025-Q4,1,1,0
C-0324,2026-01-01,2026-Q1,1,1,0
C-0324,2026-04-01,2026-Q2,1,1,0
C-0325,2025-07-01,2025-Q3,0,1,0
C-0325,2025-10-01,2025-Q4,1,1,0
C-0325,2026-01-01,2026-Q1,1,1,0
C-0325,2026-04-01,2026-Q2,1,1,0
C-0326,2025-07-01,2025-Q3,0,1,0
C-0326,2025-10-01,2025-Q4,1,1,0
C-0326,2026-01-01,2026-Q1,1,1,0
C-0326,2026-04-01,2026-Q2,1,1,0
C-0327,2025-07-01,2025-Q3,0,1,0
C-0327,2025-10-01,2025-Q4,1,1,0
C-0327,2026-01-01,2026-Q1,1,1,0
C-0327,2026-04-01,2026-Q2,1,1,0
C-0328,2025-07-01,2025-Q3,0,1,0
C-0328,2025-10-01,2025-Q4,1,1,0
C-0328,2026-01-01,2026-Q1,1,1,0
C-0328,2026-04-01,2026-Q2,1,1,0
C-0329,2025-07-01,2025-Q3,0,0,0
C-0329,2025-10-01,2025-Q4,0,0,0
C-0329,2026-01-01,2026-Q1,0,0,0
C-0329,2026-04-01,2026-Q2,0,0,0
C-0330,2025-07-01,2025-Q3,0,1,0
C-0330,2025-10-01,2025-Q4,1,1,0
C-0330,2026-01-01,2026-Q1,1,1,0
C-0330,2026-04-01,2026-Q2,1,1,0
C-0331,2025-07-01,2025-Q3,0,0,0
C-0331,2025-10-01,2025-Q4,0,0,0
C-0331,2026-01-01,2026-Q1,0,1,0
C-0331,2026-04-01,2026-Q2,1,1,0
C-0332,2025-07-01,2025-Q3,0,1,0
C-0332,2025-10-01,2025-Q4,1,1,0
C-0332,2026-01-01,2026-Q1,1,1,0
C-0332,2026-04-01,2026-Q2,1,1,0
C-0333,2025-07-01,2025-Q3,0,0,0
C-0333,2025-10-01,2025-Q4,0,0,0
C-0333,2026-01-01,2026-Q1,0,0,0
C-0333,2026-04-01,2026-Q2,0,0,0
C-0334,2025-07-01,2025-Q3,0,1,0
C-0334,2025-10-01,2025-Q4,1,0,1
C-0334,2026-01-01,2026-Q1,0,1,0
C-0334,2026-04-01,2026-Q2,1,1,0
C-0335,2025-07-01,2025-Q3,0,1,0
C-0335,2025-10-01,2025-Q4,1,1,0
C-0335,2026-01-01,2026-Q1,1,1,0
C-0335,2026-04-01,2026-Q2,1,1,0
C-0336,2025-07-01,2025-Q3,0,1,0
C-0336,2025-10-01,2025-Q4,1,1,0
C-0336,2026-01-01,2026-Q1,1,0,1
C-0336,2026-04-01,2026-Q2,0,1,0
C-0337,2025-07-01,2025-Q3,0,1,0
C-0337,2025-10-01,2025-Q4,1,1,0
C-0337,2026-01-01,2026-Q1,1,1,0
C-0337,2026-04-01,2026-Q2,1,1,0
C-0338,2025-07-01,2025-Q3,0,1,0
C-0338,2025-10-01,2025-Q4,1,1,0
C-0338,2026-01-01,2026-Q1,1,1,0
C-0338,2026-04-01,2026-Q2,1,1,0
C-0339,2025-07-01,2025-Q3,0,0,0
C-0339,2025-10-01,2025-Q4,0,1,0
C-0339,2026-01-01,2026-Q1,1,1,0
C-0339,2026-04-01,2026-Q2,1,1,0
C-0340,2025-07-01,2025-Q3,0,1,0
C-0340,2025-10-01,2025-Q4,1,1,0
C-0340,2026-01-01,2026-Q1,1,1,0
C-0340,2026-04-01,2026-Q2,1,1,0
C-0341,2025-07-01,2025-Q3,0,1,0
C-0341,2025-10-01,2025-Q4,1,1,0
C-0341,2026-01-01,2026-Q1,1,1,0
C-0341,2026-04-01,2026-Q2,1,1,0
C-0342,2025-07-01,2025-Q3,0,0,0
C-0342,2025-10-01,2025-Q4,0,0,0
C-0342,2026-01-01,2026-Q1,0,1,0
C-0342,2026-04-01,2026-Q2,1,0,1
C-0343,2025-07-01,2025-Q3,0,1,0
C-0343,2025-10-01,2025-Q4,1,1,0
C-0343,2026-01-01,2026-Q1,1,0,1
C-0343,2026-04-01,2026-Q2,0,0,0
C-0344,2025-07-01,2025-Q3,0,1,0
C-0344,2025-10-01,2025-Q4,1,1,0
C-0344,2026-01-01,2026-Q1,1,1,0
C-0344,2026-04-01,2026-Q2,1,1,0
C-0345,2025-07-01,2025-Q3,0,1,0
C-0345,2025-10-01,2025-Q4,1,1,0
C-0345,2026-01-01,2026-Q1,1,1,0
C-0345,2026-04-01,2026-Q2,1,1,0
C-0346,2025-07-01,2025-Q3,0,0,0
C-0346,2025-10-01,2025-Q4,0,0,0
C-0346,2026-01-01,2026-Q1,0,0,0
C-0346,2026-04-01,2026-Q2,0,1,0
C-0347,2025-07-01,2025-Q3,0,1,0
C-0347,2025-10-01,2025-Q4,1,1,0
C-0347,2026-01-01,2026-Q1,1,1,0
C-0347,2026-04-01,2026-Q2,1,1,0
C-0348,2025-07-01,2025-Q3,0,1,0
C-0348,2025-10-01,2025-Q4,1,1,0
C-0348,2026-01-01,2026-Q1,1,1,0
C-0348,2026-04-01,2026-Q2,1,1,0
C-0349,2025-07-01,2025-Q3,0,1,0
C-0349,2025-10-01,2025-Q4,1,1,0
C-0349,2026-01-01,2026-Q1,1,1,0
C-0349,2026-04-01,2026-Q2,1,0,1
C-0350,2025-07-01,2025-Q3,0,1,0
C-0350,2025-10-01,2025-Q4,1,1,0
C-0350,2026-01-01,2026-Q1,1,1,0
C-0350,2026-04-01,2026-Q2,1,1,0
C-0351,2025-07-01,2025-Q3,0,0,0
C-0351,2025-10-01,2025-Q4,0,1,0
C-0351,2026-01-01,2026-Q1,1,1,0
C-0351,2026-04-01,2026-Q2,1,1,0
C-0352,2025-07-01,2025-Q3,0,1,0
C-0352,2025-10-01,2025-Q4,1,1,0
C-0352,2026-01-01,2026-Q1,1,1,0
C-0352,2026-04-01,2026-Q2,1,1,0
C-0353,2025-07-01,2025-Q3,0,1,0
C-0353,2025-10-01,2025-Q4,1,1,0
C-0353,2026-01-01,2026-Q1,1,1,0
C-0353,2026-04-01,2026-Q2,1,1,0
C-0354,2025-07-01,2025-Q3,0,0,0
C-0354,2025-10-01,2025-Q4,0,0,0
C-0354,2026-01-01,2026-Q1,0,0,0
C-0354,2026-04-01,2026-Q2,0,0,0
C-0355,2025-07-01,2025-Q3,0,1,0
C-0355,2025-10-01,2025-Q4,1,1,0
C-0355,2026-01-01,2026-Q1,1,1,0
C-0355,2026-04-01,2026-Q2,1,1,0
C-0356,2025-07-01,2025-Q3,0,1,0
C-0356,2025-10-01,2025-Q4,1,1,0
C-0356,2026-01-01,2026-Q1,1,1,0
C-0356,2026-04-01,2026-Q2,1,1,0
C-0357,2025-07-01,2025-Q3,0,0,0
C-0357,2025-10-01,2025-Q4,0,0,0
C-0357,2026-01-01,2026-Q1,0,0,0
C-0357,2026-04-01,2026-Q2,0,0,0
C-0358,2025-07-01,2025-Q3,0,1,0
C-0358,2025-10-01,2025-Q4,1,0,1
C-0358,2026-01-01,2026-Q1,0,0,0
C-0358,2026-04-01,2026-Q2,0,0,0
C-0359,2025-07-01,2025-Q3,0,1,0
C-0359,2025-10-01,2025-Q4,1,1,0
C-0359,2026-01-01,2026-Q1,1,1,0
C-0359,2026-04-01,2026-Q2,1,1,0
C-0360,2025-07-01,2025-Q3,0,1,0
C-0360,2025-10-01,2025-Q4,1,1,0
C-0360,2026-01-01,2026-Q1,1,1,0
C-0360,2026-04-01,2026-Q2,1,1,0
C-0361,2025-07-01,2025-Q3,0,1,0
C-0361,2025-10-01,2025-Q4,1,1,0
C-0361,2026-01-01,2026-Q1,1,1,0
C-0361,2026-04-01,2026-Q2,1,1,0
C-0362,2025-07-01,2025-Q3,0,0,0
C-0362,2025-10-01,2025-Q4,0,0,0
C-0362,2026-01-01,2026-Q1,0,1,0
C-0362,2026-04-01,2026-Q2,1,1,0
C-0363,2025-07-01,2025-Q3,0,1,0
C-0363,2025-10-01,2025-Q4,1,1,0
C-0363,2026-01-01,2026-Q1,1,1,0
C-0363,2026-04-01,2026-Q2,1,0,1
C-0364,2025-07-01,2025-Q3,0,1,0
C-0364,2025-10-01,2025-Q4,1,1,0
C-0364,2026-01-01,2026-Q1,1,1,0
C-0364,2026-04-01,2026-Q2,1,1,0
C-0365,2025-07-01,2025-Q3,0,1,0
C-0365,2025-10-01,2025-Q4,1,1,0
C-0365,2026-01-01,2026-Q1,1,1,0
C-0365,2026-04-01,2026-Q2,1,1,0
C-0366,2025-07-01,2025-Q3,0,1,0
C-0366,2025-10-01,2025-Q4,1,1,0
C-0366,2026-01-01,2026-Q1,1,1,0
C-0366,2026-04-01,2026-Q2,1,0,1
C-0367,2025-07-01,2025-Q3,0,1,0
C-0367,2025-10-01,2025-Q4,1,1,0
C-0367,2026-01-01,2026-Q1,1,1,0
C-0367,2026-04-01,2026-Q2,1,1,0
C-0368,2025-07-01,2025-Q3,0,1,0
C-0368,2025-10-01,2025-Q4,1,1,0
C-0368,2026-01-01,2026-Q1,1,1,0
C-0368,2026-04-01,2026-Q2,1,1,0
C-0369,2025-07-01,2025-Q3,0,1,0
C-0369,2025-10-01,2025-Q4,1,1,0
C-0369,2026-01-01,2026-Q1,1,1,0
C-0369,2026-04-01,2026-Q2,1,0,1
C-0370,2025-07-01,2025-Q3,0,1,0
C-0370,2025-10-01,2025-Q4,1,1,0
C-0370,2026-01-01,2026-Q1,1,1,0
C-0370,2026-04-01,2026-Q2,1,1,0
C-0371,2025-07-01,2025-Q3,0,1,0
C-0371,2025-10-01,2025-Q4,1,1,0
C-0371,2026-01-01,2026-Q1,1,1,0
C-0371,2026-04-01,2026-Q2,1,1,0
C-0372,2025-07-01,2025-Q3,0,1,0
C-0372,2025-10-01,2025-Q4,1,1,0
C-0372,2026-01-01,2026-Q1,1,1,0
C-0372,2026-04-01,2026-Q2,1,1,0
C-0373,2025-07-01,2025-Q3,0,1,0
C-0373,2025-10-01,2025-Q4,1,1,0
C-0373,2026-01-01,2026-Q1,1,1,0
C-0373,2026-04-01,2026-Q2,1,1,0
C-0374,2025-07-01,2025-Q3,0,1,0
C-0374,2025-10-01,2025-Q4,1,1,0
C-0374,2026-01-01,2026-Q1,1,1,0
C-0374,2026-04-01,2026-Q2,1,1,0
C-0375,2025-07-01,2025-Q3,0,1,0
C-0375,2025-10-01,2025-Q4,1,1,0
C-0375,2026-01-01,2026-Q1,1,1,0
C-0375,2026-04-01,2026-Q2,1,1,0
C-0376,2025-07-01,2025-Q3,0,0,0
C-0376,2025-10-01,2025-Q4,0,1,0
C-0376,2026-01-01,2026-Q1,1,1,0
C-0376,2026-04-01,2026-Q2,1,1,0
C-0377,2025-07-01,2025-Q3,0,0,0
C-0377,2025-10-01,2025-Q4,0,1,0
C-0377,2026-01-01,2026-Q1,1,1,0
C-0377,2026-04-01,2026-Q2,1,1,0
C-0378,2025-07-01,2025-Q3,0,1,0
C-0378,2025-10-01,2025-Q4,1,1,0
C-0378,2026-01-01,2026-Q1,1,1,0
C-0378,2026-04-01,2026-Q2,1,1,0
C-0379,2025-07-01,2025-Q3,0,1,0
C-0379,2025-10-01,2025-Q4,1,1,0
C-0379,2026-01-01,2026-Q1,1,1,0
C-0379,2026-04-01,2026-Q2,1,1,0
C-0380,2025-07-01,2025-Q3,0,1,0
C-0380,2025-10-01,2025-Q4,1,1,0
C-0380,2026-01-01,2026-Q1,1,1,0
C-0380,2026-04-01,2026-Q2,1,1,0
C-0381,2025-07-01,2025-Q3,0,1,0
C-0381,2025-10-01,2025-Q4,1,1,0
C-0381,2026-01-01,2026-Q1,1,1,0
C-0381,2026-04-01,2026-Q2,1,1,0
C-0382,2025-07-01,2025-Q3,0,1,0
C-0382,2025-10-01,2025-Q4,1,1,0
C-0382,2026-01-01,2026-Q1,1,1,0
C-0382,2026-04-01,2026-Q2,1,1,0
C-0383,2025-07-01,2025-Q3,0,1,0
C-0383,2025-10-01,2025-Q4,1,1,0
C-0383,2026-01-01,2026-Q1,1,1,0
C-0383,2026-04-01,2026-Q2,1,1,0
C-0384,2025-07-01,2025-Q3,0,1,0
C-0384,2025-10-01,2025-Q4,1,1,0
C-0384,2026-01-01,2026-Q1,1,1,0
C-0384,2026-04-01,2026-Q2,1,1,0
C-0385,2025-07-01,2025-Q3,0,1,0
C-0385,2025-10-01,2025-Q4,1,1,0
C-0385,2026-01-01,2026-Q1,1,1,0
C-0385,2026-04-01,2026-Q2,1,1,0
C-0386,2025-07-01,2025-Q3,0,1,0
C-0386,2025-10-01,2025-Q4,1,1,0
C-0386,2026-01-01,2026-Q1,1,1,0
C-0386,2026-04-01,2026-Q2,1,1,0
C-0387,2025-07-01,2025-Q3,0,1,0
C-0387,2025-10-01,2025-Q4,1,1,0
C-0387,2026-01-01,2026-Q1,1,1,0
C-0387,2026-04-01,2026-Q2,1,1,0
C-0388,2025-07-01,2025-Q3,0,0,0
C-0388,2025-10-01,2025-Q4,0,1,0
C-0388,2026-01-01,2026-Q1,1,1,0
C-0388,2026-04-01,2026-Q2,1,1,0
C-0389,2025-07-01,2025-Q3,0,1,0
C-0389,2025-10-01,2025-Q4,1,0,1
C-0389,2026-01-01,2026-Q1,0,0,0
C-0389,2026-04-01,2026-Q2,0,0,0
C-0390,2025-07-01,2025-Q3,0,0,0
C-0390,2025-10-01,2025-Q4,0,1,0
C-0390,2026-01-01,2026-Q1,1,1,0
C-0390,2026-04-01,2026-Q2,1,1,0
C-0391,2025-07-01,2025-Q3,0,1,0
C-0391,2025-10-01,2025-Q4,1,1,0
C-0391,2026-01-01,2026-Q1,1,1,0
C-0391,2026-04-01,2026-Q2,1,1,0
C-0392,2025-07-01,2025-Q3,0,1,0
C-0392,2025-10-01,2025-Q4,1,1,0
C-0392,2026-01-01,2026-Q1,1,0,1
C-0392,2026-04-01,2026-Q2,0,0,0
C-0393,2025-07-01,2025-Q3,0,1,0
C-0393,2025-10-01,2025-Q4,1,1,0
C-0393,2026-01-01,2026-Q1,1,1,0
C-0393,2026-04-01,2026-Q2,1,1,0
C-0394,2025-07-01,2025-Q3,0,1,0
C-0394,2025-10-01,2025-Q4,1,1,0
C-0394,2026-01-01,2026-Q1,1,1,0
C-0394,2026-04-01,2026-Q2,1,0,1
C-0395,2025-07-01,2025-Q3,0,1,0
C-0395,2025-10-01,2025-Q4,1,1,0
C-0395,2026-01-01,2026-Q1,1,1,0
C-0395,2026-04-01,2026-Q2,1,1,0
C-0396,2025-07-01,2025-Q3,0,0,0
C-0396,2025-10-01,2025-Q4,0,1,0
C-0396,2026-01-01,2026-Q1,1,1,0
C-0396,2026-04-01,2026-Q2,1,1,0
C-0397,2025-07-01,2025-Q3,0,1,0
C-0397,2025-10-01,2025-Q4,1,1,0
C-0397,2026-01-01,2026-Q1,1,1,0
C-0397,2026-04-01,2026-Q2,1,1,0
C-0398,2025-07-01,2025-Q3,0,1,0
C-0398,2025-10-01,2025-Q4,1,1,0
C-0398,2026-01-01,2026-Q1,1,1,0
C-0398,2026-04-01,2026-Q2,1,1,0
C-0399,2025-07-01,2025-Q3,0,1,0
C-0399,2025-10-01,2025-Q4,1,1,0
C-0399,2026-01-01,2026-Q1,1,1,0
C-0399,2026-04-01,2026-Q2,1,1,0
C-0400,2025-07-01,2025-Q3,0,0,0
C-0400,2025-10-01,2025-Q4,0,0,0
C-0400,2026-01-01,2026-Q1,0,1,0
C-0400,2026-04-01,2026-Q2,1,1,0
C-0401,2025-07-01,2025-Q3,0,0,0
C-0401,2025-10-01,2025-Q4,0,1,0
C-0401,2026-01-01,2026-Q1,1,1,0
C-0401,2026-04-01,2026-Q2,1,1,0
C-0402,2025-07-01,2025-Q3,0,1,0
C-0402,2025-10-01,2025-Q4,1,1,0
C-0402,2026-01-01,2026-Q1,1,1,0
C-0402,2026-04-01,2026-Q2,1,1,0
C-0403,2025-07-01,2025-Q3,0,1,0
C-0403,2025-10-01,2025-Q4,1,1,0
C-0403,2026-01-01,2026-Q1,1,1,0
C-0403,2026-04-01,2026-Q2,1,1,0
C-0404,2025-07-01,2025-Q3,0,0,0
C-0404,2025-10-01,2025-Q4,0,0,0
C-0404,2026-01-01,2026-Q1,0,0,0
C-0404,2026-04-01,2026-Q2,0,0,0
C-0405,2025-07-01,2025-Q3,0,0,0
C-0405,2025-10-01,2025-Q4,0,1,0
C-0405,2026-01-01,2026-Q1,1,1,0
C-0405,2026-04-01,2026-Q2,1,1,0
C-0406,2025-07-01,2025-Q3,0,0,0
C-0406,2025-10-01,2025-Q4,0,0,0
C-0406,2026-01-01,2026-Q1,0,1,0
C-0406,2026-04-01,2026-Q2,1,0,1
C-0407,2025-07-01,2025-Q3,0,1,0
C-0407,2025-10-01,2025-Q4,1,1,0
C-0407,2026-01-01,2026-Q1,1,1,0
C-0407,2026-04-01,2026-Q2,1,1,0
C-0408,2025-07-01,2025-Q3,0,1,0
C-0408,2025-10-01,2025-Q4,1,1,0
C-0408,2026-01-01,2026-Q1,1,1,0
C-0408,2026-04-01,2026-Q2,1,1,0
C-0409,2025-07-01,2025-Q3,0,0,0
C-0409,2025-10-01,2025-Q4,0,0,0
C-0409,2026-01-01,2026-Q1,0,1,0
C-0409,2026-04-01,2026-Q2,1,1,0
C-0410,2025-07-01,2025-Q3,0,1,0
C-0410,2025-10-01,2025-Q4,1,0,1
C-0410,2026-01-01,2026-Q1,0,0,0
C-0410,2026-04-01,2026-Q2,0,0,0
C-0411,2025-07-01,2025-Q3,0,0,0
C-0411,2025-10-01,2025-Q4,0,0,0
C-0411,2026-01-01,2026-Q1,0,0,0
C-0411,2026-04-01,2026-Q2,0,0,0
C-0412,2025-07-01,2025-Q3,0,0,0
C-0412,2025-10-01,2025-Q4,0,0,0
C-0412,2026-01-01,2026-Q1,0,0,0
C-0412,2026-04-01,2026-Q2,0,1,0
C-0413,2025-07-01,2025-Q3,0,0,0
C-0413,2025-10-01,2025-Q4,0,0,0
C-0413,2026-01-01,2026-Q1,0,0,0
C-0413,2026-04-01,2026-Q2,0,1,0
C-0414,2025-07-01,2025-Q3,0,0,0
C-0414,2025-10-01,2025-Q4,0,0,0
C-0414,2026-01-01,2026-Q1,0,0,0
C-0414,2026-04-01,2026-Q2,0,0,0
C-0415,2025-07-01,2025-Q3,0,0,0
C-0415,2025-10-01,2025-Q4,0,0,0
C-0415,2026-01-01,2026-Q1,0,1,0
C-0415,2026-04-01,2026-Q2,1,1,0
C-0416,2025-07-01,2025-Q3,0,1,0
C-0416,2025-10-01,2025-Q4,1,1,0
C-0416,2026-01-01,2026-Q1,1,1,0
C-0416,2026-04-01,2026-Q2,1,1,0
C-0417,2025-07-01,2025-Q3,0,0,0
C-0417,2025-10-01,2025-Q4,0,0,0
C-0417,2026-01-01,2026-Q1,0,1,0
C-0417,2026-04-01,2026-Q2,1,1,0
C-0418,2025-07-01,2025-Q3,0,0,0
C-0418,2025-10-01,2025-Q4,0,0,0
C-0418,2026-01-01,2026-Q1,0,1,0
C-0418,2026-04-01,2026-Q2,1,1,0
C-0419,2025-07-01,2025-Q3,0,0,0
C-0419,2025-10-01,2025-Q4,0,1,0
C-0419,2026-01-01,2026-Q1,1,1,0
C-0419,2026-04-01,2026-Q2,1,1,0
C-0420,2025-07-01,2025-Q3,0,0,0
C-0420,2025-10-01,2025-Q4,0,0,0
C-0420,2026-01-01,2026-Q1,0,0,0
C-0420,2026-04-01,2026-Q2,0,1,0
C-0421,2025-07-01,2025-Q3,0,1,0
C-0421,2025-10-01,2025-Q4,1,1,0
C-0421,2026-01-01,2026-Q1,1,1,0
C-0421,2026-04-01,2026-Q2,1,1,0
C-0422,2025-07-01,2025-Q3,0,0,0
C-0422,2025-10-01,2025-Q4,0,0,0
C-0422,2026-01-01,2026-Q1,0,1,0
C-0422,2026-04-01,2026-Q2,1,1,0
C-0423,2025-07-01,2025-Q3,0,1,0
C-0423,2025-10-01,2025-Q4,1,1,0
C-0423,2026-01-01,2026-Q1,1,1,0
C-0423,2026-04-01,2026-Q2,1,1,0
C-0424,2025-07-01,2025-Q3,0,1,0
C-0424,2025-10-01,2025-Q4,1,1,0
C-0424,2026-01-01,2026-Q1,1,1,0
C-0424,2026-04-01,2026-Q2,1,1,0
C-0425,2025-07-01,2025-Q3,0,0,0
C-0425,2025-10-01,2025-Q4,0,1,0
C-0425,2026-01-01,2026-Q1,1,1,0
C-0425,2026-04-01,2026-Q2,1,1,0
C-0426,2025-07-01,2025-Q3,0,1,0
C-0426,2025-10-01,2025-Q4,1,1,0
C-0426,2026-01-01,2026-Q1,1,1,0
C-0426,2026-04-01,2026-Q2,1,1,0
C-0427,2025-07-01,2025-Q3,0,0,0
C-0427,2025-10-01,2025-Q4,0,1,0
C-0427,2026-01-01,2026-Q1,1,1,0
C-0427,2026-04-01,2026-Q2,1,1,0
C-0428,2025-07-01,2025-Q3,0,1,0
C-0428,2025-10-01,2025-Q4,1,1,0
C-0428,2026-01-01,2026-Q1,1,1,0
C-0428,2026-04-01,2026-Q2,1,1,0
C-0429,2025-07-01,2025-Q3,0,0,0
C-0429,2025-10-01,2025-Q4,0,0,0
C-0429,2026-01-01,2026-Q1,0,0,0
C-0429,2026-04-01,2026-Q2,0,1,0
C-0430,2025-07-01,2025-Q3,0,1,0
C-0430,2025-10-01,2025-Q4,1,1,0
C-0430,2026-01-01,2026-Q1,1,1,0
C-0430,2026-04-01,2026-Q2,1,1,0
C-0431,2025-07-01,2025-Q3,0,0,0
C-0431,2025-10-01,2025-Q4,0,0,0
C-0431,2026-01-01,2026-Q1,0,1,0
C-0431,2026-04-01,2026-Q2,1,1,0
C-0432,2025-07-01,2025-Q3,0,1,0
C-0432,2025-10-01,2025-Q4,1,1,0
C-0432,2026-01-01,2026-Q1,1,1,0
C-0432,2026-04-01,2026-Q2,1,1,0
C-0433,2025-07-01,2025-Q3,0,1,0
C-0433,2025-10-01,2025-Q4,1,1,0
C-0433,2026-01-01,2026-Q1,1,1,0
C-0433,2026-04-01,2026-Q2,1,1,0
C-0434,2025-07-01,2025-Q3,0,1,0
C-0434,2025-10-01,2025-Q4,1,1,0
C-0434,2026-01-01,2026-Q1,1,1,0
C-0434,2026-04-01,2026-Q2,1,1,0
C-0435,2025-07-01,2025-Q3,0,0,0
C-0435,2025-10-01,2025-Q4,0,0,0
C-0435,2026-01-01,2026-Q1,0,1,0
C-0435,2026-04-01,2026-Q2,1,1,0
C-0436,2025-07-01,2025-Q3,0,0,0
C-0436,2025-10-01,2025-Q4,0,1,0
C-0436,2026-01-01,2026-Q1,1,1,0
C-0436,2026-04-01,2026-Q2,1,1,0
C-0437,2025-07-01,2025-Q3,0,1,0
C-0437,2025-10-01,2025-Q4,1,1,0
C-0437,2026-01-01,2026-Q1,1,1,0
C-0437,2026-04-01,2026-Q2,1,1,0
C-0438,2025-07-01,2025-Q3,0,1,0
C-0438,2025-10-01,2025-Q4,1,1,0
C-0438,2026-01-01,2026-Q1,1,1,0
C-0438,2026-04-01,2026-Q2,1,1,0
C-0439,2025-07-01,2025-Q3,0,0,0
C-0439,2025-10-01,2025-Q4,0,0,0
C-0439,2026-01-01,2026-Q1,0,0,0
C-0439,2026-04-01,2026-Q2,0,1,0
C-0440,2025-07-01,2025-Q3,0,1,0
C-0440,2025-10-01,2025-Q4,1,1,0
C-0440,2026-01-01,2026-Q1,1,1,0
C-0440,2026-04-01,2026-Q2,1,1,0
C-0441,2025-07-01,2025-Q3,0,0,0
C-0441,2025-10-01,2025-Q4,0,0,0
C-0441,2026-01-01,2026-Q1,0,0,0
C-0441,2026-04-01,2026-Q2,0,1,0
C-0442,2025-07-01,2025-Q3,0,0,0
C-0442,2025-10-01,2025-Q4,0,0,0
C-0442,2026-01-01,2026-Q1,0,1,0
C-0442,2026-04-01,2026-Q2,1,1,0
C-0443,2025-07-01,2025-Q3,0,0,0
C-0443,2025-10-01,2025-Q4,0,1,0
C-0443,2026-01-01,2026-Q1,1,1,0
C-0443,2026-04-01,2026-Q2,1,1,0
C-0444,2025-07-01,2025-Q3,0,0,0
C-0444,2025-10-01,2025-Q4,0,1,0
C-0444,2026-01-01,2026-Q1,1,1,0
C-0444,2026-04-01,2026-Q2,1,1,0
C-0445,2025-07-01,2025-Q3,0,1,0
C-0445,2025-10-01,2025-Q4,1,1,0
C-0445,2026-01-01,2026-Q1,1,1,0
C-0445,2026-04-01,2026-Q2,1,1,0
C-0446,2025-07-01,2025-Q3,0,1,0
C-0446,2025-10-01,2025-Q4,1,1,0
C-0446,2026-01-01,2026-Q1,1,1,0
C-0446,2026-04-01,2026-Q2,1,1,0
C-0447,2025-07-01,2025-Q3,0,0,0
C-0447,2025-10-01,2025-Q4,0,0,0
C-0447,2026-01-01,2026-Q1,0,0,0
C-0447,2026-04-01,2026-Q2,0,1,0
C-0448,2025-07-01,2025-Q3,0,1,0
C-0448,2025-10-01,2025-Q4,1,1,0
C-0448,2026-01-01,2026-Q1,1,1,0
C-0448,2026-04-01,2026-Q2,1,1,0
C-0449,2025-07-01,2025-Q3,0,0,0
C-0449,2025-10-01,2025-Q4,0,0,0
C-0449,2026-01-01,2026-Q1,0,0,0
C-0449,2026-04-01,2026-Q2,0,1,0
C-0450,2025-07-01,2025-Q3,0,1,0
C-0450,2025-10-01,2025-Q4,1,0,1
C-0450,2026-01-01,2026-Q1,0,1,0
C-0450,2026-04-01,2026-Q2,1,1,0
C-0451,2025-07-01,2025-Q3,0,0,0
C-0451,2025-10-01,2025-Q4,0,1,0
C-0451,2026-01-01,2026-Q1,1,1,0
C-0451,2026-04-01,2026-Q2,1,1,0
C-0452,2025-07-01,2025-Q3,0,1,0
C-0452,2025-10-01,2025-Q4,1,1,0
C-0452,2026-01-01,2026-Q1,1,1,0
C-0452,2026-04-01,2026-Q2,1,1,0
C-0453,2025-07-01,2025-Q3,0,0,0
C-0453,2025-10-01,2025-Q4,0,0,0
C-0453,2026-01-01,2026-Q1,0,0,0
C-0453,2026-04-01,2026-Q2,0,1,0
C-0454,2025-07-01,2025-Q3,0,1,0
C-0454,2025-10-01,2025-Q4,1,1,0
C-0454,2026-01-01,2026-Q1,1,1,0
C-0454,2026-04-01,2026-Q2,1,1,0
C-0455,2025-07-01,2025-Q3,0,1,0
C-0455,2025-10-01,2025-Q4,1,1,0
C-0455,2026-01-01,2026-Q1,1,1,0
C-0455,2026-04-01,2026-Q2,1,1,0
C-0456,2025-07-01,2025-Q3,0,1,0
C-0456,2025-10-01,2025-Q4,1,1,0
C-0456,2026-01-01,2026-Q1,1,1,0
C-0456,2026-04-01,2026-Q2,1,1,0
C-0457,2025-07-01,2025-Q3,0,0,0
C-0457,2025-10-01,2025-Q4,0,1,0
C-0457,2026-01-01,2026-Q1,1,1,0
C-0457,2026-04-01,2026-Q2,1,0,1
C-0458,2025-07-01,2025-Q3,0,1,0
C-0458,2025-10-01,2025-Q4,1,1,0
C-0458,2026-01-01,2026-Q1,1,1,0
C-0458,2026-04-01,2026-Q2,1,1,0
C-0459,2025-07-01,2025-Q3,0,1,0
C-0459,2025-10-01,2025-Q4,1,1,0
C-0459,2026-01-01,2026-Q1,1,1,0
C-0459,2026-04-01,2026-Q2,1,1,0
C-0460,2025-07-01,2025-Q3,0,0,0
C-0460,2025-10-01,2025-Q4,0,0,0
C-0460,2026-01-01,2026-Q1,0,1,0
C-0460,2026-04-01,2026-Q2,1,1,0
C-0461,2025-07-01,2025-Q3,0,1,0
C-0461,2025-10-01,2025-Q4,1,1,0
C-0461,2026-01-01,2026-Q1,1,1,0
C-0461,2026-04-01,2026-Q2,1,1,0
C-0462,2025-07-01,2025-Q3,0,1,0
C-0462,2025-10-01,2025-Q4,1,1,0
C-0462,2026-01-01,2026-Q1,1,1,0
C-0462,2026-04-01,2026-Q2,1,1,0
C-0463,2025-07-01,2025-Q3,0,0,0
C-0463,2025-10-01,2025-Q4,0,0,0
C-0463,2026-01-01,2026-Q1,0,1,0
C-0463,2026-04-01,2026-Q2,1,1,0
C-0464,2025-07-01,2025-Q3,0,1,0
C-0464,2025-10-01,2025-Q4,1,1,0
C-0464,2026-01-01,2026-Q1,1,1,0
C-0464,2026-04-01,2026-Q2,1,1,0
C-0465,2025-07-01,2025-Q3,0,0,0
C-0465,2025-10-01,2025-Q4,0,1,0
C-0465,2026-01-01,2026-Q1,1,0,1
C-0465,2026-04-01,2026-Q2,0,1,0
C-0466,2025-07-01,2025-Q3,0,1,0
C-0466,2025-10-01,2025-Q4,1,1,0
C-0466,2026-01-01,2026-Q1,1,1,0
C-0466,2026-04-01,2026-Q2,1,1,0
C-0467,2025-07-01,2025-Q3,0,0,0
C-0467,2025-10-01,2025-Q4,0,1,0
C-0467,2026-01-01,2026-Q1,1,1,0
C-0467,2026-04-01,2026-Q2,1,1,0
C-0468,2025-07-01,2025-Q3,0,1,0
C-0468,2025-10-01,2025-Q4,1,1,0
C-0468,2026-01-01,2026-Q1,1,1,0
C-0468,2026-04-01,2026-Q2,1,1,0
C-0469,2025-07-01,2025-Q3,0,0,0
C-0469,2025-10-01,2025-Q4,0,1,0
C-0469,2026-01-01,2026-Q1,1,1,0
C-0469,2026-04-01,2026-Q2,1,1,0
C-0470,2025-07-01,2025-Q3,0,0,0
C-0470,2025-10-01,2025-Q4,0,0,0
C-0470,2026-01-01,2026-Q1,0,1,0
C-0470,2026-04-01,2026-Q2,1,1,0
C-0471,2025-07-01,2025-Q3,0,1,0
C-0471,2025-10-01,2025-Q4,1,1,0
C-0471,2026-01-01,2026-Q1,1,1,0
C-0471,2026-04-01,2026-Q2,1,1,0
C-0472,2025-07-01,2025-Q3,0,1,0
C-0472,2025-10-01,2025-Q4,1,1,0
C-0472,2026-01-01,2026-Q1,1,1,0
C-0472,2026-04-01,2026-Q2,1,1,0
C-0473,2025-07-01,2025-Q3,0,0,0
C-0473,2025-10-01,2025-Q4,0,0,0
C-0473,2026-01-01,2026-Q1,0,0,0
C-0473,2026-04-01,2026-Q2,0,1,0
C-0474,2025-07-01,2025-Q3,0,0,0
C-0474,2025-10-01,2025-Q4,0,1,0
C-0474,2026-01-01,2026-Q1,1,1,0
C-0474,2026-04-01,2026-Q2,1,0,1
C-0475,2025-07-01,2025-Q3,0,0,0
C-0475,2025-10-01,2025-Q4,0,1,0
C-0475,2026-01-01,2026-Q1,1,0,1
C-0475,2026-04-01,2026-Q2,0,1,0
C-0476,2025-07-01,2025-Q3,0,0,0
C-0476,2025-10-01,2025-Q4,0,0,0
C-0476,2026-01-01,2026-Q1,0,1,0
C-0476,2026-04-01,2026-Q2,1,0,1
C-0477,2025-07-01,2025-Q3,0,0,0
C-0477,2025-10-01,2025-Q4,0,0,0
C-0477,2026-01-01,2026-Q1,0,1,0
C-0477,2026-04-01,2026-Q2,1,1,0
C-0478,2025-07-01,2025-Q3,0,0,0
C-0478,2025-10-01,2025-Q4,0,1,0
C-0478,2026-01-01,2026-Q1,1,1,0
C-0478,2026-04-01,2026-Q2,1,1,0
C-0479,2025-07-01,2025-Q3,0,0,0
C-0479,2025-10-01,2025-Q4,0,0,0
C-0479,2026-01-01,2026-Q1,0,1,0
C-0479,2026-04-01,2026-Q2,1,1,0
C-0480,2025-07-01,2025-Q3,0,0,0
C-0480,2025-10-01,2025-Q4,0,0,0
C-0480,2026-01-01,2026-Q1,0,0,0
C-0480,2026-04-01,2026-Q2,0,0,0
C-0481,2025-07-01,2025-Q3,0,0,0
C-0481,2025-10-01,2025-Q4,0,0,0
C-0481,2026-01-01,2026-Q1,0,0,0
C-0481,2026-04-01,2026-Q2,0,1,0
C-0482,2025-07-01,2025-Q3,0,1,0
C-0482,2025-10-01,2025-Q4,1,1,0
C-0482,2026-01-01,2026-Q1,1,1,0
C-0482,2026-04-01,2026-Q2,1,1,0
C-0483,2025-07-01,2025-Q3,0,0,0
C-0483,2025-10-01,2025-Q4,0,0,0
C-0483,2026-01-01,2026-Q1,0,0,0
C-0483,2026-04-01,2026-Q2,0,1,0
C-0484,2025-07-01,2025-Q3,0,1,0
C-0484,2025-10-01,2025-Q4,1,0,1
C-0484,2026-01-01,2026-Q1,0,0,0
C-0484,2026-04-01,2026-Q2,0,0,0
C-0485,2025-07-01,2025-Q3,0,1,0
C-0485,2025-10-01,2025-Q4,1,1,0
C-0485,2026-01-01,2026-Q1,1,1,0
C-0485,2026-04-01,2026-Q2,1,1,0
C-0486,2025-07-01,2025-Q3,0,1,0
C-0486,2025-10-01,2025-Q4,1,1,0
C-0486,2026-01-01,2026-Q1,1,1,0
C-0486,2026-04-01,2026-Q2,1,1,0
C-0487,2025-07-01,2025-Q3,0,1,0
C-0487,2025-10-01,2025-Q4,1,0,1
C-0487,2026-01-01,2026-Q1,0,0,0
C-0487,2026-04-01,2026-Q2,0,0,0
C-0488,2025-07-01,2025-Q3,0,1,0
C-0488,2025-10-01,2025-Q4,1,1,0
C-0488,2026-01-01,2026-Q1,1,1,0
C-0488,2026-04-01,2026-Q2,1,1,0
C-0489,2025-07-01,2025-Q3,0,1,0
C-0489,2025-10-01,2025-Q4,1,1,0
C-0489,2026-01-01,2026-Q1,1,1,0
C-0489,2026-04-01,2026-Q2,1,1,0
C-0490,2025-07-01,2025-Q3,0,1,0
C-0490,2025-10-01,2025-Q4,1,1,0
C-0490,2026-01-01,2026-Q1,1,1,0
C-0490,2026-04-01,2026-Q2,1,1,0
C-0491,2025-07-01,2025-Q3,0,1,0
C-0491,2025-10-01,2025-Q4,1,1,0
C-0491,2026-01-01,2026-Q1,1,1,0
C-0491,2026-04-01,2026-Q2,1,1,0
C-0492,2025-07-01,2025-Q3,0,0,0
C-0492,2025-10-01,2025-Q4,0,0,0
C-0492,2026-01-01,2026-Q1,0,1,0
C-0492,2026-04-01,2026-Q2,1,1,0
C-0493,2025-07-01,2025-Q3,0,0,0
C-0493,2025-10-01,2025-Q4,0,0,0
C-0493,2026-01-01,2026-Q1,0,1,0
C-0493,2026-04-01,2026-Q2,1,1,0
C-0494,2025-07-01,2025-Q3,0,1,0
C-0494,2025-10-01,2025-Q4,1,1,0
C-0494,2026-01-01,2026-Q1,1,1,0
C-0494,2026-04-01,2026-Q2,1,0,1
C-0495,2025-07-01,2025-Q3,0,0,0
C-0495,2025-10-01,2025-Q4,0,0,0
C-0495,2026-01-01,2026-Q1,0,0,0
C-0495,2026-04-01,2026-Q2,0,1,0
C-0496,2025-07-01,2025-Q3,0,0,0
C-0496,2025-10-01,2025-Q4,0,0,0
C-0496,2026-01-01,2026-Q1,0,1,0
C-0496,2026-04-01,2026-Q2,1,1,0
C-0497,2025-07-01,2025-Q3,0,1,0
C-0497,2025-10-01,2025-Q4,1,1,0
C-0497,2026-01-01,2026-Q1,1,0,1
C-0497,2026-04-01,2026-Q2,0,0,0
C-0498,2025-07-01,2025-Q3,0,0,0
C-0498,2025-10-01,2025-Q4,0,0,0
C-0498,2026-01-01,2026-Q1,0,1,0
C-0498,2026-04-01,2026-Q2,1,1,0
C-0499,2025-07-01,2025-Q3,0,1,0
C-0499,2025-10-01,2025-Q4,1,1,0
C-0499,2026-01-01,2026-Q1,1,1,0
C-0499,2026-04-01,2026-Q2,1,1,0
C-0500,2025-07-01,2025-Q3,0,1,0
C-0500,2025-10-01,2025-Q4,1,1,0
C-0500,2026-01-01,2026-Q1,1,1,0
C-0500,2026-04-01,2026-Q2,1,1,0
C-0501,2025-07-01,2025-Q3,0,1,0
C-0501,2025-10-01,2025-Q4,1,1,0
C-0501,2026-01-01,2026-Q1,1,1,0
C-0501,2026-04-01,2026-Q2,1,1,0
C-0502,2025-07-01,2025-Q3,0,0,0
C-0502,2025-10-01,2025-Q4,0,0,0
C-0502,2026-01-01,2026-Q1,0,0,0
C-0502,2026-04-01,2026-Q2,0,0,0
C-0503,2025-07-01,2025-Q3,0,0,0
C-0503,2025-10-01,2025-Q4,0,1,0
C-0503,2026-01-01,2026-Q1,1,0,1
C-0503,2026-04-01,2026-Q2,0,0,0
C-0504,2025-07-01,2025-Q3,0,0,0
C-0504,2025-10-01,2025-Q4,0,0,0
C-0504,2026-01-01,2026-Q1,0,0,0
C-0504,2026-04-01,2026-Q2,0,1,0
C-0505,2025-07-01,2025-Q3,0,1,0
C-0505,2025-10-01,2025-Q4,1,1,0
C-0505,2026-01-01,2026-Q1,1,1,0
C-0505,2026-04-01,2026-Q2,1,1,0
C-0506,2025-07-01,2025-Q3,0,0,0
C-0506,2025-10-01,2025-Q4,0,0,0
C-0506,2026-01-01,2026-Q1,0,1,0
C-0506,2026-04-01,2026-Q2,1,1,0
C-0507,2025-07-01,2025-Q3,0,1,0
C-0507,2025-10-01,2025-Q4,1,1,0
C-0507,2026-01-01,2026-Q1,1,1,0
C-0507,2026-04-01,2026-Q2,1,1,0
C-0508,2025-07-01,2025-Q3,0,0,0
C-0508,2025-10-01,2025-Q4,0,0,0
C-0508,2026-01-01,2026-Q1,0,0,0
C-0508,2026-04-01,2026-Q2,0,1,0
C-0509,2025-07-01,2025-Q3,0,0,0
C-0509,2025-10-01,2025-Q4,0,0,0
C-0509,2026-01-01,2026-Q1,0,0,0
C-0509,2026-04-01,2026-Q2,0,1,0
C-0510,2025-07-01,2025-Q3,0,1,0
C-0510,2025-10-01,2025-Q4,1,1,0
C-0510,2026-01-01,2026-Q1,1,1,0
C-0510,2026-04-01,2026-Q2,1,1,0
C-0511,2025-07-01,2025-Q3,0,1,0
C-0511,2025-10-01,2025-Q4,1,1,0
C-0511,2026-01-01,2026-Q1,1,1,0
C-0511,2026-04-01,2026-Q2,1,1,0
C-0512,2025-07-01,2025-Q3,0,0,0
C-0512,2025-10-01,2025-Q4,0,0,0
C-0512,2026-01-01,2026-Q1,0,1,0
C-0512,2026-04-01,2026-Q2,1,1,0
C-0513,2025-07-01,2025-Q3,0,0,0
C-0513,2025-10-01,2025-Q4,0,0,0
C-0513,2026-01-01,2026-Q1,0,1,0
C-0513,2026-04-01,2026-Q2,1,1,0
C-0514,2025-07-01,2025-Q3,0,0,0
C-0514,2025-10-01,2025-Q4,0,1,0
C-0514,2026-01-01,2026-Q1,1,1,0
C-0514,2026-04-01,2026-Q2,1,1,0
C-0515,2025-07-01,2025-Q3,0,1,0
C-0515,2025-10-01,2025-Q4,1,1,0
C-0515,2026-01-01,2026-Q1,1,1,0
C-0515,2026-04-01,2026-Q2,1,1,0
C-0516,2025-07-01,2025-Q3,0,1,0
C-0516,2025-10-01,2025-Q4,1,0,1
C-0516,2026-01-01,2026-Q1,0,0,0
C-0516,2026-04-01,2026-Q2,0,0,0
C-0517,2025-07-01,2025-Q3,0,1,0
C-0517,2025-10-01,2025-Q4,1,1,0
C-0517,2026-01-01,2026-Q1,1,1,0
C-0517,2026-04-01,2026-Q2,1,1,0
C-0518,2025-07-01,2025-Q3,0,1,0
C-0518,2025-10-01,2025-Q4,1,1,0
C-0518,2026-01-01,2026-Q1,1,1,0
C-0518,2026-04-01,2026-Q2,1,1,0
C-0519,2025-07-01,2025-Q3,0,1,0
C-0519,2025-10-01,2025-Q4,1,1,0
C-0519,2026-01-01,2026-Q1,1,1,0
C-0519,2026-04-01,2026-Q2,1,1,0
C-0520,2025-07-01,2025-Q3,0,1,0
C-0520,2025-10-01,2025-Q4,1,1,0
C-0520,2026-01-01,2026-Q1,1,1,0
C-0520,2026-04-01,2026-Q2,1,1,0
C-0521,2025-07-01,2025-Q3,0,1,0
C-0521,2025-10-01,2025-Q4,1,1,0
C-0521,2026-01-01,2026-Q1,1,1,0
C-0521,2026-04-01,2026-Q2,1,0,1
C-0522,2025-07-01,2025-Q3,0,1,0
C-0522,2025-10-01,2025-Q4,1,0,1
C-0522,2026-01-01,2026-Q1,0,0,0
C-0522,2026-04-01,2026-Q2,0,0,0
C-0523,2025-07-01,2025-Q3,0,1,0
C-0523,2025-10-01,2025-Q4,1,1,0
C-0523,2026-01-01,2026-Q1,1,1,0
C-0523,2026-04-01,2026-Q2,1,1,0
C-0524,2025-07-01,2025-Q3,0,1,0
C-0524,2025-10-01,2025-Q4,1,1,0
C-0524,2026-01-01,2026-Q1,1,1,0
C-0524,2026-04-01,2026-Q2,1,1,0
C-0525,2025-07-01,2025-Q3,0,1,0
C-0525,2025-10-01,2025-Q4,1,1,0
C-0525,2026-01-01,2026-Q1,1,1,0
C-0525,2026-04-01,2026-Q2,1,1,0
C-0526,2025-07-01,2025-Q3,0,0,0
C-0526,2025-10-01,2025-Q4,0,0,0
C-0526,2026-01-01,2026-Q1,0,1,0
C-0526,2026-04-01,2026-Q2,1,1,0
C-0527,2025-07-01,2025-Q3,0,1,0
C-0527,2025-10-01,2025-Q4,1,1,0
C-0527,2026-01-01,2026-Q1,1,1,0
C-0527,2026-04-01,2026-Q2,1,1,0
C-0528,2025-07-01,2025-Q3,0,0,0
C-0528,2025-10-01,2025-Q4,0,0,0
C-0528,2026-01-01,2026-Q1,0,0,0
C-0528,2026-04-01,2026-Q2,0,1,0
C-0529,2025-07-01,2025-Q3,0,0,0
C-0529,2025-10-01,2025-Q4,0,0,0
C-0529,2026-01-01,2026-Q1,0,1,0
C-0529,2026-04-01,2026-Q2,1,1,0
C-0530,2025-07-01,2025-Q3,0,1,0
C-0530,2025-10-01,2025-Q4,1,1,0
C-0530,2026-01-01,2026-Q1,1,0,1
C-0530,2026-04-01,2026-Q2,0,1,0
C-0531,2025-07-01,2025-Q3,0,1,0
C-0531,2025-10-01,2025-Q4,1,1,0
C-0531,2026-01-01,2026-Q1,1,1,0
C-0531,2026-04-01,2026-Q2,1,1,0
C-0532,2025-07-01,2025-Q3,0,1,0
C-0532,2025-10-01,2025-Q4,1,1,0
C-0532,2026-01-01,2026-Q1,1,1,0
C-0532,2026-04-01,2026-Q2,1,1,0
C-0533,2025-07-01,2025-Q3,0,1,0
C-0533,2025-10-01,2025-Q4,1,1,0
C-0533,2026-01-01,2026-Q1,1,1,0
C-0533,2026-04-01,2026-Q2,1,1,0
C-0534,2025-07-01,2025-Q3,0,1,0
C-0534,2025-10-01,2025-Q4,1,1,0
C-0534,2026-01-01,2026-Q1,1,1,0
C-0534,2026-04-01,2026-Q2,1,1,0
C-0535,2025-07-01,2025-Q3,0,1,0
C-0535,2025-10-01,2025-Q4,1,1,0
C-0535,2026-01-01,2026-Q1,1,1,0
C-0535,2026-04-01,2026-Q2,1,1,0
C-0536,2025-07-01,2025-Q3,0,0,0
C-0536,2025-10-01,2025-Q4,0,0,0
C-0536,2026-01-01,2026-Q1,0,1,0
C-0536,2026-04-01,2026-Q2,1,1,0
C-0537,2025-07-01,2025-Q3,0,1,0
C-0537,2025-10-01,2025-Q4,1,1,0
C-0537,2026-01-01,2026-Q1,1,1,0
C-0537,2026-04-01,2026-Q2,1,1,0
C-0538,2025-07-01,2025-Q3,0,1,0
C-0538,2025-10-01,2025-Q4,1,1,0
C-0538,2026-01-01,2026-Q1,1,1,0
C-0538,2026-04-01,2026-Q2,1,0,1
C-0539,2025-07-01,2025-Q3,0,0,0
C-0539,2025-10-01,2025-Q4,0,0,0
C-0539,2026-01-01,2026-Q1,0,0,0
C-0539,2026-04-01,2026-Q2,0,0,0
C-0540,2025-07-01,2025-Q3,0,1,0
C-0540,2025-10-01,2025-Q4,1,1,0
C-0540,2026-01-01,2026-Q1,1,1,0
C-0540,2026-04-01,2026-Q2,1,1,0
C-0541,2025-07-01,2025-Q3,0,1,0
C-0541,2025-10-01,2025-Q4,1,1,0
C-0541,2026-01-01,2026-Q1,1,1,0
C-0541,2026-04-01,2026-Q2,1,1,0
C-0542,2025-07-01,2025-Q3,0,0,0
C-0542,2025-10-01,2025-Q4,0,1,0
C-0542,2026-01-01,2026-Q1,1,1,0
C-0542,2026-04-01,2026-Q2,1,1,0
C-0543,2025-07-01,2025-Q3,0,1,0
C-0543,2025-10-01,2025-Q4,1,1,0
C-0543,2026-01-01,2026-Q1,1,1,0
C-0543,2026-04-01,2026-Q2,1,1,0
C-0544,2025-07-01,2025-Q3,0,0,0
C-0544,2025-10-01,2025-Q4,0,0,0
C-0544,2026-01-01,2026-Q1,0,0,0
C-0544,2026-04-01,2026-Q2,0,1,0
C-0545,2025-07-01,2025-Q3,0,0,0
C-0545,2025-10-01,2025-Q4,0,0,0
C-0545,2026-01-01,2026-Q1,0,1,0
C-0545,2026-04-01,2026-Q2,1,1,0
C-0546,2025-07-01,2025-Q3,0,1,0
C-0546,2025-10-01,2025-Q4,1,1,0
C-0546,2026-01-01,2026-Q1,1,1,0
C-0546,2026-04-01,2026-Q2,1,1,0
C-0547,2025-07-01,2025-Q3,0,1,0
C-0547,2025-10-01,2025-Q4,1,1,0
C-0547,2026-01-01,2026-Q1,1,1,0
C-0547,2026-04-01,2026-Q2,1,1,0
C-0548,2025-07-01,2025-Q3,0,1,0
C-0548,2025-10-01,2025-Q4,1,1,0
C-0548,2026-01-01,2026-Q1,1,1,0
C-0548,2026-04-01,2026-Q2,1,1,0
C-0549,2025-07-01,2025-Q3,0,0,0
C-0549,2025-10-01,2025-Q4,0,0,0
C-0549,2026-01-01,2026-Q1,0,1,0
C-0549,2026-04-01,2026-Q2,1,1,0
C-0550,2025-07-01,2025-Q3,0,1,0
C-0550,2025-10-01,2025-Q4,1,1,0
C-0550,2026-01-01,2026-Q1,1,1,0
C-0550,2026-04-01,2026-Q2,1,1,0
C-0551,2025-07-01,2025-Q3,0,0,0
C-0551,2025-10-01,2025-Q4,0,0,0
C-0551,2026-01-01,2026-Q1,0,0,0
C-0551,2026-04-01,2026-Q2,0,1,0
C-0552,2025-07-01,2025-Q3,0,0,0
C-0552,2025-10-01,2025-Q4,0,0,0
C-0552,2026-01-01,2026-Q1,0,1,0
C-0552,2026-04-01,2026-Q2,1,1,0
C-0553,2025-07-01,2025-Q3,0,1,0
C-0553,2025-10-01,2025-Q4,1,1,0
C-0553,2026-01-01,2026-Q1,1,1,0
C-0553,2026-04-01,2026-Q2,1,1,0
C-0554,2025-07-01,2025-Q3,0,0,0
C-0554,2025-10-01,2025-Q4,0,0,0
C-0554,2026-01-01,2026-Q1,0,0,0
C-0554,2026-04-01,2026-Q2,0,1,0
C-0555,2025-07-01,2025-Q3,0,1,0
C-0555,2025-10-01,2025-Q4,1,1,0
C-0555,2026-01-01,2026-Q1,1,1,0
C-0555,2026-04-01,2026-Q2,1,1,0
C-0556,2025-07-01,2025-Q3,0,1,0
C-0556,2025-10-01,2025-Q4,1,1,0
C-0556,2026-01-01,2026-Q1,1,1,0
C-0556,2026-04-01,2026-Q2,1,1,0
C-0557,2025-07-01,2025-Q3,0,1,0
C-0557,2025-10-01,2025-Q4,1,0,1
C-0557,2026-01-01,2026-Q1,0,0,0
C-0557,2026-04-01,2026-Q2,0,0,0
C-0558,2025-07-01,2025-Q3,0,0,0
C-0558,2025-10-01,2025-Q4,0,0,0
C-0558,2026-01-01,2026-Q1,0,0,0
C-0558,2026-04-01,2026-Q2,0,0,0
C-0559,2025-07-01,2025-Q3,0,0,0
C-0559,2025-10-01,2025-Q4,0,1,0
C-0559,2026-01-01,2026-Q1,1,1,0
C-0559,2026-04-01,2026-Q2,1,1,0
C-0560,2025-07-01,2025-Q3,0,1,0
C-0560,2025-10-01,2025-Q4,1,1,0
C-0560,2026-01-01,2026-Q1,1,1,0
C-0560,2026-04-01,2026-Q2,1,1,0
C-0561,2025-07-01,2025-Q3,0,0,0
C-0561,2025-10-01,2025-Q4,0,1,0
C-0561,2026-01-01,2026-Q1,1,1,0
C-0561,2026-04-01,2026-Q2,1,1,0
C-0562,2025-07-01,2025-Q3,0,0,0
C-0562,2025-10-01,2025-Q4,0,1,0
C-0562,2026-01-01,2026-Q1,1,1,0
C-0562,2026-04-01,2026-Q2,1,1,0
C-0563,2025-07-01,2025-Q3,0,1,0
C-0563,2025-10-01,2025-Q4,1,1,0
C-0563,2026-01-01,2026-Q1,1,1,0
C-0563,2026-04-01,2026-Q2,1,1,0
C-0564,2025-07-01,2025-Q3,0,1,0
C-0564,2025-10-01,2025-Q4,1,1,0
C-0564,2026-01-01,2026-Q1,1,1,0
C-0564,2026-04-01,2026-Q2,1,1,0
C-0565,2025-07-01,2025-Q3,0,1,0
C-0565,2025-10-01,2025-Q4,1,1,0
C-0565,2026-01-01,2026-Q1,1,1,0
C-0565,2026-04-01,2026-Q2,1,1,0
C-0566,2025-07-01,2025-Q3,0,1,0
C-0566,2025-10-01,2025-Q4,1,1,0
C-0566,2026-01-01,2026-Q1,1,1,0
C-0566,2026-04-01,2026-Q2,1,1,0
C-0567,2025-07-01,2025-Q3,0,0,0
C-0567,2025-10-01,2025-Q4,0,0,0
C-0567,2026-01-01,2026-Q1,0,1,0
C-0567,2026-04-01,2026-Q2,1,1,0
C-0568,2025-07-01,2025-Q3,0,1,0
C-0568,2025-10-01,2025-Q4,1,1,0
C-0568,2026-01-01,2026-Q1,1,1,0
C-0568,2026-04-01,2026-Q2,1,1,0
C-0569,2025-07-01,2025-Q3,0,1,0
C-0569,2025-10-01,2025-Q4,1,1,0
C-0569,2026-01-01,2026-Q1,1,1,0
C-0569,2026-04-01,2026-Q2,1,1,0
C-0570,2025-07-01,2025-Q3,0,1,0
C-0570,2025-10-01,2025-Q4,1,1,0
C-0570,2026-01-01,2026-Q1,1,1,0
C-0570,2026-04-01,2026-Q2,1,1,0
C-0571,2025-07-01,2025-Q3,0,0,0
C-0571,2025-10-01,2025-Q4,0,0,0
C-0571,2026-01-01,2026-Q1,0,1,0
C-0571,2026-04-01,2026-Q2,1,1,0
C-0572,2025-07-01,2025-Q3,0,0,0
C-0572,2025-10-01,2025-Q4,0,0,0
C-0572,2026-01-01,2026-Q1,0,1,0
C-0572,2026-04-01,2026-Q2,1,1,0
C-0573,2025-07-01,2025-Q3,0,1,0
C-0573,2025-10-01,2025-Q4,1,1,0
C-0573,2026-01-01,2026-Q1,1,1,0
C-0573,2026-04-01,2026-Q2,1,1,0
C-0574,2025-07-01,2025-Q3,0,1,0
C-0574,2025-10-01,2025-Q4,1,1,0
C-0574,2026-01-01,2026-Q1,1,1,0
C-0574,2026-04-01,2026-Q2,1,0,1
C-0575,2025-07-01,2025-Q3,0,1,0
C-0575,2025-10-01,2025-Q4,1,1,0
C-0575,2026-01-01,2026-Q1,1,1,0
C-0575,2026-04-01,2026-Q2,1,1,0
C-0576,2025-07-01,2025-Q3,0,1,0
C-0576,2025-10-01,2025-Q4,1,1,0
C-0576,2026-01-01,2026-Q1,1,1,0
C-0576,2026-04-01,2026-Q2,1,1,0
C-0577,2025-07-01,2025-Q3,0,1,0
C-0577,2025-10-01,2025-Q4,1,1,0
C-0577,2026-01-01,2026-Q1,1,1,0
C-0577,2026-04-01,2026-Q2,1,1,0
C-0578,2025-07-01,2025-Q3,0,1,0
C-0578,2025-10-01,2025-Q4,1,1,0
C-0578,2026-01-01,2026-Q1,1,1,0
C-0578,2026-04-01,2026-Q2,1,1,0
C-0579,2025-07-01,2025-Q3,0,1,0
C-0579,2025-10-01,2025-Q4,1,1,0
C-0579,2026-01-01,2026-Q1,1,1,0
C-0579,2026-04-01,2026-Q2,1,1,0
C-0580,2025-07-01,2025-Q3,0,1,0
C-0580,2025-10-01,2025-Q4,1,1,0
C-0580,2026-01-01,2026-Q1,1,1,0
C-0580,2026-04-01,2026-Q2,1,1,0
C-0581,2025-07-01,2025-Q3,0,1,0
C-0581,2025-10-01,2025-Q4,1,1,0
C-0581,2026-01-01,2026-Q1,1,1,0
C-0581,2026-04-01,2026-Q2,1,1,0
C-0582,2025-07-01,2025-Q3,0,0,0
C-0582,2025-10-01,2025-Q4,0,0,0
C-0582,2026-01-01,2026-Q1,0,0,0
C-0582,2026-04-01,2026-Q2,0,1,0
C-0583,2025-07-01,2025-Q3,0,1,0
C-0583,2025-10-01,2025-Q4,1,1,0
C-0583,2026-01-01,2026-Q1,1,1,0
C-0583,2026-04-01,2026-Q2,1,1,0
C-0584,2025-07-01,2025-Q3,0,1,0
C-0584,2025-10-01,2025-Q4,1,1,0
C-0584,2026-01-01,2026-Q1,1,1,0
C-0584,2026-04-01,2026-Q2,1,1,0
C-0585,2025-07-01,2025-Q3,0,0,0
C-0585,2025-10-01,2025-Q4,0,0,0
C-0585,2026-01-01,2026-Q1,0,1,0
C-0585,2026-04-01,2026-Q2,1,1,0
C-0586,2025-07-01,2025-Q3,0,0,0
C-0586,2025-10-01,2025-Q4,0,0,0
C-0586,2026-01-01,2026-Q1,0,1,0
C-0586,2026-04-01,2026-Q2,1,1,0
C-0587,2025-07-01,2025-Q3,0,1,0
C-0587,2025-10-01,2025-Q4,1,1,0
C-0587,2026-01-01,2026-Q1,1,1,0
C-0587,2026-04-01,2026-Q2,1,1,0
C-0588,2025-07-01,2025-Q3,0,1,0
C-0588,2025-10-01,2025-Q4,1,1,0
C-0588,2026-01-01,2026-Q1,1,1,0
C-0588,2026-04-01,2026-Q2,1,1,0
C-0589,2025-07-01,2025-Q3,0,1,0
C-0589,2025-10-01,2025-Q4,1,1,0
C-0589,2026-01-01,2026-Q1,1,1,0
C-0589,2026-04-01,2026-Q2,1,1,0
C-0590,2025-07-01,2025-Q3,0,0,0
C-0590,2025-10-01,2025-Q4,0,1,0
C-0590,2026-01-01,2026-Q1,1,1,0
C-0590,2026-04-01,2026-Q2,1,1,0
C-0591,2025-07-01,2025-Q3,0,1,0
C-0591,2025-10-01,2025-Q4,1,1,0
C-0591,2026-01-01,2026-Q1,1,1,0
C-0591,2026-04-01,2026-Q2,1,1,0
C-0592,2025-07-01,2025-Q3,0,1,0
C-0592,2025-10-01,2025-Q4,1,1,0
C-0592,2026-01-01,2026-Q1,1,1,0
C-0592,2026-04-01,2026-Q2,1,1,0
C-0593,2025-07-01,2025-Q3,0,0,0
C-0593,2025-10-01,2025-Q4,0,0,0
C-0593,2026-01-01,2026-Q1,0,0,0
C-0593,2026-04-01,2026-Q2,0,1,0
C-0594,2025-07-01,2025-Q3,0,1,0
C-0594,2025-10-01,2025-Q4,1,1,0
C-0594,2026-01-01,2026-Q1,1,1,0
C-0594,2026-04-01,2026-Q2,1,1,0
C-0595,2025-07-01,2025-Q3,0,1,0
C-0595,2025-10-01,2025-Q4,1,1,0
C-0595,2026-01-01,2026-Q1,1,1,0
C-0595,2026-04-01,2026-Q2,1,1,0
C-0596,2025-07-01,2025-Q3,0,0,0
C-0596,2025-10-01,2025-Q4,0,0,0
C-0596,2026-01-01,2026-Q1,0,0,0
C-0596,2026-04-01,2026-Q2,0,0,0
C-0597,2025-07-01,2025-Q3,0,1,0
C-0597,2025-10-01,2025-Q4,1,1,0
C-0597,2026-01-01,2026-Q1,1,1,0
C-0597,2026-04-01,2026-Q2,1,1,0
C-0598,2025-07-01,2025-Q3,0,0,0
C-0598,2025-10-01,2025-Q4,0,0,0
C-0598,2026-01-01,2026-Q1,0,0,0
C-0598,2026-04-01,2026-Q2,0,1,0
C-0599,2025-07-01,2025-Q3,0,1,0
C-0599,2025-10-01,2025-Q4,1,1,0
C-0599,2026-01-01,2026-Q1,1,1,0
C-0599,2026-04-01,2026-Q2,1,1,0
C-0600,2025-07-01,2025-Q3,0,1,0
C-0600,2025-10-01,2025-Q4,1,1,0
C-0600,2026-01-01,2026-Q1,1,1,0
C-0600,2026-04-01,2026-Q2,1,1,0
C-0601,2025-07-01,2025-Q3,0,1,0
C-0601,2025-10-01,2025-Q4,1,1,0
C-0601,2026-01-01,2026-Q1,1,0,1
C-0601,2026-04-01,2026-Q2,0,0,0
C-0602,2025-07-01,2025-Q3,0,0,0
C-0602,2025-10-01,2025-Q4,0,1,0
C-0602,2026-01-01,2026-Q1,1,1,0
C-0602,2026-04-01,2026-Q2,1,0,1
C-0603,2025-07-01,2025-Q3,0,1,0
C-0603,2025-10-01,2025-Q4,1,1,0
C-0603,2026-01-01,2026-Q1,1,1,0
C-0603,2026-04-01,2026-Q2,1,1,0
C-0604,2025-07-01,2025-Q3,0,1,0
C-0604,2025-10-01,2025-Q4,1,1,0
C-0604,2026-01-01,2026-Q1,1,1,0
C-0604,2026-04-01,2026-Q2,1,1,0
C-0605,2025-07-01,2025-Q3,0,1,0
C-0605,2025-10-01,2025-Q4,1,1,0
C-0605,2026-01-01,2026-Q1,1,1,0
C-0605,2026-04-01,2026-Q2,1,1,0
C-0606,2025-07-01,2025-Q3,0,0,0
C-0606,2025-10-01,2025-Q4,0,1,0
C-0606,2026-01-01,2026-Q1,1,1,0
C-0606,2026-04-01,2026-Q2,1,1,0
C-0607,2025-07-01,2025-Q3,0,0,0
C-0607,2025-10-01,2025-Q4,0,0,0
C-0607,2026-01-01,2026-Q1,0,1,0
C-0607,2026-04-01,2026-Q2,1,1,0
C-0608,2025-07-01,2025-Q3,0,1,0
C-0608,2025-10-01,2025-Q4,1,1,0
C-0608,2026-01-01,2026-Q1,1,1,0
C-0608,2026-04-01,2026-Q2,1,1,0
C-0609,2025-07-01,2025-Q3,0,1,0
C-0609,2025-10-01,2025-Q4,1,1,0
C-0609,2026-01-01,2026-Q1,1,1,0
C-0609,2026-04-01,2026-Q2,1,1,0
C-0610,2025-07-01,2025-Q3,0,0,0
C-0610,2025-10-01,2025-Q4,0,1,0
C-0610,2026-01-01,2026-Q1,1,0,1
C-0610,2026-04-01,2026-Q2,0,1,0
C-0611,2025-07-01,2025-Q3,0,1,0
C-0611,2025-10-01,2025-Q4,1,1,0
C-0611,2026-01-01,2026-Q1,1,1,0
C-0611,2026-04-01,2026-Q2,1,1,0
C-0612,2025-07-01,2025-Q3,0,1,0
C-0612,2025-10-01,2025-Q4,1,1,0
C-0612,2026-01-01,2026-Q1,1,1,0
C-0612,2026-04-01,2026-Q2,1,1,0
C-0613,2025-07-01,2025-Q3,0,0,0
C-0613,2025-10-01,2025-Q4,0,0,0
C-0613,2026-01-01,2026-Q1,0,0,0
C-0613,2026-04-01,2026-Q2,0,1,0
C-0614,2025-07-01,2025-Q3,0,1,0
C-0614,2025-10-01,2025-Q4,1,1,0
C-0614,2026-01-01,2026-Q1,1,1,0
C-0614,2026-04-01,2026-Q2,1,1,0
C-0615,2025-07-01,2025-Q3,0,0,0
C-0615,2025-10-01,2025-Q4,0,0,0
C-0615,2026-01-01,2026-Q1,0,1,0
C-0615,2026-04-01,2026-Q2,1,1,0
C-0616,2025-07-01,2025-Q3,0,1,0
C-0616,2025-10-01,2025-Q4,1,1,0
C-0616,2026-01-01,2026-Q1,1,1,0
C-0616,2026-04-01,2026-Q2,1,1,0
C-0617,2025-07-01,2025-Q3,0,1,0
C-0617,2025-10-01,2025-Q4,1,1,0
C-0617,2026-01-01,2026-Q1,1,1,0
C-0617,2026-04-01,2026-Q2,1,1,0
C-0618,2025-07-01,2025-Q3,0,1,0
C-0618,2025-10-01,2025-Q4,1,1,0
C-0618,2026-01-01,2026-Q1,1,1,0
C-0618,2026-04-01,2026-Q2,1,1,0
C-0619,2025-07-01,2025-Q3,0,1,0
C-0619,2025-10-01,2025-Q4,1,1,0
C-0619,2026-01-01,2026-Q1,1,1,0
C-0619,2026-04-01,2026-Q2,1,1,0
C-0620,2025-07-01,2025-Q3,0,0,0
C-0620,2025-10-01,2025-Q4,0,1,0
C-0620,2026-01-01,2026-Q1,1,0,1
C-0620,2026-04-01,2026-Q2,0,1,0
C-0621,2025-07-01,2025-Q3,0,1,0
C-0621,2025-10-01,2025-Q4,1,1,0
C-0621,2026-01-01,2026-Q1,1,1,0
C-0621,2026-04-01,2026-Q2,1,1,0
C-0622,2025-07-01,2025-Q3,0,1,0
C-0622,2025-10-01,2025-Q4,1,1,0
C-0622,2026-01-01,2026-Q1,1,1,0
C-0622,2026-04-01,2026-Q2,1,1,0
C-0623,2025-07-01,2025-Q3,0,1,0
C-0623,2025-10-01,2025-Q4,1,1,0
C-0623,2026-01-01,2026-Q1,1,1,0
C-0623,2026-04-01,2026-Q2,1,1,0
C-0624,2025-07-01,2025-Q3,0,1,0
C-0624,2025-10-01,2025-Q4,1,1,0
C-0624,2026-01-01,2026-Q1,1,1,0
C-0624,2026-04-01,2026-Q2,1,1,0
C-0625,2025-07-01,2025-Q3,0,0,0
C-0625,2025-10-01,2025-Q4,0,1,0
C-0625,2026-01-01,2026-Q1,1,1,0
C-0625,2026-04-01,2026-Q2,1,0,1
C-0626,2025-07-01,2025-Q3,0,1,0
C-0626,2025-10-01,2025-Q4,1,1,0
C-0626,2026-01-01,2026-Q1,1,1,0
C-0626,2026-04-01,2026-Q2,1,1,0
C-0627,2025-07-01,2025-Q3,0,1,0
C-0627,2025-10-01,2025-Q4,1,1,0
C-0627,2026-01-01,2026-Q1,1,1,0
C-0627,2026-04-01,2026-Q2,1,1,0
C-0628,2025-07-01,2025-Q3,0,1,0
C-0628,2025-10-01,2025-Q4,1,1,0
C-0628,2026-01-01,2026-Q1,1,1,0
C-0628,2026-04-01,2026-Q2,1,1,0
C-0629,2025-07-01,2025-Q3,0,1,0
C-0629,2025-10-01,2025-Q4,1,1,0
C-0629,2026-01-01,2026-Q1,1,1,0
C-0629,2026-04-01,2026-Q2,1,1,0
C-0630,2025-07-01,2025-Q3,0,1,0
C-0630,2025-10-01,2025-Q4,1,1,0
C-0630,2026-01-01,2026-Q1,1,1,0
C-0630,2026-04-01,2026-Q2,1,1,0
C-0631,2025-07-01,2025-Q3,0,0,0
C-0631,2025-10-01,2025-Q4,0,0,0
C-0631,2026-01-01,2026-Q1,0,0,0
C-0631,2026-04-01,2026-Q2,0,1,0
C-0632,2025-07-01,2025-Q3,0,1,0
C-0632,2025-10-01,2025-Q4,1,1,0
C-0632,2026-01-01,2026-Q1,1,1,0
C-0632,2026-04-01,2026-Q2,1,1,0
C-0633,2025-07-01,2025-Q3,0,1,0
C-0633,2025-10-01,2025-Q4,1,1,0
C-0633,2026-01-01,2026-Q1,1,1,0
C-0633,2026-04-01,2026-Q2,1,1,0
C-0634,2025-07-01,2025-Q3,0,0,0
C-0634,2025-10-01,2025-Q4,0,0,0
C-0634,2026-01-01,2026-Q1,0,0,0
C-0634,2026-04-01,2026-Q2,0,1,0
C-0635,2025-07-01,2025-Q3,0,0,0
C-0635,2025-10-01,2025-Q4,0,0,0
C-0635,2026-01-01,2026-Q1,0,0,0
C-0635,2026-04-01,2026-Q2,0,0,0
C-0636,2025-07-01,2025-Q3,0,1,0
C-0636,2025-10-01,2025-Q4,1,1,0
C-0636,2026-01-01,2026-Q1,1,1,0
C-0636,2026-04-01,2026-Q2,1,1,0
C-0637,2025-07-01,2025-Q3,0,0,0
C-0637,2025-10-01,2025-Q4,0,1,0
C-0637,2026-01-01,2026-Q1,1,1,0
C-0637,2026-04-01,2026-Q2,1,1,0
C-0638,2025-07-01,2025-Q3,0,0,0
C-0638,2025-10-01,2025-Q4,0,0,0
C-0638,2026-01-01,2026-Q1,0,0,0
C-0638,2026-04-01,2026-Q2,0,1,0
C-0639,2025-07-01,2025-Q3,0,1,0
C-0639,2025-10-01,2025-Q4,1,1,0
C-0639,2026-01-01,2026-Q1,1,1,0
C-0639,2026-04-01,2026-Q2,1,1,0
C-0640,2025-07-01,2025-Q3,0,0,0
C-0640,2025-10-01,2025-Q4,0,1,0
C-0640,2026-01-01,2026-Q1,1,1,0
C-0640,2026-04-01,2026-Q2,1,1,0
C-0641,2025-07-01,2025-Q3,0,1,0
C-0641,2025-10-01,2025-Q4,1,1,0
C-0641,2026-01-01,2026-Q1,1,1,0
C-0641,2026-04-01,2026-Q2,1,1,0
C-0642,2025-07-01,2025-Q3,0,0,0
C-0642,2025-10-01,2025-Q4,0,1,0
C-0642,2026-01-01,2026-Q1,1,1,0
C-0642,2026-04-01,2026-Q2,1,1,0
C-0643,2025-07-01,2025-Q3,0,1,0
C-0643,2025-10-01,2025-Q4,1,1,0
C-0643,2026-01-01,2026-Q1,1,1,0
C-0643,2026-04-01,2026-Q2,1,1,0
C-0644,2025-07-01,2025-Q3,0,0,0
C-0644,2025-10-01,2025-Q4,0,0,0
C-0644,2026-01-01,2026-Q1,0,0,0
C-0644,2026-04-01,2026-Q2,0,1,0
C-0645,2025-07-01,2025-Q3,0,0,0
C-0645,2025-10-01,2025-Q4,0,0,0
C-0645,2026-01-01,2026-Q1,0,0,0
C-0645,2026-04-01,2026-Q2,0,1,0
C-0646,2025-07-01,2025-Q3,0,1,0
C-0646,2025-10-01,2025-Q4,1,1,0
C-0646,2026-01-01,2026-Q1,1,1,0
C-0646,2026-04-01,2026-Q2,1,1,0
C-0647,2025-07-01,2025-Q3,0,0,0
C-0647,2025-10-01,2025-Q4,0,0,0
C-0647,2026-01-01,2026-Q1,0,1,0
C-0647,2026-04-01,2026-Q2,1,1,0
C-0648,2025-07-01,2025-Q3,0,0,0
C-0648,2025-10-01,2025-Q4,0,0,0
C-0648,2026-01-01,2026-Q1,0,0,0
C-0648,2026-04-01,2026-Q2,0,0,0
C-0649,2025-07-01,2025-Q3,0,1,0
C-0649,2025-10-01,2025-Q4,1,1,0
C-0649,2026-01-01,2026-Q1,1,1,0
C-0649,2026-04-01,2026-Q2,1,1,0
C-0650,2025-07-01,2025-Q3,0,0,0
C-0650,2025-10-01,2025-Q4,0,1,0
C-0650,2026-01-01,2026-Q1,1,1,0
C-0650,2026-04-01,2026-Q2,1,1,0
C-0651,2025-07-01,2025-Q3,0,1,0
C-0651,2025-10-01,2025-Q4,1,1,0
C-0651,2026-01-01,2026-Q1,1,1,0
C-0651,2026-04-01,2026-Q2,1,1,0
C-0652,2025-07-01,2025-Q3,0,0,0
C-0652,2025-10-01,2025-Q4,0,0,0
C-0652,2026-01-01,2026-Q1,0,0,0
C-0652,2026-04-01,2026-Q2,0,1,0
C-0653,2025-07-01,2025-Q3,0,0,0
C-0653,2025-10-01,2025-Q4,0,0,0
C-0653,2026-01-01,2026-Q1,0,0,0
C-0653,2026-04-01,2026-Q2,0,1,0
C-0654,2025-07-01,2025-Q3,0,0,0
C-0654,2025-10-01,2025-Q4,0,1,0
C-0654,2026-01-01,2026-Q1,1,1,0
C-0654,2026-04-01,2026-Q2,1,1,0
C-0655,2025-07-01,2025-Q3,0,1,0
C-0655,2025-10-01,2025-Q4,1,1,0
C-0655,2026-01-01,2026-Q1,1,1,0
C-0655,2026-04-01,2026-Q2,1,1,0
C-0656,2025-07-01,2025-Q3,0,1,0
C-0656,2025-10-01,2025-Q4,1,1,0
C-0656,2026-01-01,2026-Q1,1,1,0
C-0656,2026-04-01,2026-Q2,1,1,0
C-0657,2025-07-01,2025-Q3,0,0,0
C-0657,2025-10-01,2025-Q4,0,1,0
C-0657,2026-01-01,2026-Q1,1,1,0
C-0657,2026-04-01,2026-Q2,1,1,0
C-0658,2025-07-01,2025-Q3,0,1,0
C-0658,2025-10-01,2025-Q4,1,1,0
C-0658,2026-01-01,2026-Q1,1,1,0
C-0658,2026-04-01,2026-Q2,1,1,0
C-0659,2025-07-01,2025-Q3,0,1,0
C-0659,2025-10-01,2025-Q4,1,1,0
C-0659,2026-01-01,2026-Q1,1,1,0
C-0659,2026-04-01,2026-Q2,1,1,0
C-0660,2025-07-01,2025-Q3,0,1,0
C-0660,2025-10-01,2025-Q4,1,1,0
C-0660,2026-01-01,2026-Q1,1,1,0
C-0660,2026-04-01,2026-Q2,1,1,0
C-0661,2025-07-01,2025-Q3,0,0,0
C-0661,2025-10-01,2025-Q4,0,0,0
C-0661,2026-01-01,2026-Q1,0,0,0
C-0661,2026-04-01,2026-Q2,0,1,0
C-0662,2025-07-01,2025-Q3,0,1,0
C-0662,2025-10-01,2025-Q4,1,1,0
C-0662,2026-01-01,2026-Q1,1,1,0
C-0662,2026-04-01,2026-Q2,1,1,0
C-0663,2025-07-01,2025-Q3,0,1,0
C-0663,2025-10-01,2025-Q4,1,1,0
C-0663,2026-01-01,2026-Q1,1,0,1
C-0663,2026-04-01,2026-Q2,0,1,0
C-0664,2025-07-01,2025-Q3,0,1,0
C-0664,2025-10-01,2025-Q4,1,1,0
C-0664,2026-01-01,2026-Q1,1,1,0
C-0664,2026-04-01,2026-Q2,1,1,0
C-0665,2025-07-01,2025-Q3,0,0,0
C-0665,2025-10-01,2025-Q4,0,0,0
C-0665,2026-01-01,2026-Q1,0,1,0
C-0665,2026-04-01,2026-Q2,1,1,0
C-0666,2025-07-01,2025-Q3,0,1,0
C-0666,2025-10-01,2025-Q4,1,1,0
C-0666,2026-01-01,2026-Q1,1,1,0
C-0666,2026-04-01,2026-Q2,1,1,0
C-0667,2025-07-01,2025-Q3,0,1,0
C-0667,2025-10-01,2025-Q4,1,1,0
C-0667,2026-01-01,2026-Q1,1,1,0
C-0667,2026-04-01,2026-Q2,1,1,0
C-0668,2025-07-01,2025-Q3,0,1,0
C-0668,2025-10-01,2025-Q4,1,0,1
C-0668,2026-01-01,2026-Q1,0,0,0
C-0668,2026-04-01,2026-Q2,0,0,0
C-0669,2025-07-01,2025-Q3,0,1,0
C-0669,2025-10-01,2025-Q4,1,1,0
C-0669,2026-01-01,2026-Q1,1,1,0
C-0669,2026-04-01,2026-Q2,1,0,1
C-0670,2025-07-01,2025-Q3,0,1,0
C-0670,2025-10-01,2025-Q4,1,1,0
C-0670,2026-01-01,2026-Q1,1,1,0
C-0670,2026-04-01,2026-Q2,1,1,0
C-0671,2025-07-01,2025-Q3,0,1,0
C-0671,2025-10-01,2025-Q4,1,0,1
C-0671,2026-01-01,2026-Q1,0,0,0
C-0671,2026-04-01,2026-Q2,0,0,0
C-0672,2025-07-01,2025-Q3,0,0,0
C-0672,2025-10-01,2025-Q4,0,0,0
C-0672,2026-01-01,2026-Q1,0,1,0
C-0672,2026-04-01,2026-Q2,1,1,0
C-0673,2025-07-01,2025-Q3,0,1,0
C-0673,2025-10-01,2025-Q4,1,1,0
C-0673,2026-01-01,2026-Q1,1,1,0
C-0673,2026-04-01,2026-Q2,1,1,0
C-0674,2025-07-01,2025-Q3,0,1,0
C-0674,2025-10-01,2025-Q4,1,1,0
C-0674,2026-01-01,2026-Q1,1,1,0
C-0674,2026-04-01,2026-Q2,1,1,0
C-0675,2025-07-01,2025-Q3,0,0,0
C-0675,2025-10-01,2025-Q4,0,1,0
C-0675,2026-01-01,2026-Q1,1,1,0
C-0675,2026-04-01,2026-Q2,1,1,0
C-0676,2025-07-01,2025-Q3,0,1,0
C-0676,2025-10-01,2025-Q4,1,1,0
C-0676,2026-01-01,2026-Q1,1,1,0
C-0676,2026-04-01,2026-Q2,1,1,0
C-0677,2025-07-01,2025-Q3,0,0,0
C-0677,2025-10-01,2025-Q4,0,1,0
C-0677,2026-01-01,2026-Q1,1,1,0
C-0677,2026-04-01,2026-Q2,1,1,0
C-0678,2025-07-01,2025-Q3,0,1,0
C-0678,2025-10-01,2025-Q4,1,1,0
C-0678,2026-01-01,2026-Q1,1,1,0
C-0678,2026-04-01,2026-Q2,1,1,0
C-0679,2025-07-01,2025-Q3,0,1,0
C-0679,2025-10-01,2025-Q4,1,0,1
C-0679,2026-01-01,2026-Q1,0,0,0
C-0679,2026-04-01,2026-Q2,0,0,0
C-0680,2025-07-01,2025-Q3,0,1,0
C-0680,2025-10-01,2025-Q4,1,0,1
C-0680,2026-01-01,2026-Q1,0,0,0
C-0680,2026-04-01,2026-Q2,0,0,0
C-0681,2025-07-01,2025-Q3,0,1,0
C-0681,2025-10-01,2025-Q4,1,1,0
C-0681,2026-01-01,2026-Q1,1,1,0
C-0681,2026-04-01,2026-Q2,1,1,0
C-0682,2025-07-01,2025-Q3,0,1,0
C-0682,2025-10-01,2025-Q4,1,1,0
C-0682,2026-01-01,2026-Q1,1,1,0
C-0682,2026-04-01,2026-Q2,1,1,0
C-0683,2025-07-01,2025-Q3,0,1,0
C-0683,2025-10-01,2025-Q4,1,1,0
C-0683,2026-01-01,2026-Q1,1,1,0
C-0683,2026-04-01,2026-Q2,1,1,0
C-0684,2025-07-01,2025-Q3,0,0,0
C-0684,2025-10-01,2025-Q4,0,1,0
C-0684,2026-01-01,2026-Q1,1,1,0
C-0684,2026-04-01,2026-Q2,1,1,0
C-0685,2025-07-01,2025-Q3,0,1,0
C-0685,2025-10-01,2025-Q4,1,1,0
C-0685,2026-01-01,2026-Q1,1,1,0
C-0685,2026-04-01,2026-Q2,1,1,0
C-0686,2025-07-01,2025-Q3,0,0,0
C-0686,2025-10-01,2025-Q4,0,0,0
C-0686,2026-01-01,2026-Q1,0,0,0
C-0686,2026-04-01,2026-Q2,0,0,0
C-0687,2025-07-01,2025-Q3,0,1,0
C-0687,2025-10-01,2025-Q4,1,1,0
C-0687,2026-01-01,2026-Q1,1,1,0
C-0687,2026-04-01,2026-Q2,1,0,1
C-0688,2025-07-01,2025-Q3,0,1,0
C-0688,2025-10-01,2025-Q4,1,1,0
C-0688,2026-01-01,2026-Q1,1,1,0
C-0688,2026-04-01,2026-Q2,1,1,0
C-0689,2025-07-01,2025-Q3,0,1,0
C-0689,2025-10-01,2025-Q4,1,1,0
C-0689,2026-01-01,2026-Q1,1,1,0
C-0689,2026-04-01,2026-Q2,1,1,0
C-0690,2025-07-01,2025-Q3,0,1,0
C-0690,2025-10-01,2025-Q4,1,1,0
C-0690,2026-01-01,2026-Q1,1,1,0
C-0690,2026-04-01,2026-Q2,1,1,0
C-0691,2025-07-01,2025-Q3,0,1,0
C-0691,2025-10-01,2025-Q4,1,1,0
C-0691,2026-01-01,2026-Q1,1,1,0
C-0691,2026-04-01,2026-Q2,1,1,0
C-0692,2025-07-01,2025-Q3,0,1,0
C-0692,2025-10-01,2025-Q4,1,1,0
C-0692,2026-01-01,2026-Q1,1,0,1
C-0692,2026-04-01,2026-Q2,0,1,0
C-0693,2025-07-01,2025-Q3,0,1,0
C-0693,2025-10-01,2025-Q4,1,1,0
C-0693,2026-01-01,2026-Q1,1,0,1
C-0693,2026-04-01,2026-Q2,0,1,0
C-0694,2025-07-01,2025-Q3,0,0,0
C-0694,2025-10-01,2025-Q4,0,0,0
C-0694,2026-01-01,2026-Q1,0,1,0
C-0694,2026-04-01,2026-Q2,1,1,0
C-0695,2025-07-01,2025-Q3,0,1,0
C-0695,2025-10-01,2025-Q4,1,1,0
C-0695,2026-01-01,2026-Q1,1,1,0
C-0695,2026-04-01,2026-Q2,1,1,0
C-0696,2025-07-01,2025-Q3,0,1,0
C-0696,2025-10-01,2025-Q4,1,1,0
C-0696,2026-01-01,2026-Q1,1,1,0
C-0696,2026-04-01,2026-Q2,1,1,0
C-0697,2025-07-01,2025-Q3,0,0,0
C-0697,2025-10-01,2025-Q4,0,1,0
C-0697,2026-01-01,2026-Q1,1,1,0
C-0697,2026-04-01,2026-Q2,1,1,0
C-0698,2025-07-01,2025-Q3,0,0,0
C-0698,2025-10-01,2025-Q4,0,0,0
C-0698,2026-01-01,2026-Q1,0,0,0
C-0698,2026-04-01,2026-Q2,0,1,0
C-0699,2025-07-01,2025-Q3,0,1,0
C-0699,2025-10-01,2025-Q4,1,1,0
C-0699,2026-01-01,2026-Q1,1,1,0
C-0699,2026-04-01,2026-Q2,1,1,0
C-0700,2025-07-01,2025-Q3,0,1,0
C-0700,2025-10-01,2025-Q4,1,1,0
C-0700,2026-01-01,2026-Q1,1,1,0
C-0700,2026-04-01,2026-Q2,1,1,0
C-0701,2025-07-01,2025-Q3,0,0,0
C-0701,2025-10-01,2025-Q4,0,0,0
C-0701,2026-01-01,2026-Q1,0,1,0
C-0701,2026-04-01,2026-Q2,1,1,0
C-0702,2025-07-01,2025-Q3,0,1,0
C-0702,2025-10-01,2025-Q4,1,1,0
C-0702,2026-01-01,2026-Q1,1,1,0
C-0702,2026-04-01,2026-Q2,1,1,0
C-0703,2025-07-01,2025-Q3,0,1,0
C-0703,2025-10-01,2025-Q4,1,1,0
C-0703,2026-01-01,2026-Q1,1,1,0
C-0703,2026-04-01,2026-Q2,1,1,0
C-0704,2025-07-01,2025-Q3,0,1,0
C-0704,2025-10-01,2025-Q4,1,1,0
C-0704,2026-01-01,2026-Q1,1,1,0
C-0704,2026-04-01,2026-Q2,1,1,0
C-0705,2025-07-01,2025-Q3,0,1,0
C-0705,2025-10-01,2025-Q4,1,1,0
C-0705,2026-01-01,2026-Q1,1,1,0
C-0705,2026-04-01,2026-Q2,1,1,0
C-0706,2025-07-01,2025-Q3,0,1,0
C-0706,2025-10-01,2025-Q4,1,1,0
C-0706,2026-01-01,2026-Q1,1,1,0
C-0706,2026-04-01,2026-Q2,1,1,0
C-0707,2025-07-01,2025-Q3,0,0,0
C-0707,2025-10-01,2025-Q4,0,0,0
C-0707,2026-01-01,2026-Q1,0,1,0
C-0707,2026-04-01,2026-Q2,1,1,0
C-0708,2025-07-01,2025-Q3,0,1,0
C-0708,2025-10-01,2025-Q4,1,1,0
C-0708,2026-01-01,2026-Q1,1,1,0
C-0708,2026-04-01,2026-Q2,1,1,0
C-0709,2025-07-01,2025-Q3,0,1,0
C-0709,2025-10-01,2025-Q4,1,1,0
C-0709,2026-01-01,2026-Q1,1,1,0
C-0709,2026-04-01,2026-Q2,1,1,0
C-0710,2025-07-01,2025-Q3,0,1,0
C-0710,2025-10-01,2025-Q4,1,1,0
C-0710,2026-01-01,2026-Q1,1,1,0
C-0710,2026-04-01,2026-Q2,1,0,1
C-0711,2025-07-01,2025-Q3,0,1,0
C-0711,2025-10-01,2025-Q4,1,1,0
C-0711,2026-01-01,2026-Q1,1,1,0
C-0711,2026-04-01,2026-Q2,1,1,0
C-0712,2025-07-01,2025-Q3,0,1,0
C-0712,2025-10-01,2025-Q4,1,1,0
C-0712,2026-01-01,2026-Q1,1,1,0
C-0712,2026-04-01,2026-Q2,1,1,0
C-0713,2025-07-01,2025-Q3,0,1,0
C-0713,2025-10-01,2025-Q4,1,1,0
C-0713,2026-01-01,2026-Q1,1,1,0
C-0713,2026-04-01,2026-Q2,1,1,0
C-0714,2025-07-01,2025-Q3,0,0,0
C-0714,2025-10-01,2025-Q4,0,0,0
C-0714,2026-01-01,2026-Q1,0,0,0
C-0714,2026-04-01,2026-Q2,0,1,0
C-0715,2025-07-01,2025-Q3,0,0,0
C-0715,2025-10-01,2025-Q4,0,1,0
C-0715,2026-01-01,2026-Q1,1,1,0
C-0715,2026-04-01,2026-Q2,1,1,0
C-0716,2025-07-01,2025-Q3,0,1,0
C-0716,2025-10-01,2025-Q4,1,1,0
C-0716,2026-01-01,2026-Q1,1,1,0
C-0716,2026-04-01,2026-Q2,1,1,0
C-0717,2025-07-01,2025-Q3,0,0,0
C-0717,2025-10-01,2025-Q4,0,0,0
C-0717,2026-01-01,2026-Q1,0,0,0
C-0717,2026-04-01,2026-Q2,0,1,0
C-0718,2025-07-01,2025-Q3,0,0,0
C-0718,2025-10-01,2025-Q4,0,0,0
C-0718,2026-01-01,2026-Q1,0,1,0
C-0718,2026-04-01,2026-Q2,1,1,0
C-0719,2025-07-01,2025-Q3,0,1,0
C-0719,2025-10-01,2025-Q4,1,1,0
C-0719,2026-01-01,2026-Q1,1,1,0
C-0719,2026-04-01,2026-Q2,1,1,0
C-0720,2025-07-01,2025-Q3,0,0,0
C-0720,2025-10-01,2025-Q4,0,0,0
C-0720,2026-01-01,2026-Q1,0,1,0
C-0720,2026-04-01,2026-Q2,1,1,0
C-0721,2025-07-01,2025-Q3,0,1,0
C-0721,2025-10-01,2025-Q4,1,1,0
C-0721,2026-01-01,2026-Q1,1,1,0
C-0721,2026-04-01,2026-Q2,1,1,0
C-0722,2025-07-01,2025-Q3,0,1,0
C-0722,2025-10-01,2025-Q4,1,1,0
C-0722,2026-01-01,2026-Q1,1,1,0
C-0722,2026-04-01,2026-Q2,1,1,0
C-0723,2025-07-01,2025-Q3,0,1,0
C-0723,2025-10-01,2025-Q4,1,1,0
C-0723,2026-01-01,2026-Q1,1,1,0
C-0723,2026-04-01,2026-Q2,1,1,0
C-0724,2025-07-01,2025-Q3,0,1,0
C-0724,2025-10-01,2025-Q4,1,1,0
C-0724,2026-01-01,2026-Q1,1,1,0
C-0724,2026-04-01,2026-Q2,1,1,0
C-0725,2025-07-01,2025-Q3,0,0,0
C-0725,2025-10-01,2025-Q4,0,1,0
C-0725,2026-01-01,2026-Q1,1,1,0
C-0725,2026-04-01,2026-Q2,1,1,0
C-0726,2025-07-01,2025-Q3,0,1,0
C-0726,2025-10-01,2025-Q4,1,1,0
C-0726,2026-01-01,2026-Q1,1,1,0
C-0726,2026-04-01,2026-Q2,1,1,0
C-0727,2025-07-01,2025-Q3,0,0,0
C-0727,2025-10-01,2025-Q4,0,0,0
C-0727,2026-01-01,2026-Q1,0,0,0
C-0727,2026-04-01,2026-Q2,0,1,0
C-0728,2025-07-01,2025-Q3,0,0,0
C-0728,2025-10-01,2025-Q4,0,0,0
C-0728,2026-01-01,2026-Q1,0,0,0
C-0728,2026-04-01,2026-Q2,0,0,0
C-0729,2025-07-01,2025-Q3,0,1,0
C-0729,2025-10-01,2025-Q4,1,1,0
C-0729,2026-01-01,2026-Q1,1,1,0
C-0729,2026-04-01,2026-Q2,1,1,0
C-0730,2025-07-01,2025-Q3,0,0,0
C-0730,2025-10-01,2025-Q4,0,0,0
C-0730,2026-01-01,2026-Q1,0,1,0
C-0730,2026-04-01,2026-Q2,1,1,0
C-0731,2025-07-01,2025-Q3,0,1,0
C-0731,2025-10-01,2025-Q4,1,1,0
C-0731,2026-01-01,2026-Q1,1,1,0
C-0731,2026-04-01,2026-Q2,1,0,1
C-0732,2025-07-01,2025-Q3,0,1,0
C-0732,2025-10-01,2025-Q4,1,1,0
C-0732,2026-01-01,2026-Q1,1,1,0
C-0732,2026-04-01,2026-Q2,1,1,0
C-0733,2025-07-01,2025-Q3,0,0,0
C-0733,2025-10-01,2025-Q4,0,1,0
C-0733,2026-01-01,2026-Q1,1,1,0
C-0733,2026-04-01,2026-Q2,1,1,0
C-0734,2025-07-01,2025-Q3,0,1,0
C-0734,2025-10-01,2025-Q4,1,1,0
C-0734,2026-01-01,2026-Q1,1,0,1
C-0734,2026-04-01,2026-Q2,0,0,0
C-0735,2025-07-01,2025-Q3,0,0,0
C-0735,2025-10-01,2025-Q4,0,0,0
C-0735,2026-01-01,2026-Q1,0,0,0
C-0735,2026-04-01,2026-Q2,0,0,0
C-0736,2025-07-01,2025-Q3,0,0,0
C-0736,2025-10-01,2025-Q4,0,0,0
C-0736,2026-01-01,2026-Q1,0,0,0
C-0736,2026-04-01,2026-Q2,0,1,0
C-0737,2025-07-01,2025-Q3,0,0,0
C-0737,2025-10-01,2025-Q4,0,0,0
C-0737,2026-01-01,2026-Q1,0,0,0
C-0737,2026-04-01,2026-Q2,0,0,0
C-0738,2025-07-01,2025-Q3,0,1,0
C-0738,2025-10-01,2025-Q4,1,1,0
C-0738,2026-01-01,2026-Q1,1,1,0
C-0738,2026-04-01,2026-Q2,1,1,0
C-0739,2025-07-01,2025-Q3,0,1,0
C-0739,2025-10-01,2025-Q4,1,1,0
C-0739,2026-01-01,2026-Q1,1,1,0
C-0739,2026-04-01,2026-Q2,1,1,0
C-0740,2025-07-01,2025-Q3,0,1,0
C-0740,2025-10-01,2025-Q4,1,1,0
C-0740,2026-01-01,2026-Q1,1,1,0
C-0740,2026-04-01,2026-Q2,1,1,0
C-0741,2025-07-01,2025-Q3,0,1,0
C-0741,2025-10-01,2025-Q4,1,1,0
C-0741,2026-01-01,2026-Q1,1,1,0
C-0741,2026-04-01,2026-Q2,1,1,0
C-0742,2025-07-01,2025-Q3,0,0,0
C-0742,2025-10-01,2025-Q4,0,0,0
C-0742,2026-01-01,2026-Q1,0,0,0
C-0742,2026-04-01,2026-Q2,0,1,0
C-0743,2025-07-01,2025-Q3,0,1,0
C-0743,2025-10-01,2025-Q4,1,1,0
C-0743,2026-01-01,2026-Q1,1,1,0
C-0743,2026-04-01,2026-Q2,1,1,0
C-0744,2025-07-01,2025-Q3,0,1,0
C-0744,2025-10-01,2025-Q4,1,1,0
C-0744,2026-01-01,2026-Q1,1,1,0
C-0744,2026-04-01,2026-Q2,1,1,0
C-0745,2025-07-01,2025-Q3,0,0,0
C-0745,2025-10-01,2025-Q4,0,0,0
C-0745,2026-01-01,2026-Q1,0,1,0
C-0745,2026-04-01,2026-Q2,1,1,0
C-0746,2025-07-01,2025-Q3,0,1,0
C-0746,2025-10-01,2025-Q4,1,1,0
C-0746,2026-01-01,2026-Q1,1,1,0
C-0746,2026-04-01,2026-Q2,1,0,1
C-0747,2025-07-01,2025-Q3,0,0,0
C-0747,2025-10-01,2025-Q4,0,0,0
C-0747,2026-01-01,2026-Q1,0,1,0
C-0747,2026-04-01,2026-Q2,1,1,0
C-0748,2025-07-01,2025-Q3,0,0,0
C-0748,2025-10-01,2025-Q4,0,1,0
C-0748,2026-01-01,2026-Q1,1,1,0
C-0748,2026-04-01,2026-Q2,1,1,0
C-0749,2025-07-01,2025-Q3,0,1,0
C-0749,2025-10-01,2025-Q4,1,1,0
C-0749,2026-01-01,2026-Q1,1,1,0
C-0749,2026-04-01,2026-Q2,1,0,1
C-0750,2025-07-01,2025-Q3,0,1,0
C-0750,2025-10-01,2025-Q4,1,1,0
C-0750,2026-01-01,2026-Q1,1,1,0
C-0750,2026-04-01,2026-Q2,1,1,0
C-0751,2025-07-01,2025-Q3,0,1,0
C-0751,2025-10-01,2025-Q4,1,1,0
C-0751,2026-01-01,2026-Q1,1,0,1
C-0751,2026-04-01,2026-Q2,0,1,0
C-0752,2025-07-01,2025-Q3,0,1,0
C-0752,2025-10-01,2025-Q4,1,1,0
C-0752,2026-01-01,2026-Q1,1,1,0
C-0752,2026-04-01,2026-Q2,1,1,0
C-0753,2025-07-01,2025-Q3,0,1,0
C-0753,2025-10-01,2025-Q4,1,0,1
C-0753,2026-01-01,2026-Q1,0,0,0
C-0753,2026-04-01,2026-Q2,0,0,0
C-0754,2025-07-01,2025-Q3,0,1,0
C-0754,2025-10-01,2025-Q4,1,1,0
C-0754,2026-01-01,2026-Q1,1,1,0
C-0754,2026-04-01,2026-Q2,1,1,0
C-0755,2025-07-01,2025-Q3,0,1,0
C-0755,2025-10-01,2025-Q4,1,1,0
C-0755,2026-01-01,2026-Q1,1,1,0
C-0755,2026-04-01,2026-Q2,1,1,0
C-0756,2025-07-01,2025-Q3,0,1,0
C-0756,2025-10-01,2025-Q4,1,1,0
C-0756,2026-01-01,2026-Q1,1,1,0
C-0756,2026-04-01,2026-Q2,1,1,0
C-0757,2025-07-01,2025-Q3,0,1,0
C-0757,2025-10-01,2025-Q4,1,1,0
C-0757,2026-01-01,2026-Q1,1,1,0
C-0757,2026-04-01,2026-Q2,1,1,0
C-0758,2025-07-01,2025-Q3,0,0,0
C-0758,2025-10-01,2025-Q4,0,0,0
C-0758,2026-01-01,2026-Q1,0,1,0
C-0758,2026-04-01,2026-Q2,1,1,0
C-0759,2025-07-01,2025-Q3,0,1,0
C-0759,2025-10-01,2025-Q4,1,1,0
C-0759,2026-01-01,2026-Q1,1,1,0
C-0759,2026-04-01,2026-Q2,1,1,0
C-0760,2025-07-01,2025-Q3,0,0,0
C-0760,2025-10-01,2025-Q4,0,0,0
C-0760,2026-01-01,2026-Q1,0,0,0
C-0760,2026-04-01,2026-Q2,0,1,0
C-0761,2025-07-01,2025-Q3,0,1,0
C-0761,2025-10-01,2025-Q4,1,1,0
C-0761,2026-01-01,2026-Q1,1,1,0
C-0761,2026-04-01,2026-Q2,1,1,0
C-0762,2025-07-01,2025-Q3,0,1,0
C-0762,2025-10-01,2025-Q4,1,1,0
C-0762,2026-01-01,2026-Q1,1,1,0
C-0762,2026-04-01,2026-Q2,1,1,0
C-0763,2025-07-01,2025-Q3,0,1,0
C-0763,2025-10-01,2025-Q4,1,1,0
C-0763,2026-01-01,2026-Q1,1,0,1
C-0763,2026-04-01,2026-Q2,0,0,0
C-0764,2025-07-01,2025-Q3,0,0,0
C-0764,2025-10-01,2025-Q4,0,1,0
C-0764,2026-01-01,2026-Q1,1,1,0
C-0764,2026-04-01,2026-Q2,1,1,0
C-0765,2025-07-01,2025-Q3,0,1,0
C-0765,2025-10-01,2025-Q4,1,1,0
C-0765,2026-01-01,2026-Q1,1,1,0
C-0765,2026-04-01,2026-Q2,1,1,0
C-0766,2025-07-01,2025-Q3,0,1,0
C-0766,2025-10-01,2025-Q4,1,1,0
C-0766,2026-01-01,2026-Q1,1,1,0
C-0766,2026-04-01,2026-Q2,1,1,0
C-0767,2025-07-01,2025-Q3,0,1,0
C-0767,2025-10-01,2025-Q4,1,1,0
C-0767,2026-01-01,2026-Q1,1,1,0
C-0767,2026-04-01,2026-Q2,1,1,0
C-0768,2025-07-01,2025-Q3,0,0,0
C-0768,2025-10-01,2025-Q4,0,0,0
C-0768,2026-01-01,2026-Q1,0,1,0
C-0768,2026-04-01,2026-Q2,1,1,0
C-0769,2025-07-01,2025-Q3,0,1,0
C-0769,2025-10-01,2025-Q4,1,1,0
C-0769,2026-01-01,2026-Q1,1,1,0
C-0769,2026-04-01,2026-Q2,1,1,0
C-0770,2025-07-01,2025-Q3,0,0,0
C-0770,2025-10-01,2025-Q4,0,1,0
C-0770,2026-01-01,2026-Q1,1,0,1
C-0770,2026-04-01,2026-Q2,0,0,0
C-0771,2025-07-01,2025-Q3,0,1,0
C-0771,2025-10-01,2025-Q4,1,1,0
C-0771,2026-01-01,2026-Q1,1,1,0
C-0771,2026-04-01,2026-Q2,1,1,0
C-0772,2025-07-01,2025-Q3,0,0,0
C-0772,2025-10-01,2025-Q4,0,1,0
C-0772,2026-01-01,2026-Q1,1,1,0
C-0772,2026-04-01,2026-Q2,1,1,0
C-0773,2025-07-01,2025-Q3,0,1,0
C-0773,2025-10-01,2025-Q4,1,1,0
C-0773,2026-01-01,2026-Q1,1,1,0
C-0773,2026-04-01,2026-Q2,1,0,1
C-0774,2025-07-01,2025-Q3,0,1,0
C-0774,2025-10-01,2025-Q4,1,1,0
C-0774,2026-01-01,2026-Q1,1,1,0
C-0774,2026-04-01,2026-Q2,1,1,0
C-0775,2025-07-01,2025-Q3,0,0,0
C-0775,2025-10-01,2025-Q4,0,0,0
C-0775,2026-01-01,2026-Q1,0,1,0
C-0775,2026-04-01,2026-Q2,1,1,0
C-0776,2025-07-01,2025-Q3,0,0,0
C-0776,2025-10-01,2025-Q4,0,0,0
C-0776,2026-01-01,2026-Q1,0,0,0
C-0776,2026-04-01,2026-Q2,0,1,0
C-0777,2025-07-01,2025-Q3,0,1,0
C-0777,2025-10-01,2025-Q4,1,1,0
C-0777,2026-01-01,2026-Q1,1,1,0
C-0777,2026-04-01,2026-Q2,1,1,0
C-0778,2025-07-01,2025-Q3,0,1,0
C-0778,2025-10-01,2025-Q4,1,1,0
C-0778,2026-01-01,2026-Q1,1,1,0
C-0778,2026-04-01,2026-Q2,1,1,0
C-0779,2025-07-01,2025-Q3,0,0,0
C-0779,2025-10-01,2025-Q4,0,0,0
C-0779,2026-01-01,2026-Q1,0,0,0
C-0779,2026-04-01,2026-Q2,0,1,0
C-0780,2025-07-01,2025-Q3,0,1,0
C-0780,2025-10-01,2025-Q4,1,1,0
C-0780,2026-01-01,2026-Q1,1,1,0
C-0780,2026-04-01,2026-Q2,1,1,0
C-0781,2025-07-01,2025-Q3,0,1,0
C-0781,2025-10-01,2025-Q4,1,1,0
C-0781,2026-01-01,2026-Q1,1,1,0
C-0781,2026-04-01,2026-Q2,1,1,0
C-0782,2025-07-01,2025-Q3,0,0,0
C-0782,2025-10-01,2025-Q4,0,1,0
C-0782,2026-01-01,2026-Q1,1,1,0
C-0782,2026-04-01,2026-Q2,1,1,0
C-0783,2025-07-01,2025-Q3,0,0,0
C-0783,2025-10-01,2025-Q4,0,0,0
C-0783,2026-01-01,2026-Q1,0,1,0
C-0783,2026-04-01,2026-Q2,1,1,0
C-0784,2025-07-01,2025-Q3,0,1,0
C-0784,2025-10-01,2025-Q4,1,1,0
C-0784,2026-01-01,2026-Q1,1,1,0
C-0784,2026-04-01,2026-Q2,1,1,0
C-0785,2025-07-01,2025-Q3,0,0,0
C-0785,2025-10-01,2025-Q4,0,1,0
C-0785,2026-01-01,2026-Q1,1,1,0
C-0785,2026-04-01,2026-Q2,1,1,0
C-0786,2025-07-01,2025-Q3,0,0,0
C-0786,2025-10-01,2025-Q4,0,0,0
C-0786,2026-01-01,2026-Q1,0,0,0
C-0786,2026-04-01,2026-Q2,0,1,0
C-0787,2025-07-01,2025-Q3,0,1,0
C-0787,2025-10-01,2025-Q4,1,1,0
C-0787,2026-01-01,2026-Q1,1,1,0
C-0787,2026-04-01,2026-Q2,1,1,0
C-0788,2025-07-01,2025-Q3,0,0,0
C-0788,2025-10-01,2025-Q4,0,1,0
C-0788,2026-01-01,2026-Q1,1,1,0
C-0788,2026-04-01,2026-Q2,1,1,0
C-0789,2025-07-01,2025-Q3,0,1,0
C-0789,2025-10-01,2025-Q4,1,1,0
C-0789,2026-01-01,2026-Q1,1,1,0
C-0789,2026-04-01,2026-Q2,1,1,0
C-0790,2025-07-01,2025-Q3,0,1,0
C-0790,2025-10-01,2025-Q4,1,1,0
C-0790,2026-01-01,2026-Q1,1,1,0
C-0790,2026-04-01,2026-Q2,1,1,0
C-0791,2025-07-01,2025-Q3,0,1,0
C-0791,2025-10-01,2025-Q4,1,1,0
C-0791,2026-01-01,2026-Q1,1,1,0
C-0791,2026-04-01,2026-Q2,1,1,0
C-0792,2025-07-01,2025-Q3,0,1,0
C-0792,2025-10-01,2025-Q4,1,1,0
C-0792,2026-01-01,2026-Q1,1,1,0
C-0792,2026-04-01,2026-Q2,1,1,0
C-0793,2025-07-01,2025-Q3,0,0,0
C-0793,2025-10-01,2025-Q4,0,0,0
C-0793,2026-01-01,2026-Q1,0,1,0
C-0793,2026-04-01,2026-Q2,1,1,0
C-0794,2025-07-01,2025-Q3,0,1,0
C-0794,2025-10-01,2025-Q4,1,1,0
C-0794,2026-01-01,2026-Q1,1,1,0
C-0794,2026-04-01,2026-Q2,1,1,0
C-0795,2025-07-01,2025-Q3,0,1,0
C-0795,2025-10-01,2025-Q4,1,1,0
C-0795,2026-01-01,2026-Q1,1,1,0
C-0795,2026-04-01,2026-Q2,1,1,0
C-0796,2025-07-01,2025-Q3,0,0,0
C-0796,2025-10-01,2025-Q4,0,1,0
C-0796,2026-01-01,2026-Q1,1,1,0
C-0796,2026-04-01,2026-Q2,1,1,0
C-0797,2025-07-01,2025-Q3,0,1,0
C-0797,2025-10-01,2025-Q4,1,1,0
C-0797,2026-01-01,2026-Q1,1,1,0
C-0797,2026-04-01,2026-Q2,1,1,0
C-0798,2025-07-01,2025-Q3,0,0,0
C-0798,2025-10-01,2025-Q4,0,0,0
C-0798,2026-01-01,2026-Q1,0,0,0
C-0798,2026-04-01,2026-Q2,0,1,0
C-0799,2025-07-01,2025-Q3,0,1,0
C-0799,2025-10-01,2025-Q4,1,1,0
C-0799,2026-01-01,2026-Q1,1,1,0
C-0799,2026-04-01,2026-Q2,1,1,0
C-0800,2025-07-01,2025-Q3,0,1,0
C-0800,2025-10-01,2025-Q4,1,1,0
C-0800,2026-01-01,2026-Q1,1,1,0
C-0800,2026-04-01,2026-Q2,1,1,0
