order_id,order_date,customer_id,region_code,market,category,channel,quantity,unit_price,discount_pct,order_amount,cogs
O-00001,2025-07-01,C-0719,APAC,Southeast Asia,Services,Partner,42,185.77,0.3500,5071.52,4997.58
O-00002,2025-07-01,C-0134,EU,UK & Ireland,Services,Partner,2,383.70,0.3453,502.41,486.56
O-00003,2025-07-01,C-0022,APAC,Southeast Asia,Software,Online,88,600.95,0.2511,39606.05,15818.88
O-00004,2025-07-01,C-0325,US,US East,Software,Partner,90,869.83,0.3368,51914.81,22797.90
O-00005,2025-07-01,C-0591,EU,DACH,Hardware,Partner,18,373.56,0.3395,4441.58,4558.68
O-00006,2025-07-01,C-0063,EU,UK & Ireland,Hardware,Partner,6,857.63,0.3500,3344.76,3483.36
O-00007,2025-07-01,C-0255,EU,UK & Ireland,Hardware,Partner,1,580.74,0.3500,377.48,380.55
O-00008,2025-07-01,C-0719,APAC,Southeast Asia,Software,Partner,75,71.69,0.3500,3494.89,1659.00
O-00009,2025-07-01,C-0767,US,US East,Services,Online,33,327.46,0.2613,7982.76,6596.70
O-00010,2025-07-01,C-0110,EU,DACH,Services,Partner,8,373.78,0.3413,1969.62,1858.48
O-00011,2025-07-01,C-0007,EU,Southern Europe,Software,Direct,95,832.70,0.3500,51419.22,24305.75
O-00012,2025-07-01,C-0599,EU,UK & Ireland,Hardware,Partner,12,3828.16,0.3475,29976.11,31222.32
O-00013,2025-07-01,C-0583,EU,Benelux & Nordics,Hardware,Direct,7,1733.02,0.3500,7885.24,8272.18
O-00014,2025-07-01,C-0699,US,US Central,Services,Partner,39,187.12,0.3353,4851.08,4565.34
O-00015,2025-07-01,C-0186,APAC,ANZ,Hardware,Partner,8,1891.18,0.3489,9851.51,10132.08
O-00016,2025-07-01,C-0368,EU,DACH,Hardware,Online,1,4122.39,0.2593,3053.56,2721.60
O-00017,2025-07-01,C-0693,EU,Southern Europe,Hardware,Partner,1,1077.31,0.3500,700.25,720.49
O-00018,2025-07-01,C-0361,US,US East,Support & CS,Online,5,1380.23,0.2300,5313.81,3690.05
O-00019,2025-07-01,C-0612,EU,UK & Ireland,Hardware,Direct,18,3254.61,0.3500,38078.94,40184.46
O-00020,2025-07-01,C-0668,EU,DACH,Software,Online,103,673.09,0.2777,50073.11,20954.32
O-00021,2025-07-01,C-0268,EU,UK & Ireland,Software,Partner,84,394.18,0.3500,21522.23,10050.60
O-00022,2025-07-01,C-0744,US,US East,Software,Partner,39,96.68,0.3500,2450.84,1087.32
O-00023,2025-07-01,C-0222,US,US Central,Software,Partner,114,699.32,0.3500,51819.61,23395.08
O-00024,2025-07-01,C-0566,US,US West,Hardware,Partner,8,2923.21,0.3500,15200.69,15083.20
O-00025,2025-07-01,C-0009,US,US West,Software,Online,63,583.95,0.2667,26976.55,10626.84
O-00026,2025-07-01,C-0306,APAC,Japan,Software,Partner,104,825.78,0.3500,55822.73,26101.92
O-00027,2025-07-01,C-0259,EU,Southern Europe,Hardware,Partner,3,849.54,0.3304,1706.68,1727.10
O-00028,2025-07-01,C-0791,US,US West,Support & CS,Online,5,1820.65,0.2744,6605.04,4866.95
O-00029,2025-07-01,C-0260,APAC,ANZ,Services,Online,2,578.59,0.2398,879.73,720.02
O-00030,2025-07-01,C-0378,EU,Benelux & Nordics,Services,Direct,17,587.72,0.3500,6494.31,6132.75
O-00031,2025-07-02,C-0402,APAC,Greater China,Support & CS,Online,3,1331.78,0.2550,2976.58,2248.83
O-00032,2025-07-02,C-0123,APAC,Japan,Hardware,Partner,1,1434.12,0.3500,932.18,977.37
O-00033,2025-07-02,C-0255,EU,UK & Ireland,Software,Direct,98,292.55,0.3500,18635.44,8657.32
O-00034,2025-07-02,C-0224,US,US West,Software,Direct,74,522.36,0.3500,25125.52,11397.48
O-00035,2025-07-02,C-0729,US,US East,Software,Online,64,195.05,0.2667,9153.71,3582.08
O-00036,2025-07-02,C-0490,US,US West,Software,Partner,74,81.23,0.3336,4005.91,1772.30
O-00037,2025-07-02,C-0781,APAC,Greater China,Hardware,Partner,16,869.48,0.3436,9131.11,9498.88
O-00038,2025-07-02,C-0604,EU,Southern Europe,Hardware,Direct,8,943.27,0.3500,4905.00,5179.76
O-00039,2025-07-02,C-0703,EU,DACH,Hardware,Partner,15,2951.43,0.3491,28818.44,30452.85
O-00040,2025-07-02,C-0692,US,US East,Software,Partner,87,557.02,0.3500,31499.48,14131.41
O-00041,2025-07-02,C-0381,EU,DACH,Hardware,Online,16,1334.98,0.2530,15956.70,14069.44
O-00042,2025-07-02,C-0335,US,US West,Software,Partner,77,637.91,0.3500,31927.40,14860.23
O-00043,2025-07-02,C-0505,APAC,Greater China,Software,Direct,88,644.41,0.3500,36860.25,16888.96
O-00044,2025-07-02,C-0750,US,US Central,Support & CS,Partner,4,1662.10,0.3500,4321.46,3606.04
O-00045,2025-07-02,C-0316,US,US East,Hardware,Direct,17,1539.70,0.3500,17013.69,16737.86
O-00046,2025-07-02,C-0624,US,US West,Hardware,Partner,4,2215.38,0.3500,5759.99,5664.40
O-00047,2025-07-02,C-0065,EU,DACH,Software,Direct,76,225.86,0.3500,11157.48,5205.24
O-00048,2025-07-02,C-0143,US,US Central,Hardware,Partner,14,1718.66,0.3474,15701.58,15740.20
O-00049,2025-07-02,C-0765,US,US East,Support & CS,Partner,11,1258.95,0.3500,9001.49,7581.09
O-00050,2025-07-02,C-0258,EU,UK & Ireland,Software,Partner,119,200.14,0.3460,15576.36,7331.59
O-00051,2025-07-02,C-0232,EU,Southern Europe,Hardware,Online,2,2328.04,0.2667,3414.52,3175.74
O-00052,2025-07-02,C-0402,APAC,Greater China,Software,Direct,52,350.76,0.3500,11855.69,5403.32
O-00053,2025-07-02,C-0194,US,US West,Software,Direct,59,94.21,0.3500,3612.95,1646.69
O-00054,2025-07-03,C-0641,APAC,Greater China,Services,Partner,16,509.19,0.3500,5295.58,4983.52
O-00055,2025-07-03,C-0455,US,US West,Services,Partner,19,463.00,0.3500,5718.05,5260.91
O-00056,2025-07-03,C-0395,US,US West,Hardware,Partner,6,3973.47,0.3500,15496.53,15961.74
O-00057,2025-07-03,C-0537,EU,UK & Ireland,Software,Partner,48,376.69,0.3500,11752.73,5583.84
O-00058,2025-07-03,C-0452,APAC,Southeast Asia,Software,Online,5,361.76,0.2735,1314.05,535.50
O-00059,2025-07-03,C-0540,US,US Central,Hardware,Partner,5,2814.83,0.3460,9204.36,8892.30
O-00060,2025-07-03,C-0077,EU,UK & Ireland,Hardware,Partner,6,1843.25,0.3500,7188.68,7427.16
O-00061,2025-07-03,C-0548,US,US Central,Software,Online,93,292.75,0.2384,20736.44,8169.12
O-00062,2025-07-03,C-0226,EU,UK & Ireland,Software,Partner,21,126.43,0.3472,1733.30,802.20
O-00063,2025-07-03,C-0256,US,US Central,Software,Online,76,786.62,0.2722,43508.33,18142.72
O-00064,2025-07-03,C-0343,US,US West,Hardware,Direct,2,389.86,0.3500,506.82,491.86
O-00065,2025-07-03,C-0368,EU,DACH,Services,Partner,1,560.61,0.3500,364.40,360.22
O-00066,2025-07-03,C-0103,US,US East,Software,Partner,35,289.72,0.3400,6692.15,2928.80
O-00067,2025-07-03,C-0324,US,US Central,Hardware,Partner,3,1257.06,0.3302,2525.89,2513.13
O-00068,2025-07-03,C-0053,APAC,Japan,Services,Partner,9,620.35,0.3324,3727.53,3553.92
O-00069,2025-07-03,C-0769,US,US West,Services,Partner,34,497.04,0.3500,10984.58,10430.18
O-00070,2025-07-03,C-0391,EU,DACH,Hardware,Partner,12,2536.63,0.3480,19845.25,20463.60
O-00071,2025-07-03,C-0227,US,US East,Hardware,Partner,17,3973.51,0.3375,44750.44,44786.33
O-00072,2025-07-03,C-0621,APAC,ANZ,Hardware,Direct,6,2305.74,0.3500,8992.39,8916.54
O-00073,2025-07-03,C-0693,EU,Southern Europe,Software,Direct,17,548.92,0.3500,6065.57,2894.93
O-00074,2025-07-03,C-0739,US,US Central,Software,Direct,105,452.15,0.3500,30859.24,13642.65
O-00075,2025-07-03,C-0295,US,US East,Software,Partner,62,673.13,0.3495,27146.81,12336.14
O-00076,2025-07-03,C-0564,EU,DACH,Software,Partner,70,102.16,0.3309,4784.78,2114.70
O-00077,2025-07-03,C-0206,APAC,Japan,Hardware,Partner,4,2613.97,0.3500,6796.32,6735.40
O-00078,2025-07-03,C-0699,US,US Central,Hardware,Direct,17,2059.24,0.3500,22754.60,22822.67
O-00079,2025-07-03,C-0407,EU,UK & Ireland,Support & CS,Direct,3,632.46,0.3500,1233.30,1062.69
O-00080,2025-07-04,C-0090,APAC,Southeast Asia,Support & CS,Partner,6,1445.72,0.3335,5781.03,4737.78
O-00081,2025-07-04,C-0015,US,US East,Hardware,Partner,4,2131.37,0.3500,5541.56,5524.00
O-00082,2025-07-04,C-0682,APAC,Southeast Asia,Services,Partner,41,421.49,0.3409,11390.43,10641.55
O-00083,2025-07-04,C-0326,EU,Benelux & Nordics,Hardware,Direct,5,1575.67,0.3500,5120.93,5246.00
O-00084,2025-07-04,C-0186,APAC,ANZ,Hardware,Direct,10,1724.01,0.3500,11206.06,11315.00
O-00085,2025-07-04,C-0094,EU,Benelux & Nordics,Hardware,Partner,12,2526.51,0.3500,19706.78,19722.36
O-00086,2025-07-04,C-0035,APAC,Greater China,Services,Partner,32,374.34,0.3433,7866.43,7344.64
O-00087,2025-07-04,C-0035,APAC,Greater China,Services,Online,2,608.32,0.2708,887.18,779.58
O-00088,2025-07-04,C-0532,EU,DACH,Services,Partner,34,289.64,0.3451,6449.70,6134.28
O-00089,2025-07-04,C-0609,EU,DACH,Hardware,Online,2,1545.32,0.2601,2286.76,2015.30
O-00090,2025-07-04,C-0392,EU,Southern Europe,Support & CS,Direct,7,1850.82,0.3500,8421.23,7395.08
O-00091,2025-07-04,C-0767,US,US East,Hardware,Partner,14,1546.12,0.3356,14381.83,13990.20
O-00092,2025-07-04,C-0208,US,US East,Hardware,Partner,14,3282.20,0.3429,30193.95,30202.06
O-00093,2025-07-04,C-0130,EU,Southern Europe,Services,Partner,34,242.37,0.3370,5463.58,5275.10
O-00094,2025-07-04,C-0762,EU,Benelux & Nordics,Software,Direct,81,302.79,0.3500,15941.89,7496.55
O-00095,2025-07-04,C-0176,APAC,Greater China,Software,Direct,100,331.63,0.3500,21555.95,9726.00
O-00096,2025-07-04,C-0490,US,US West,Services,Partner,45,210.98,0.3368,6296.61,5859.00
O-00097,2025-07-04,C-0604,EU,Southern Europe,Software,Direct,79,894.28,0.3500,45921.28,22049.69
O-00098,2025-07-04,C-0363,EU,DACH,Software,Direct,27,272.68,0.3500,4785.53,2218.05
O-00099,2025-07-04,C-0432,APAC,ANZ,Software,Direct,41,532.49,0.3500,14190.86,6775.25
O-00100,2025-07-04,C-0137,EU,DACH,Services,Partner,32,252.82,0.3499,5259.69,4984.96
O-00101,2025-07-04,C-0706,APAC,Japan,Support & CS,Partner,11,955.26,0.3500,6830.11,5681.06
O-00102,2025-07-04,C-0077,EU,UK & Ireland,Software,Partner,60,691.73,0.3435,27246.55,12859.80
O-00103,2025-07-04,C-0134,EU,UK & Ireland,Support & CS,Online,8,2246.35,0.2535,13415.07,10049.04
O-00104,2025-07-04,C-0010,APAC,Southeast Asia,Hardware,Partner,14,2085.13,0.3500,18974.68,19547.78
O-00105,2025-07-04,C-0673,US,US West,Hardware,Online,3,3865.58,0.2680,8489.38,7640.04
O-00106,2025-07-04,C-0743,US,US Central,Software,Partner,12,787.39,0.3379,6255.89,2832.72
O-00107,2025-07-04,C-0082,EU,Southern Europe,Support & CS,Partner,4,1567.54,0.3302,4199.67,3472.08
O-00108,2025-07-04,C-0708,EU,DACH,Services,Online,26,565.12,0.2747,10656.75,9273.42
O-00109,2025-07-04,C-0054,EU,UK & Ireland,Hardware,Direct,6,880.96,0.3500,3435.74,3643.62
O-00110,2025-07-04,C-0437,US,US West,Hardware,Direct,13,3213.13,0.3500,27150.95,26354.64
O-00111,2025-07-04,C-0068,EU,UK & Ireland,Services,Partner,15,234.48,0.3389,2325.26,2221.65
O-00112,2025-07-05,C-0374,APAC,ANZ,Hardware,Partner,7,1528.10,0.3500,6952.85,7125.51
O-00113,2025-07-05,C-0134,EU,UK & Ireland,Software,Partner,24,633.19,0.3339,10121.86,4662.24
O-00114,2025-07-05,C-0608,APAC,Greater China,Support & CS,Partner,5,992.06,0.3500,3224.19,2734.40
O-00115,2025-07-05,C-0674,EU,DACH,Hardware,Direct,1,4189.46,0.3500,2723.15,2740.30
O-00116,2025-07-05,C-0195,APAC,Southeast Asia,Hardware,Direct,5,3609.06,0.3500,11729.44,11921.95
O-00117,2025-07-05,C-0769,US,US West,Services,Direct,44,133.42,0.3500,3815.81,3648.92
O-00118,2025-07-05,C-0193,US,US West,Software,Direct,35,84.40,0.3500,1920.10,894.95
O-00119,2025-07-05,C-0024,EU,UK & Ireland,Software,Online,70,689.33,0.2519,36097.37,14831.60
O-00120,2025-07-05,C-0319,APAC,Japan,Services,Partner,23,125.26,0.3347,1916.70,1763.87
O-00121,2025-07-05,C-0724,EU,DACH,Hardware,Partner,10,3164.69,0.3500,20570.49,20841.20
O-00122,2025-07-05,C-0318,US,US East,Hardware,Direct,16,2489.33,0.3500,25889.03,25563.36
O-00123,2025-07-05,C-0516,APAC,Southeast Asia,Software,Online,19,709.22,0.2479,10134.02,4078.54
O-00124,2025-07-05,C-0455,US,US West,Support & CS,Online,12,768.13,0.2733,6698.80,4947.36
O-00125,2025-07-05,C-0699,US,US Central,Services,Direct,24,457.07,0.3500,7130.29,6732.48
O-00126,2025-07-05,C-0054,EU,UK & Ireland,Hardware,Direct,7,505.39,0.3500,2299.52,2318.12
O-00127,2025-07-05,C-0199,APAC,ANZ,Hardware,Online,18,4172.09,0.2714,54712.58,50250.42
O-00128,2025-07-05,C-0229,US,US West,Software,Partner,114,686.54,0.3500,50872.61,22855.86
O-00129,2025-07-05,C-0227,US,US East,Hardware,Partner,17,1942.64,0.3500,21466.17,21735.86
O-00130,2025-07-05,C-0378,EU,Benelux & Nordics,Hardware,Partner,2,1765.43,0.3354,2346.72,2430.90
O-00131,2025-07-05,C-0090,APAC,Southeast Asia,Hardware,Partner,14,2147.86,0.3433,19747.47,20316.94
O-00132,2025-07-05,C-0761,US,US West,Hardware,Direct,16,1279.06,0.3500,13302.22,13243.04
O-00133,2025-07-05,C-0071,APAC,Greater China,Support & CS,Online,10,2024.81,0.2731,14718.08,11020.00
O-00134,2025-07-05,C-0130,EU,Southern Europe,Hardware,Partner,12,489.05,0.3499,3815.04,3929.64
O-00135,2025-07-05,C-0310,US,US Central,Hardware,Partner,17,2102.14,0.3485,23283.70,23793.20
O-00136,2025-07-05,C-0448,EU,UK & Ireland,Hardware,Partner,9,3936.96,0.3422,23307.88,23537.16
O-00137,2025-07-05,C-0054,EU,UK & Ireland,Hardware,Online,11,4164.32,0.2539,34175.06,30729.49
O-00138,2025-07-05,C-0279,US,US East,Software,Direct,87,592.57,0.3500,33509.83,15249.36
O-00139,2025-07-05,C-0201,APAC,Greater China,Software,Online,60,547.45,0.2632,24200.99,9908.40
O-00140,2025-07-05,C-0579,APAC,ANZ,Hardware,Partner,4,453.59,0.3500,1179.33,1232.80
O-00141,2025-07-06,C-0292,APAC,Japan,Hardware,Direct,7,1585.39,0.3500,7213.52,7262.50
O-00142,2025-07-06,C-0663,EU,DACH,Hardware,Partner,14,3155.13,0.3500,28711.68,30186.38
O-00143,2025-07-06,C-0328,US,US Central,Hardware,Partner,17,3445.89,0.3500,38077.08,38174.18
O-00144,2025-07-06,C-0636,APAC,Japan,Software,Direct,65,859.26,0.3500,36303.74,17006.60
O-00145,2025-07-06,C-0290,EU,Southern Europe,Support & CS,Online,6,1328.13,0.2301,6135.33,4475.04
O-00146,2025-07-06,C-0249,EU,DACH,Hardware,Direct,3,1283.60,0.3500,2503.02,2649.06
O-00147,2025-07-06,C-0688,US,US East,Hardware,Partner,2,1920.10,0.3500,2496.13,2569.92
O-00148,2025-07-06,C-0491,US,US East,Hardware,Partner,14,574.72,0.3462,5260.34,5316.36
O-00149,2025-07-06,C-0065,EU,DACH,Services,Partner,33,305.50,0.3317,6737.08,6304.98
O-00150,2025-07-06,C-0489,APAC,Greater China,Hardware,Direct,15,865.71,0.3500,8440.67,8499.45
O-00151,2025-07-06,C-0113,US,US East,Hardware,Direct,4,2496.14,0.3500,6489.96,6343.28
O-00152,2025-07-06,C-0617,APAC,ANZ,Support & CS,Partner,12,1925.03,0.3500,15015.23,12763.20
O-00153,2025-07-06,C-0416,EU,Benelux & Nordics,Software,Online,98,488.04,0.2619,35299.58,14762.72
O-00154,2025-07-06,C-0777,EU,UK & Ireland,Software,Direct,86,397.77,0.3500,22235.34,10342.36
O-00155,2025-07-06,C-0281,US,US Central,Hardware,Direct,15,1929.26,0.3500,18810.28,19344.45
O-00156,2025-07-06,C-0266,US,US West,Services,Online,33,544.42,0.2318,13801.74,10962.60
O-00157,2025-07-06,C-0115,US,US East,Support & CS,Partner,7,1724.09,0.3500,7844.61,6487.39
O-00158,2025-07-06,C-0716,APAC,Southeast Asia,Services,Partner,41,346.40,0.3500,9231.56,9004.83
O-00159,2025-07-06,C-0597,APAC,ANZ,Software,Partner,7,813.96,0.3500,3703.52,1676.43
O-00160,2025-07-06,C-0152,EU,DACH,Services,Online,44,619.04,0.2735,19787.22,17012.16
O-00161,2025-07-06,C-0774,US,US East,Software,Direct,10,224.91,0.3500,1461.91,656.60
O-00162,2025-07-06,C-0662,EU,DACH,Support & CS,Partner,9,1379.91,0.3472,8107.08,6763.77
O-00163,2025-07-06,C-0629,US,US East,Support & CS,Partner,2,1160.28,0.3381,1535.99,1259.86
O-00164,2025-07-06,C-0423,US,US East,Services,Online,35,633.85,0.2620,16372.16,13513.85
O-00165,2025-07-06,C-0614,US,US West,Software,Partner,48,220.98,0.3364,7038.56,3133.44
O-00166,2025-07-06,C-0577,US,US East,Hardware,Online,13,3749.29,0.2345,37312.68,30790.76
O-00167,2025-07-06,C-0110,EU,DACH,Software,Direct,9,503.42,0.3500,2945.01,1414.53
O-00168,2025-07-06,C-0781,APAC,Greater China,Software,Partner,83,684.03,0.3500,36903.42,17532.09
O-00169,2025-07-06,C-0235,EU,Southern Europe,Services,Direct,21,564.89,0.3500,7710.75,7634.13
O-00170,2025-07-06,C-0501,US,US West,Support & CS,Partner,5,1027.21,0.3343,3419.24,2810.00
O-00171,2025-07-06,C-0290,EU,Southern Europe,Support & CS,Online,2,1469.95,0.2429,2225.90,1605.26
O-00172,2025-07-06,C-0161,APAC,ANZ,Hardware,Online,11,1324.76,0.2451,11001.10,9848.30
O-00173,2025-07-06,C-0327,EU,Benelux & Nordics,Software,Partner,77,540.00,0.3500,27027.00,12788.93
O-00174,2025-07-07,C-0368,EU,DACH,Software,Partner,65,79.11,0.3405,3391.50,1569.10
O-00175,2025-07-07,C-0649,EU,DACH,Hardware,Direct,3,2429.50,0.3500,4737.53,5015.61
O-00176,2025-07-07,C-0055,EU,UK & Ireland,Services,Online,41,471.76,0.2531,14447.23,12252.85
O-00177,2025-07-07,C-0568,APAC,ANZ,Hardware,Direct,7,4136.11,0.3500,18819.30,19221.30
O-00178,2025-07-07,C-0277,EU,UK & Ireland,Software,Direct,6,313.93,0.3500,1224.33,562.08
O-00179,2025-07-07,C-0437,US,US West,Support & CS,Partner,10,2254.11,0.3500,14651.72,12009.80
O-00180,2025-07-07,C-0630,US,US Central,Services,Partner,5,388.85,0.3403,1282.67,1185.20
O-00181,2025-07-07,C-0096,US,US East,Software,Partner,105,455.82,0.3317,31985.30,14498.40
O-00182,2025-07-07,C-0570,EU,Southern Europe,Support & CS,Online,10,371.72,0.2654,2730.58,2112.10
O-00183,2025-07-07,C-0688,US,US East,Software,Partner,78,662.92,0.3500,33610.04,15595.32
O-00184,2025-07-07,C-0032,EU,Southern Europe,Support & CS,Online,12,2143.25,0.2638,18935.23,14048.64
O-00185,2025-07-07,C-0281,US,US Central,Hardware,Partner,17,2840.28,0.3500,31385.09,31877.21
O-00186,2025-07-07,C-0002,APAC,Japan,Services,Partner,4,284.89,0.3500,740.71,713.72
O-00187,2025-07-07,C-0352,US,US West,Software,Partner,45,485.50,0.3500,14200.88,6332.40
O-00188,2025-07-07,C-0577,US,US East,Services,Direct,36,600.25,0.3500,14045.85,13150.44
O-00189,2025-07-07,C-0072,APAC,ANZ,Software,Partner,55,253.95,0.3500,9078.71,4117.85
O-00190,2025-07-07,C-0309,EU,UK & Ireland,Hardware,Partner,16,3842.32,0.3500,39960.13,41654.24
O-00191,2025-07-07,C-0324,US,US Central,Services,Partner,9,309.81,0.3440,1829.05,1723.41
O-00192,2025-07-07,C-0757,EU,Southern Europe,Software,Partner,67,334.39,0.3341,14919.04,6687.27
O-00193,2025-07-07,C-0619,APAC,Southeast Asia,Services,Partner,34,274.87,0.3500,6074.63,5770.14
O-00194,2025-07-07,C-0579,APAC,ANZ,Hardware,Partner,16,2085.95,0.3500,21693.88,22017.76
O-00195,2025-07-07,C-0208,US,US East,Support & CS,Partner,7,1391.60,0.3500,6331.78,5237.47
O-00196,2025-07-07,C-0621,APAC,ANZ,Services,Partner,1,428.87,0.3498,278.87,269.72
O-00197,2025-07-07,C-0671,EU,DACH,Hardware,Partner,7,1847.16,0.3500,8404.58,8468.46
O-00198,2025-07-07,C-0029,US,US West,Hardware,Direct,8,405.99,0.3500,2111.15,2126.16
O-00199,2025-07-08,C-0608,APAC,Greater China,Support & CS,Direct,8,1589.84,0.3500,8267.17,7209.20
O-00200,2025-07-08,C-0316,US,US East,Hardware,Direct,8,1009.41,0.3500,5248.93,5373.28
O-00201,2025-07-08,C-0310,US,US Central,Support & CS,Partner,2,1748.73,0.3500,2273.35,1937.38
O-00202,2025-07-08,C-0144,EU,Benelux & Nordics,Support & CS,Online,9,882.49,0.2374,6056.66,4366.62
O-00203,2025-07-08,C-0387,US,US Central,Software,Direct,50,222.66,0.3500,7236.45,3202.50
O-00204,2025-07-08,C-0275,EU,UK & Ireland,Software,Online,11,533.87,0.2749,4258.41,1796.74
O-00205,2025-07-08,C-0525,EU,Benelux & Nordics,Hardware,Partner,2,4004.35,0.3500,5205.65,5283.24
O-00206,2025-07-08,C-0370,EU,UK & Ireland,Hardware,Direct,12,3378.11,0.3500,26349.26,27358.68
O-00207,2025-07-08,C-0192,APAC,Japan,Software,Direct,19,572.83,0.3500,7074.45,3268.95
O-00208,2025-07-08,C-0142,US,US East,Services,Direct,4,242.39,0.3500,630.21,585.12
O-00209,2025-07-08,C-0666,US,US East,Software,Partner,82,614.68,0.3500,32762.44,15011.74
O-00210,2025-07-08,C-0109,US,US East,Hardware,Partner,4,2551.77,0.3500,6634.60,6683.28
O-00211,2025-07-08,C-0345,EU,UK & Ireland,Software,Partner,100,475.94,0.3482,31023.23,14417.00
O-00212,2025-07-08,C-0393,EU,Southern Europe,Hardware,Direct,3,2677.90,0.3500,5221.91,5507.52
O-00213,2025-07-08,C-0171,EU,Southern Europe,Software,Partner,86,77.22,0.3440,4356.33,2019.28
O-00214,2025-07-08,C-0179,EU,DACH,Software,Online,105,726.95,0.2363,58289.91,23457.00
O-00215,2025-07-08,C-0014,US,US West,Services,Partner,25,128.97,0.3384,2133.19,1999.75
O-00216,2025-07-08,C-0096,US,US East,Hardware,Direct,17,2455.76,0.3500,27136.15,26360.37
O-00217,2025-07-08,C-0184,US,US West,Hardware,Partner,4,1822.21,0.3500,4737.75,4753.04
O-00218,2025-07-08,C-0338,EU,UK & Ireland,Hardware,Direct,16,2559.05,0.3500,26614.12,27691.52
O-00219,2025-07-08,C-0363,EU,DACH,Services,Partner,19,251.92,0.3343,3186.12,2996.49
O-00220,2025-07-08,C-0008,EU,Southern Europe,Software,Partner,98,165.32,0.3500,10530.88,5045.04
O-00221,2025-07-08,C-0471,US,US East,Hardware,Online,18,2618.02,0.2415,35742.24,29871.90
O-00222,2025-07-08,C-0150,US,US Central,Hardware,Partner,3,1791.44,0.3500,3493.31,3442.59
O-00223,2025-07-08,C-0744,US,US East,Hardware,Direct,18,1487.12,0.3500,17399.30,17767.98
O-00224,2025-07-08,C-0763,APAC,ANZ,Support & CS,Partner,9,1567.77,0.3459,9229.10,7985.34
O-00225,2025-07-08,C-0708,EU,DACH,Software,Online,119,605.56,0.2553,53663.55,21337.89
O-00226,2025-07-08,C-0206,APAC,Japan,Hardware,Online,5,3421.39,0.2530,12779.58,11283.90
O-00227,2025-07-08,C-0462,EU,Benelux & Nordics,Software,Partner,83,873.69,0.3500,47135.58,21540.99
O-00228,2025-07-08,C-0690,US,US Central,Software,Online,74,434.18,0.2331,24638.91,9688.08
O-00229,2025-07-08,C-0232,EU,Southern Europe,Hardware,Direct,15,3092.30,0.3500,30149.92,30970.05
O-00230,2025-07-08,C-0394,EU,DACH,Hardware,Partner,6,1527.26,0.3500,5956.31,6042.60
O-00231,2025-07-08,C-0381,EU,DACH,Hardware,Partner,10,548.42,0.3500,3564.73,3665.50
O-00232,2025-07-08,C-0699,US,US Central,Hardware,Online,7,2065.62,0.2674,10592.81,9245.88
O-00233,2025-07-08,C-0356,US,US West,Services,Partner,34,278.68,0.3428,6227.12,5668.82
O-00234,2025-07-09,C-0283,APAC,Southeast Asia,Software,Direct,27,154.27,0.3500,2707.44,1276.83
O-00235,2025-07-09,C-0580,EU,Benelux & Nordics,Hardware,Partner,12,2223.04,0.3500,17339.71,17804.04
O-00236,2025-07-09,C-0403,EU,DACH,Hardware,Partner,8,1919.18,0.3500,9979.74,10170.64
O-00237,2025-07-09,C-0618,EU,DACH,Support & CS,Direct,3,2070.96,0.3500,4038.37,3529.23
O-00238,2025-07-09,C-0499,US,US West,Hardware,Online,14,3363.06,0.2764,34067.81,31072.16
O-00239,2025-07-09,C-0664,APAC,Japan,Hardware,Online,17,992.00,0.2379,12851.42,11307.04
O-00240,2025-07-09,C-0619,APAC,Southeast Asia,Hardware,Partner,13,1554.76,0.3500,13137.72,13154.18
O-00241,2025-07-09,C-0777,EU,UK & Ireland,Hardware,Partner,13,3792.53,0.3452,32283.25,32311.11
O-00242,2025-07-09,C-0800,US,US Central,Services,Partner,33,570.58,0.3500,12238.94,11813.01
O-00243,2025-07-09,C-0123,APAC,Japan,Hardware,Direct,13,1207.55,0.3500,10203.80,10534.29
O-00244,2025-07-09,C-0112,EU,UK & Ireland,Software,Direct,64,561.17,0.3500,23344.67,11058.56
O-00245,2025-07-09,C-0380,US,US West,Software,Partner,21,260.15,0.3500,3551.05,1659.84
O-00246,2025-07-09,C-0103,US,US East,Hardware,Partner,17,3913.85,0.3419,43787.86,42138.92
O-00247,2025-07-09,C-0494,APAC,Southeast Asia,Support & CS,Partner,6,1676.50,0.3332,6707.34,5626.26
O-00248,2025-07-09,C-0676,APAC,ANZ,Hardware,Direct,9,3132.33,0.3500,18324.13,18531.18
O-00249,2025-07-09,C-0568,APAC,ANZ,Software,Partner,99,616.83,0.3500,39693.01,18666.45
O-00250,2025-07-09,C-0397,US,US East,Hardware,Online,10,2998.16,0.2411,22753.06,19993.10
O-00251,2025-07-09,C-0186,APAC,ANZ,Services,Online,13,533.91,0.2640,5108.47,4260.88
O-00252,2025-07-09,C-0326,EU,Benelux & Nordics,Hardware,Direct,9,1918.23,0.3500,11221.65,11612.88
O-00253,2025-07-09,C-0290,EU,Southern Europe,Services,Partner,9,267.82,0.3461,1576.27,1476.18
O-00254,2025-07-09,C-0057,EU,Southern Europe,Services,Partner,12,360.80,0.3399,2857.99,2767.92
O-00255,2025-07-09,C-0127,EU,UK & Ireland,Services,Partner,23,236.09,0.3354,3608.82,3405.15
O-00256,2025-07-09,C-0740,APAC,ANZ,Software,Direct,13,536.69,0.3500,4535.03,2089.62
O-00257,2025-07-09,C-0778,US,US West,Hardware,Direct,16,3197.46,0.3500,33253.58,32789.76
O-00258,2025-07-09,C-0575,US,US West,Software,Online,24,342.90,0.2596,6093.60,2369.76
O-00259,2025-07-09,C-0116,US,US East,Services,Partner,42,574.21,0.3500,15675.93,14295.54
O-00260,2025-07-09,C-0560,EU,UK & Ireland,Services,Direct,20,502.61,0.3500,6533.93,6142.80
O-00261,2025-07-09,C-0277,EU,UK & Ireland,Software,Online,66,649.89,0.2446,32399.12,12964.38
O-00262,2025-07-10,C-0227,US,US East,Software,Partner,74,499.54,0.3429,24289.12,10912.04
O-00263,2025-07-10,C-0374,APAC,ANZ,Hardware,Partner,1,3553.36,0.3397,2346.28,2404.15
O-00264,2025-07-10,C-0347,US,US East,Software,Direct,37,196.05,0.3500,4715.00,2179.30
O-00265,2025-07-10,C-0214,US,US West,Hardware,Partner,5,487.44,0.3313,1629.83,1631.60
O-00266,2025-07-10,C-0372,US,US East,Software,Online,100,395.45,0.2397,30065.27,11361.00
O-00267,2025-07-10,C-0343,US,US West,Software,Direct,6,186.43,0.3500,727.08,323.52
O-00268,2025-07-10,C-0208,US,US East,Support & CS,Partner,6,1256.90,0.3500,4901.91,4044.60
O-00269,2025-07-10,C-0517,EU,UK & Ireland,Hardware,Direct,15,1408.37,0.3500,13731.61,14545.65
O-00270,2025-07-10,C-0380,US,US West,Hardware,Partner,7,3851.75,0.3374,17864.70,17160.85
O-00271,2025-07-10,C-0430,EU,UK & Ireland,Hardware,Partner,7,1925.29,0.3418,8870.45,9052.47
O-00272,2025-07-10,C-0271,EU,DACH,Services,Partner,36,646.19,0.3355,15458.23,14234.04
O-00273,2025-07-10,C-0080,EU,Benelux & Nordics,Hardware,Partner,8,1863.76,0.3500,9691.55,10057.12
O-00274,2025-07-10,C-0121,US,US East,Support & CS,Online,10,1762.49,0.2512,13198.30,9291.70
O-00275,2025-07-10,C-0269,EU,UK & Ireland,Software,Partner,108,159.86,0.3500,11222.17,5148.36
O-00276,2025-07-10,C-0515,APAC,Southeast Asia,Support & CS,Partner,5,1697.37,0.3435,5572.03,4646.15
O-00277,2025-07-10,C-0220,EU,UK & Ireland,Services,Direct,15,530.23,0.3500,5169.74,5130.00
O-00278,2025-07-10,C-0046,APAC,Japan,Services,Partner,17,222.67,0.3500,2460.50,2323.56
O-00279,2025-07-10,C-0663,EU,DACH,Support & CS,Direct,7,1514.71,0.3500,6891.93,5797.05
O-00280,2025-07-10,C-0053,APAC,Japan,Hardware,Online,14,3649.91,0.2520,38220.67,34583.50
O-00281,2025-07-10,C-0089,US,US West,Hardware,Online,16,2755.80,0.2371,33638.57,27896.80
O-00282,2025-07-10,C-0074,US,US West,Software,Direct,119,500.06,0.3500,38679.64,17237.15
O-00283,2025-07-10,C-0277,EU,UK & Ireland,Software,Online,85,341.36,0.2716,21133.97,8703.15
O-00284,2025-07-10,C-0250,EU,Benelux & Nordics,Software,Partner,82,478.17,0.3492,25516.73,11828.50
O-00285,2025-07-10,C-0063,EU,UK & Ireland,Hardware,Direct,2,3167.19,0.3500,4117.35,4143.88
O-00286,2025-07-10,C-0265,US,US Central,Hardware,Partner,14,2277.13,0.3418,20984.46,20890.10
O-00287,2025-07-10,C-0207,APAC,Japan,Hardware,Partner,4,1452.91,0.3500,3777.57,3891.76
O-00288,2025-07-10,C-0144,EU,Benelux & Nordics,Services,Direct,7,422.61,0.3500,1922.88,1851.43
O-00289,2025-07-11,C-0744,US,US East,Services,Partner,32,484.57,0.3500,10079.06,9689.92
O-00290,2025-07-11,C-0294,EU,Southern Europe,Hardware,Online,3,3258.28,0.2552,7280.11,6657.99
O-00291,2025-07-11,C-0034,US,US East,Software,Online,81,328.92,0.2551,19845.51,7962.30
O-00292,2025-07-11,C-0722,US,US East,Services,Partner,3,523.50,0.3374,1040.61,946.92
O-00293,2025-07-11,C-0338,EU,UK & Ireland,Hardware,Online,14,943.08,0.2537,9854.03,8595.72
O-00294,2025-07-11,C-0627,US,US Central,Software,Partner,90,556.42,0.3445,32828.24,14859.00
O-00295,2025-07-11,C-0597,APAC,ANZ,Hardware,Partner,1,1986.83,0.3421,1307.08,1340.18
O-00296,2025-07-11,C-0237,US,US Central,Software,Online,10,187.37,0.2459,1412.98,562.20
O-00297,2025-07-11,C-0126,EU,UK & Ireland,Support & CS,Online,4,728.05,0.2520,2178.36,1618.08
O-00298,2025-07-11,C-0462,EU,Benelux & Nordics,Hardware,Partner,5,3786.11,0.3320,12644.75,12978.75
O-00299,2025-07-11,C-0352,US,US West,Hardware,Online,5,2279.52,0.2586,8449.84,7480.35
O-00300,2025-07-11,C-0111,APAC,ANZ,Support & CS,Direct,7,1939.95,0.3500,8826.77,7704.97
O-00301,2025-07-11,C-0249,EU,DACH,Hardware,Direct,11,3071.06,0.3500,21958.08,22558.03
O-00302,2025-07-11,C-0711,US,US Central,Services,Online,28,422.06,0.2631,8708.30,7016.52
O-00303,2025-07-11,C-0599,EU,UK & Ireland,Hardware,Partner,9,2322.32,0.3398,13798.47,13590.36
O-00304,2025-07-11,C-0312,US,US West,Hardware,Partner,1,3486.14,0.3334,2323.99,2261.90
O-00305,2025-07-11,C-0488,US,US Central,Software,Partner,37,858.87,0.3374,21054.74,9352.86
O-00306,2025-07-11,C-0152,EU,DACH,Hardware,Partner,16,2702.78,0.3500,28108.91,29261.28
O-00307,2025-07-11,C-0765,US,US East,Services,Partner,13,546.17,0.3500,4615.14,4464.98
O-00308,2025-07-11,C-0583,EU,Benelux & Nordics,Services,Partner,15,175.54,0.3380,1743.18,1645.65
O-00309,2025-07-11,C-0325,US,US East,Support & CS,Partner,2,1409.35,0.3420,1854.80,1534.74
O-00310,2025-07-11,C-0428,US,US East,Hardware,Partner,18,513.02,0.3500,6002.33,6081.30
O-00311,2025-07-12,C-0340,EU,DACH,Services,Partner,29,207.36,0.3404,3966.65,3680.97
O-00312,2025-07-12,C-0146,US,US West,Support & CS,Partner,12,1700.58,0.3466,13334.60,11318.52
O-00313,2025-07-12,C-0438,APAC,Southeast Asia,Software,Direct,106,216.17,0.3500,14894.11,6790.36
O-00314,2025-07-12,C-0550,APAC,ANZ,Services,Partner,19,580.55,0.3422,7255.72,7035.13
O-00315,2025-07-12,C-0523,US,US West,Software,Partner,15,796.85,0.3500,7769.29,3491.25
O-00316,2025-07-12,C-0548,US,US Central,Hardware,Partner,13,2185.99,0.3500,18471.62,18569.98
O-00317,2025-07-12,C-0651,US,US Central,Hardware,Partner,12,2070.26,0.3500,16148.03,16243.68
O-00318,2025-07-12,C-0533,APAC,Japan,Software,Partner,43,580.17,0.3500,16215.75,7674.64
O-00319,2025-07-12,C-0034,US,US East,Support & CS,Partner,4,905.89,0.3404,2390.05,1963.52
O-00320,2025-07-12,C-0319,APAC,Japan,Hardware,Online,11,1002.44,0.2552,8213.11,7228.21
O-00321,2025-07-12,C-0488,US,US Central,Hardware,Partner,7,3218.04,0.3500,14642.08,14402.36
O-00322,2025-07-12,C-0754,EU,DACH,Services,Direct,9,214.39,0.3500,1254.18,1193.85
O-00323,2025-07-12,C-0722,US,US East,Hardware,Direct,9,944.29,0.3500,5524.10,5610.33
O-00324,2025-07-12,C-0693,EU,Southern Europe,Software,Direct,88,779.50,0.3500,44587.40,20802.32
O-00325,2025-07-12,C-0795,EU,DACH,Software,Partner,12,173.21,0.3483,1354.66,650.04
O-00326,2025-07-12,C-0393,EU,Southern Europe,Support & CS,Direct,8,1554.95,0.3500,8085.74,7089.12
O-00327,2025-07-12,C-0364,EU,DACH,Hardware,Direct,13,2345.70,0.3500,19821.17,19999.33
O-00328,2025-07-12,C-0086,EU,UK & Ireland,Services,Partner,14,539.30,0.3439,4953.96,4827.62
O-00329,2025-07-12,C-0402,APAC,Greater China,Services,Partner,43,551.53,0.3440,15556.48,15108.48
O-00330,2025-07-12,C-0787,US,US West,Support & CS,Partner,7,1052.85,0.3500,4790.47,4031.65
O-00331,2025-07-12,C-0294,EU,Southern Europe,Hardware,Direct,4,1099.74,0.3500,2859.32,3001.56
O-00332,2025-07-13,C-0437,US,US West,Software,Online,111,415.84,0.2774,33353.39,13601.94
O-00333,2025-07-13,C-0265,US,US Central,Software,Direct,42,733.08,0.3500,20013.08,9006.48
O-00334,2025-07-13,C-0287,US,US East,Software,Direct,9,834.41,0.3500,4881.30,2236.59
O-00335,2025-07-13,C-0161,APAC,ANZ,Services,Online,22,575.53,0.2425,9590.70,7735.86
O-00336,2025-07-13,C-0546,EU,Southern Europe,Support & CS,Direct,3,891.00,0.3500,1737.45,1523.19
O-00337,2025-07-13,C-0628,APAC,ANZ,Hardware,Direct,18,3027.39,0.3500,35420.46,35389.08
O-00338,2025-07-13,C-0616,US,US Central,Hardware,Online,2,406.71,0.2626,599.84,534.18
O-00339,2025-07-13,C-0113,US,US East,Hardware,Partner,15,2432.40,0.3375,24172.74,24116.55
O-00340,2025-07-13,C-0566,US,US West,Hardware,Partner,15,1796.17,0.3500,17512.66,17843.10
O-00341,2025-07-13,C-0576,EU,Benelux & Nordics,Services,Direct,21,335.38,0.3500,4577.94,4563.30
O-00342,2025-07-13,C-0670,APAC,Greater China,Hardware,Partner,8,952.80,0.3500,4954.56,5039.20
O-00343,2025-07-13,C-0724,EU,DACH,Hardware,Direct,10,3288.89,0.3500,21377.79,21575.90
O-00344,2025-07-13,C-0575,US,US West,Hardware,Partner,8,3105.72,0.3500,16149.74,16599.36
O-00345,2025-07-13,C-0187,EU,Benelux & Nordics,Support & CS,Partner,6,2106.13,0.3500,8213.91,7106.52
O-00346,2025-07-13,C-0535,EU,UK & Ireland,Support & CS,Direct,2,494.12,0.3500,642.36,564.96
O-00347,2025-07-13,C-0633,US,US Central,Software,Direct,7,796.22,0.3500,3622.80,1624.98
O-00348,2025-07-13,C-0464,US,US East,Hardware,Partner,13,4182.01,0.3485,35420.37,34774.35
O-00349,2025-07-13,C-0482,APAC,Greater China,Software,Partner,42,424.91,0.3500,11600.04,5513.34
O-00350,2025-07-13,C-0153,EU,DACH,Support & CS,Partner,12,495.29,0.3395,3925.58,3354.84
O-00351,2025-07-13,C-0025,APAC,Japan,Software,Partner,79,731.48,0.3338,38499.18,17532.47
O-00352,2025-07-13,C-0114,US,US Central,Hardware,Direct,10,3665.29,0.3500,23824.39,24048.40
O-00353,2025-07-13,C-0511,US,US East,Hardware,Direct,16,3012.71,0.3500,31332.18,31668.80
O-00354,2025-07-13,C-0237,US,US Central,Software,Partner,47,317.56,0.3494,9710.15,4519.99
O-00355,2025-07-13,C-0256,US,US Central,Software,Direct,13,645.29,0.3500,5452.70,2494.57
O-00356,2025-07-13,C-0089,US,US West,Services,Partner,45,336.89,0.3500,9854.03,9053.55
O-00357,2025-07-13,C-0288,EU,DACH,Hardware,Direct,11,3967.80,0.3500,28369.77,28877.42
O-00358,2025-07-13,C-0125,EU,DACH,Services,Direct,28,163.40,0.3500,2973.88,2881.48
O-00359,2025-07-13,C-0363,EU,DACH,Hardware,Partner,3,2535.15,0.3424,5001.59,5003.25
O-00360,2025-07-14,C-0312,US,US West,Software,Partner,79,352.18,0.3380,18417.53,8221.53
O-00361,2025-07-14,C-0292,APAC,Japan,Hardware,Partner,3,3855.00,0.3333,7710.67,7581.27
O-00362,2025-07-14,C-0123,APAC,Japan,Support & CS,Partner,1,1544.10,0.3500,1003.66,842.21
O-00363,2025-07-14,C-0628,APAC,ANZ,Hardware,Direct,13,1409.58,0.3500,11910.95,12057.89
O-00364,2025-07-14,C-0242,APAC,Japan,Services,Partner,8,401.68,0.3500,2088.74,1991.12
O-00365,2025-07-14,C-0216,APAC,Japan,Support & CS,Direct,12,781.81,0.3500,6098.12,5091.96
O-00366,2025-07-14,C-0530,APAC,Greater China,Hardware,Partner,16,3195.50,0.3500,33233.20,34295.68
O-00367,2025-07-14,C-0137,EU,DACH,Support & CS,Direct,11,1088.63,0.3500,7783.70,6749.49
O-00368,2025-07-14,C-0601,EU,Southern Europe,Support & CS,Partner,3,1648.45,0.3337,3295.33,2785.23
O-00369,2025-07-14,C-0220,EU,UK & Ireland,Hardware,Partner,8,3954.76,0.3409,20853.87,21010.40
O-00370,2025-07-14,C-0553,US,US Central,Hardware,Partner,9,2308.63,0.3500,13505.49,13115.43
O-00371,2025-07-14,C-0334,APAC,Japan,Hardware,Direct,16,3690.17,0.3500,38377.77,39590.72
O-00372,2025-07-14,C-0454,EU,DACH,Services,Direct,16,462.10,0.3500,4805.84,4712.32
O-00373,2025-07-14,C-0534,EU,UK & Ireland,Software,Partner,48,134.50,0.3500,4196.40,1939.20
O-00374,2025-07-14,C-0345,EU,UK & Ireland,Software,Partner,26,540.92,0.3470,9183.64,4367.22
O-00375,2025-07-14,C-0179,EU,DACH,Support & CS,Online,11,2115.63,0.2607,17204.40,12859.00
O-00376,2025-07-14,C-0734,US,US West,Software,Partner,103,181.62,0.3400,12346.51,5501.23
O-00377,2025-07-14,C-0371,EU,Benelux & Nordics,Support & CS,Direct,8,1777.96,0.3500,9245.39,7777.84
O-00378,2025-07-14,C-0787,US,US West,Services,Direct,20,302.33,0.3500,3930.29,3749.40
O-00379,2025-07-14,C-0450,US,US East,Hardware,Partner,13,4149.04,0.3500,35059.39,35966.45
O-00380,2025-07-14,C-0682,APAC,Southeast Asia,Software,Partner,50,293.44,0.3386,9704.56,4530.00
O-00381,2025-07-14,C-0659,EU,Benelux & Nordics,Software,Partner,41,131.94,0.3330,3608.36,1644.10
O-00382,2025-07-14,C-0556,US,US West,Hardware,Online,9,4067.09,0.2426,27723.67,23362.65
O-00383,2025-07-14,C-0618,EU,DACH,Hardware,Direct,13,3119.58,0.3500,26360.45,27136.20
O-00384,2025-07-14,C-0258,EU,UK & Ireland,Software,Online,83,742.00,0.2312,47346.78,18435.96
O-00385,2025-07-14,C-0729,US,US East,Hardware,Direct,1,2167.50,0.3500,1408.88,1425.23
O-00386,2025-07-14,C-0046,APAC,Japan,Software,Partner,71,398.73,0.3500,18401.39,8653.48
O-00387,2025-07-14,C-0658,US,US East,Hardware,Partner,9,1807.55,0.3414,10714.15,10743.21
O-00388,2025-07-14,C-0520,APAC,ANZ,Services,Online,9,206.82,0.2385,1417.51,1137.69
O-00389,2025-07-14,C-0407,EU,UK & Ireland,Software,Partner,56,68.79,0.3500,2503.96,1146.88
O-00390,2025-07-14,C-0799,APAC,Japan,Services,Partner,44,425.46,0.3500,12168.16,11494.56
O-00391,2025-07-14,C-0751,US,US West,Hardware,Partner,11,774.46,0.3407,5616.40,5408.59
O-00392,2025-07-14,C-0204,US,US Central,Support & CS,Online,1,457.20,0.2480,343.83,249.37
O-00393,2025-07-14,C-0136,EU,UK & Ireland,Software,Direct,21,587.02,0.3500,8012.82,3786.09
O-00394,2025-07-14,C-0719,APAC,Southeast Asia,Support & CS,Online,5,1860.46,0.2339,7126.41,5092.45
O-00395,2025-07-15,C-0278,EU,Southern Europe,Support & CS,Direct,6,2074.82,0.3500,8091.80,7082.64
O-00396,2025-07-15,C-0759,EU,UK & Ireland,Support & CS,Direct,7,771.37,0.3500,3509.73,2933.98
O-00397,2025-07-15,C-0523,US,US West,Services,Partner,18,124.83,0.3379,1487.66,1372.32
O-00398,2025-07-15,C-0759,EU,UK & Ireland,Support & CS,Online,9,1460.44,0.2651,9659.36,7347.15
O-00399,2025-07-15,C-0397,US,US East,Software,Partner,109,522.57,0.3497,37043.79,16393.60
O-00400,2025-07-15,C-0064,EU,UK & Ireland,Software,Partner,74,742.72,0.3500,35724.83,16812.06
O-00401,2025-07-15,C-0064,EU,UK & Ireland,Hardware,Direct,17,2262.17,0.3500,24996.98,26521.87
O-00402,2025-07-15,C-0519,US,US East,Software,Partner,113,125.13,0.3500,9190.80,4147.10
O-00403,2025-07-15,C-0471,US,US East,Software,Online,97,173.86,0.2586,12503.92,4892.68
O-00404,2025-07-15,C-0249,EU,DACH,Services,Partner,2,155.19,0.3409,204.57,191.04
O-00405,2025-07-15,C-0491,US,US East,Software,Partner,48,109.07,0.3388,3461.41,1544.16
O-00406,2025-07-15,C-0074,US,US West,Software,Direct,63,225.54,0.3500,9235.86,4321.17
O-00407,2025-07-15,C-0578,APAC,ANZ,Software,Partner,47,102.89,0.3500,3143.29,1433.03
O-00408,2025-07-15,C-0751,US,US West,Support & CS,Partner,4,1762.16,0.3500,4581.62,3711.56
O-00409,2025-07-15,C-0067,EU,UK & Ireland,Software,Online,112,843.38,0.2556,70316.20,27992.16
O-00410,2025-07-15,C-0664,APAC,Japan,Hardware,Partner,2,1655.55,0.3500,2152.22,2223.96
O-00411,2025-07-15,C-0464,US,US East,Software,Direct,90,409.62,0.3500,23962.77,10685.70
O-00412,2025-07-15,C-0279,US,US East,Software,Direct,65,373.29,0.3500,15771.50,7077.20
O-00413,2025-07-15,C-0085,US,US East,Software,Partner,103,64.20,0.3360,4390.56,1909.62
O-00414,2025-07-15,C-0237,US,US Central,Support & CS,Partner,7,291.86,0.3330,1362.64,1096.97
O-00415,2025-07-15,C-0658,US,US East,Software,Partner,101,840.78,0.3500,55197.21,25276.26
O-00416,2025-07-15,C-0139,EU,UK & Ireland,Services,Direct,4,318.48,0.3500,828.05,812.64
O-00417,2025-07-15,C-0555,APAC,Southeast Asia,Hardware,Partner,4,1949.23,0.3428,5124.37,5126.16
O-00418,2025-07-15,C-0364,EU,DACH,Hardware,Direct,17,1588.63,0.3500,17554.36,17775.71
O-00419,2025-07-15,C-0264,APAC,Greater China,Services,Direct,14,139.04,0.3500,1265.26,1244.74
O-00420,2025-07-16,C-0437,US,US West,Software,Partner,92,238.26,0.3492,14266.04,6447.36
O-00421,2025-07-16,C-0140,EU,Southern Europe,Hardware,Partner,16,375.09,0.3500,3900.94,4022.72
O-00422,2025-07-16,C-0225,US,US East,Hardware,Direct,6,1958.80,0.3500,7639.32,7700.82
O-00423,2025-07-16,C-0756,US,US West,Software,Online,87,66.37,0.2651,4243.68,1743.48
O-00424,2025-07-16,C-0543,APAC,Japan,Software,Partner,109,284.86,0.3500,20182.33,9388.17
O-00425,2025-07-16,C-0201,APAC,Greater China,Hardware,Partner,3,2641.36,0.3500,5150.65,5249.37
O-00426,2025-07-16,C-0089,US,US West,Software,Partner,42,186.78,0.3500,5099.09,2319.66
O-00427,2025-07-16,C-0455,US,US West,Software,Direct,57,483.89,0.3500,17928.12,8201.16
O-00428,2025-07-16,C-0318,US,US East,Hardware,Partner,14,1339.91,0.3394,12391.72,12506.34
O-00429,2025-07-16,C-0626,EU,DACH,Hardware,Partner,1,1818.10,0.3500,1181.76,1246.57
O-00430,2025-07-16,C-0159,EU,Southern Europe,Hardware,Direct,17,887.08,0.3500,9802.23,10084.74
O-00431,2025-07-17,C-0153,EU,DACH,Hardware,Online,7,4181.55,0.2441,22124.42,19817.00
O-00432,2025-07-17,C-0432,APAC,ANZ,Hardware,Partner,12,3414.49,0.3500,26633.02,27739.80
O-00433,2025-07-17,C-0041,US,US Central,Software,Partner,35,835.66,0.3500,19011.26,8873.90
O-00434,2025-07-17,C-0198,EU,Southern Europe,Services,Direct,16,373.19,0.3500,3881.18,3726.40
O-00435,2025-07-17,C-0659,EU,Benelux & Nordics,Software,Online,90,613.16,0.2689,40346.06,17171.10
O-00436,2025-07-17,C-0403,EU,DACH,Services,Partner,24,187.46,0.3500,2924.38,2842.32
O-00437,2025-07-17,C-0577,US,US East,Services,Partner,9,238.48,0.3500,1395.11,1338.48
O-00438,2025-07-17,C-0285,US,US West,Software,Partner,73,729.38,0.3500,34609.08,16199.43
O-00439,2025-07-17,C-0024,EU,UK & Ireland,Software,Partner,5,539.71,0.3379,1786.66,833.65
O-00440,2025-07-17,C-0126,EU,UK & Ireland,Software,Direct,62,459.32,0.3500,18510.60,8711.62
O-00441,2025-07-17,C-0763,APAC,ANZ,Services,Partner,44,230.34,0.3390,6698.81,6212.80
O-00442,2025-07-17,C-0740,APAC,ANZ,Services,Partner,10,622.46,0.3500,4045.99,3978.40
O-00443,2025-07-17,C-0063,EU,UK & Ireland,Services,Partner,11,343.34,0.3500,2454.88,2312.97
O-00444,2025-07-17,C-0398,EU,DACH,Support & CS,Online,6,647.03,0.2481,2918.95,2186.28
O-00445,2025-07-17,C-0574,EU,Southern Europe,Services,Partner,15,577.18,0.3500,5627.50,5490.00
O-00446,2025-07-17,C-0595,EU,Benelux & Nordics,Support & CS,Partner,5,972.67,0.3500,3161.18,2732.00
O-00447,2025-07-17,C-0206,APAC,Japan,Software,Direct,65,824.90,0.3500,34852.03,16390.40
O-00448,2025-07-17,C-0667,US,US West,Hardware,Online,3,2276.91,0.2380,5205.03,4500.12
O-00449,2025-07-17,C-0560,EU,UK & Ireland,Hardware,Partner,1,4163.31,0.3500,2706.15,2830.67
O-00450,2025-07-17,C-0646,EU,DACH,Hardware,Direct,2,1189.39,0.3500,1546.21,1564.60
O-00451,2025-07-17,C-0363,EU,DACH,Software,Partner,84,488.16,0.3368,27194.33,12310.20
O-00452,2025-07-17,C-0179,EU,DACH,Software,Partner,89,383.75,0.3500,22199.94,10129.09
O-00453,2025-07-17,C-0722,US,US East,Services,Partner,25,649.04,0.3500,10546.90,9875.25
O-00454,2025-07-17,C-0211,EU,UK & Ireland,Services,Partner,24,646.13,0.3500,10079.63,9690.48
O-00455,2025-07-17,C-0183,US,US East,Services,Partner,21,191.35,0.3500,2611.93,2491.65
O-00456,2025-07-17,C-0566,US,US West,Software,Partner,33,176.19,0.3307,3891.45,1705.11
O-00457,2025-07-17,C-0471,US,US East,Support & CS,Partner,12,736.60,0.3500,5745.48,4670.16
O-00458,2025-07-17,C-0440,EU,UK & Ireland,Software,Partner,17,357.37,0.3470,3966.94,1809.65
O-00459,2025-07-18,C-0575,US,US West,Hardware,Partner,13,3215.90,0.3309,27972.08,27479.14
O-00460,2025-07-18,C-0424,EU,Benelux & Nordics,Hardware,Direct,12,3519.76,0.3500,27454.13,28325.52
O-00461,2025-07-18,C-0523,US,US West,Services,Partner,34,541.14,0.3481,11994.36,10919.10
O-00462,2025-07-18,C-0249,EU,DACH,Hardware,Direct,14,1615.18,0.3500,14698.14,15490.02
O-00463,2025-07-18,C-0138,EU,DACH,Hardware,Online,10,1533.98,0.2392,11670.06,10496.70
O-00464,2025-07-18,C-0537,EU,UK & Ireland,Services,Partner,27,346.49,0.3500,6080.90,5992.65
O-00465,2025-07-18,C-0050,EU,Southern Europe,Software,Partner,63,579.80,0.3500,23742.81,11079.81
O-00466,2025-07-18,C-0227,US,US East,Software,Partner,54,536.61,0.3386,19164.85,8811.18
O-00467,2025-07-18,C-0537,EU,UK & Ireland,Software,Online,90,851.77,0.2576,56911.40,23465.70
O-00468,2025-07-18,C-0126,EU,UK & Ireland,Support & CS,Partner,4,1513.36,0.3500,3934.74,3450.24
O-00469,2025-07-18,C-0121,US,US East,Hardware,Direct,5,1083.13,0.3500,3520.17,3457.40
O-00470,2025-07-18,C-0213,APAC,Southeast Asia,Services,Online,45,612.24,0.2745,19989.27,16697.70
O-00471,2025-07-18,C-0093,US,US West,Hardware,Partner,2,387.43,0.3496,503.94,517.56
O-00472,2025-07-18,C-0387,US,US Central,Software,Partner,120,402.73,0.3500,31412.94,14277.60
O-00473,2025-07-18,C-0703,EU,DACH,Services,Partner,6,468.51,0.3500,1827.19,1722.00
O-00474,2025-07-18,C-0306,APAC,Japan,Software,Partner,18,211.45,0.3500,2473.97,1149.48
O-00475,2025-07-18,C-0029,US,US West,Hardware,Online,7,1803.01,0.2579,9365.63,8432.06
O-00476,2025-07-18,C-0568,APAC,ANZ,Support & CS,Partner,8,576.16,0.3494,2998.94,2559.52
O-00477,2025-07-18,C-0366,US,US West,Software,Partner,95,589.70,0.3490,36472.56,16405.55
O-00478,2025-07-18,C-0158,US,US West,Support & CS,Partner,11,1714.06,0.3500,12255.53,10273.89
O-00479,2025-07-18,C-0148,EU,Benelux & Nordics,Software,Direct,37,83.26,0.3500,2002.40,957.56
O-00480,2025-07-18,C-0491,US,US East,Hardware,Partner,7,2530.48,0.3500,11513.68,11535.65
O-00481,2025-07-18,C-0139,EU,UK & Ireland,Hardware,Direct,15,2178.36,0.3500,21239.01,22273.95
O-00482,2025-07-18,C-0187,EU,Benelux & Nordics,Hardware,Direct,8,3012.28,0.3500,15663.86,16394.16
O-00483,2025-07-18,C-0169,EU,Benelux & Nordics,Support & CS,Direct,2,1725.99,0.3500,2243.79,1892.06
O-00484,2025-07-18,C-0224,US,US West,Software,Partner,61,646.14,0.3500,25619.45,11556.45
O-00485,2025-07-18,C-0660,EU,Benelux & Nordics,Hardware,Partner,2,1198.47,0.3500,1558.01,1584.56
O-00486,2025-07-18,C-0587,EU,UK & Ireland,Hardware,Partner,13,2338.65,0.3300,20368.44,20404.28
O-00487,2025-07-18,C-0712,EU,Southern Europe,Hardware,Direct,10,3889.58,0.3500,25282.27,25340.80
O-00488,2025-07-18,C-0712,EU,Southern Europe,Support & CS,Partner,11,644.10,0.3500,4605.32,3931.62
O-00489,2025-07-18,C-0767,US,US East,Software,Partner,91,359.98,0.3500,21292.82,9599.59
O-00490,2025-07-19,C-0794,APAC,ANZ,Services,Partner,10,205.93,0.3372,1364.84,1303.90
O-00491,2025-07-19,C-0216,APAC,Japan,Software,Partner,27,430.08,0.3500,7547.90,3591.00
O-00492,2025-07-19,C-0608,APAC,Greater China,Software,Online,54,316.95,0.2796,12329.62,5243.94
O-00493,2025-07-19,C-0386,US,US East,Support & CS,Direct,11,1724.17,0.3500,12327.82,10186.77
O-00494,2025-07-19,C-0695,EU,Benelux & Nordics,Hardware,Partner,2,1578.00,0.3500,2051.40,2066.82
O-00495,2025-07-19,C-0703,EU,DACH,Software,Direct,43,400.95,0.3500,11206.55,5107.11
O-00496,2025-07-19,C-0205,US,US East,Software,Direct,38,102.04,0.3500,2520.39,1148.74
O-00497,2025-07-19,C-0172,EU,DACH,Software,Direct,82,289.18,0.3500,15413.29,7279.96
O-00498,2025-07-19,C-0564,EU,DACH,Hardware,Online,2,1183.58,0.2543,1765.11,1567.38
O-00499,2025-07-19,C-0288,EU,DACH,Support & CS,Partner,2,337.58,0.3500,438.85,386.08
O-00500,2025-07-19,C-0259,EU,Southern Europe,Services,Partner,38,439.81,0.3500,10863.31,10222.38
O-00501,2025-07-19,C-0711,US,US Central,Services,Partner,40,591.03,0.3500,15366.78,14016.80
O-00502,2025-07-19,C-0450,US,US East,Software,Partner,58,834.90,0.3500,31475.73,14545.82
O-00503,2025-07-19,C-0095,US,US East,Hardware,Direct,2,3693.51,0.3500,4801.56,4777.82
O-00504,2025-07-19,C-0489,APAC,Greater China,Software,Direct,38,276.95,0.3500,6840.67,3194.66
O-00505,2025-07-19,C-0224,US,US West,Services,Partner,19,584.96,0.3500,7224.26,6841.14
O-00506,2025-07-19,C-0079,EU,DACH,Software,Partner,10,733.82,0.3500,4769.83,2222.10
O-00507,2025-07-19,C-0063,EU,UK & Ireland,Services,Online,22,599.79,0.2596,9770.03,8176.08
O-00508,2025-07-19,C-0358,EU,UK & Ireland,Hardware,Partner,13,1306.59,0.3500,11040.69,11638.64
O-00509,2025-07-19,C-0489,APAC,Greater China,Services,Partner,33,583.80,0.3382,12749.91,12314.94
O-00510,2025-07-19,C-0633,US,US Central,Software,Partner,27,655.94,0.3452,11596.22,5294.70
O-00511,2025-07-19,C-0225,US,US East,Hardware,Partner,10,414.28,0.3406,2731.67,2711.30
O-00512,2025-07-19,C-0614,US,US West,Software,Partner,89,538.28,0.3500,31139.50,14419.78
O-00513,2025-07-19,C-0584,EU,DACH,Services,Partner,25,476.55,0.3500,7743.94,7680.75
O-00514,2025-07-19,C-0688,US,US East,Software,Direct,68,825.55,0.3500,36489.31,16623.96
O-00515,2025-07-19,C-0627,US,US Central,Software,Direct,47,428.22,0.3500,13082.12,6032.45
O-00516,2025-07-19,C-0133,US,US West,Hardware,Direct,15,4101.82,0.3500,39992.74,38801.85
O-00517,2025-07-19,C-0067,EU,UK & Ireland,Support & CS,Partner,8,416.87,0.3395,2202.81,1809.68
O-00518,2025-07-19,C-0703,EU,DACH,Hardware,Partner,17,4027.13,0.3500,44499.79,45482.48
O-00519,2025-07-19,C-0139,EU,UK & Ireland,Software,Online,5,236.00,0.2591,874.30,352.15
O-00520,2025-07-19,C-0656,APAC,Greater China,Hardware,Partner,16,1521.99,0.3500,15828.70,15965.92
O-00521,2025-07-20,C-0662,EU,DACH,Hardware,Online,4,1956.78,0.2758,5668.39,5122.76
O-00522,2025-07-20,C-0521,EU,DACH,Hardware,Partner,8,814.65,0.3412,4293.50,4302.40
O-00523,2025-07-20,C-0641,APAC,Greater China,Software,Partner,102,144.68,0.3331,9842.38,4516.56
O-00524,2025-07-20,C-0309,EU,UK & Ireland,Hardware,Partner,5,3264.01,0.3381,10802.17,11095.60
O-00525,2025-07-20,C-0380,US,US West,Software,Partner,87,736.51,0.3500,41649.64,19238.31
O-00526,2025-07-20,C-0158,US,US West,Hardware,Direct,15,723.72,0.3500,7056.27,7218.30
O-00527,2025-07-20,C-0416,EU,Benelux & Nordics,Support & CS,Partner,7,1240.47,0.3497,5646.71,4742.85
O-00528,2025-07-20,C-0051,APAC,Japan,Hardware,Direct,2,1342.60,0.3500,1745.38,1765.26
O-00529,2025-07-20,C-0795,EU,DACH,Support & CS,Online,3,1501.39,0.2778,3252.96,2471.94
O-00530,2025-07-20,C-0461,EU,Benelux & Nordics,Software,Online,41,714.19,0.2692,21400.27,8809.67
O-00531,2025-07-20,C-0332,EU,Benelux & Nordics,Software,Partner,43,769.16,0.3391,21858.98,10284.74
O-00532,2025-07-20,C-0193,US,US West,Hardware,Direct,14,4109.12,0.3500,37392.99,36436.40
O-00533,2025-07-20,C-0025,APAC,Japan,Services,Partner,24,213.13,0.3352,3400.64,3172.80
O-00534,2025-07-20,C-0048,EU,Southern Europe,Hardware,Partner,10,2231.61,0.3500,14505.47,14869.30
O-00535,2025-07-20,C-0151,EU,DACH,Software,Direct,5,715.40,0.3500,2325.05,1085.45
O-00536,2025-07-20,C-0537,EU,UK & Ireland,Hardware,Direct,13,3006.58,0.3500,25405.60,25490.40
O-00537,2025-07-20,C-0337,US,US East,Services,Online,23,382.97,0.2361,6728.99,5518.62
O-00538,2025-07-20,C-0384,US,US West,Services,Partner,34,422.33,0.3500,9333.49,8526.52
O-00539,2025-07-20,C-0459,EU,UK & Ireland,Software,Partner,82,131.90,0.3500,7030.27,3329.20
O-00540,2025-07-20,C-0272,EU,UK & Ireland,Hardware,Direct,6,2164.11,0.3500,8440.03,8823.06
O-00541,2025-07-20,C-0198,EU,Southern Europe,Hardware,Partner,5,2504.13,0.3479,8164.48,8445.80
O-00542,2025-07-20,C-0428,US,US East,Software,Partner,18,627.17,0.3469,7372.56,3400.92
O-00543,2025-07-20,C-0434,EU,DACH,Software,Online,60,165.76,0.2671,7289.27,3021.00
O-00544,2025-07-20,C-0531,APAC,Japan,Software,Partner,69,188.63,0.3500,8460.06,3913.68
O-00545,2025-07-20,C-0355,APAC,Southeast Asia,Hardware,Partner,6,3216.69,0.3500,12545.09,12906.72
O-00546,2025-07-20,C-0004,EU,Southern Europe,Services,Partner,29,559.05,0.3500,10538.09,10128.54
O-00547,2025-07-20,C-0360,EU,DACH,Hardware,Partner,14,359.40,0.3500,3270.54,3300.36
O-00548,2025-07-20,C-0227,US,US East,Hardware,Partner,18,1690.72,0.3500,19781.42,20150.10
O-00549,2025-07-21,C-0008,EU,Southern Europe,Software,Partner,63,94.40,0.3442,3900.47,1821.33
O-00550,2025-07-21,C-0437,US,US West,Hardware,Direct,16,3087.22,0.3500,32107.09,31395.04
O-00551,2025-07-21,C-0007,EU,Southern Europe,Software,Partner,81,88.57,0.3500,4663.21,2237.22
O-00552,2025-07-21,C-0236,US,US East,Hardware,Online,1,3497.08,0.2536,2610.39,2313.21
O-00553,2025-07-21,C-0587,EU,UK & Ireland,Services,Direct,31,297.63,0.3500,5997.24,5869.54
O-00554,2025-07-21,C-0518,APAC,Southeast Asia,Software,Partner,63,354.23,0.3488,14532.44,6718.32
O-00555,2025-07-21,C-0584,EU,DACH,Hardware,Partner,11,2474.91,0.3500,17695.61,18360.65
O-00556,2025-07-21,C-0140,EU,Southern Europe,Hardware,Direct,13,3186.54,0.3500,26926.26,27979.38
O-00557,2025-07-21,C-0643,EU,DACH,Services,Partner,23,218.41,0.3500,3265.23,3220.00
O-00558,2025-07-21,C-0687,APAC,ANZ,Services,Partner,37,215.68,0.3500,5187.10,5105.63
O-00559,2025-07-21,C-0111,APAC,ANZ,Services,Online,41,387.52,0.2671,11644.57,10137.66
O-00560,2025-07-21,C-0051,APAC,Japan,Hardware,Online,17,541.01,0.2429,6963.53,6244.95
O-00561,2025-07-22,C-0705,APAC,Southeast Asia,Hardware,Partner,14,1190.79,0.3500,10836.19,11331.60
O-00562,2025-07-22,C-0306,APAC,Japan,Hardware,Partner,2,3213.63,0.3500,4177.72,4289.36
O-00563,2025-07-22,C-0636,APAC,Japan,Hardware,Partner,4,4042.50,0.3500,10510.50,10833.48
O-00564,2025-07-22,C-0744,US,US East,Software,Partner,96,371.85,0.3500,23203.44,10531.20
O-00565,2025-07-22,C-0587,EU,UK & Ireland,Support & CS,Direct,2,1648.43,0.3500,2142.96,1881.98
O-00566,2025-07-22,C-0368,EU,DACH,Software,Partner,32,440.68,0.3431,9262.88,4278.40
O-00567,2025-07-22,C-0281,US,US Central,Hardware,Partner,18,2578.99,0.3348,30878.35,30934.80
O-00568,2025-07-22,C-0153,EU,DACH,Hardware,Direct,3,2659.22,0.3500,5185.48,5279.61
O-00569,2025-07-22,C-0020,APAC,ANZ,Support & CS,Partner,11,2257.93,0.3500,16144.20,13659.25
O-00570,2025-07-22,C-0484,EU,Southern Europe,Hardware,Direct,2,2496.48,0.3500,3245.42,3381.28
O-00571,2025-07-22,C-0335,US,US West,Services,Partner,6,468.75,0.3500,1828.12,1705.26
O-00572,2025-07-22,C-0759,EU,UK & Ireland,Software,Online,101,277.18,0.2491,21021.81,8292.10
O-00573,2025-07-22,C-0570,EU,Southern Europe,Services,Online,25,520.16,0.2502,9750.31,8392.00
O-00574,2025-07-22,C-0237,US,US Central,Services,Direct,38,490.46,0.3500,12114.36,11371.12
O-00575,2025-07-22,C-0114,US,US Central,Software,Partner,70,223.23,0.3500,10156.97,4701.90
O-00576,2025-07-22,C-0395,US,US West,Hardware,Partner,8,2234.22,0.3500,11617.94,11692.00
O-00577,2025-07-22,C-0126,EU,UK & Ireland,Hardware,Direct,17,1662.74,0.3500,18373.28,19305.88
O-00578,2025-07-22,C-0392,EU,Southern Europe,Hardware,Partner,10,1353.92,0.3500,8800.48,9169.50
O-00579,2025-07-22,C-0790,EU,UK & Ireland,Support & CS,Direct,9,1918.01,0.3500,11220.36,9444.51
O-00580,2025-07-22,C-0029,US,US West,Hardware,Partner,7,911.15,0.3462,4169.97,4095.84
O-00581,2025-07-22,C-0658,US,US East,Software,Partner,19,632.93,0.3500,7816.69,3471.49
O-00582,2025-07-22,C-0146,US,US West,Services,Partner,31,130.04,0.3390,2664.61,2479.07
O-00583,2025-07-22,C-0020,APAC,ANZ,Hardware,Direct,14,3286.91,0.3500,29910.88,30204.02
O-00584,2025-07-22,C-0054,EU,UK & Ireland,Support & CS,Partner,12,1958.82,0.3407,15496.81,13436.40
O-00585,2025-07-22,C-0381,EU,DACH,Hardware,Online,11,1787.25,0.2596,14555.46,13303.51
O-00586,2025-07-22,C-0096,US,US East,Support & CS,Direct,5,912.85,0.3500,2966.76,2531.50
O-00587,2025-07-22,C-0732,APAC,Japan,Hardware,Direct,13,3723.68,0.3500,31465.10,31661.50
O-00588,2025-07-22,C-0361,US,US East,Support & CS,Partner,11,477.69,0.3333,3503.32,2779.15
O-00589,2025-07-22,C-0353,APAC,Japan,Software,Direct,84,546.32,0.3500,29829.07,13805.40
O-00590,2025-07-22,C-0565,EU,Southern Europe,Software,Partner,116,346.20,0.3500,26103.48,11873.76
O-00591,2025-07-22,C-0794,APAC,ANZ,Hardware,Partner,14,3239.04,0.3474,29591.32,30729.72
O-00592,2025-07-22,C-0527,US,US West,Support & CS,Partner,9,1854.72,0.3406,11007.11,9228.87
O-00593,2025-07-22,C-0471,US,US East,Software,Direct,13,603.74,0.3500,5101.60,2379.26
O-00594,2025-07-23,C-0687,APAC,ANZ,Hardware,Direct,8,3951.68,0.3500,20548.74,20474.48
O-00595,2025-07-23,C-0118,APAC,Japan,Hardware,Partner,6,1118.01,0.3500,4360.24,4342.92
O-00596,2025-07-23,C-0568,APAC,ANZ,Services,Direct,43,290.12,0.3500,8108.85,7623.47
O-00597,2025-07-23,C-0487,EU,Benelux & Nordics,Hardware,Direct,10,3371.37,0.3500,21913.90,22914.70
O-00598,2025-07-23,C-0658,US,US East,Services,Online,11,543.25,0.2723,4348.46,3559.16
O-00599,2025-07-23,C-0290,EU,Southern Europe,Hardware,Partner,8,3537.71,0.3500,18396.09,19246.40
O-00600,2025-07-23,C-0116,US,US East,Hardware,Partner,9,3583.02,0.3500,20960.67,20654.19
O-00601,2025-07-23,C-0242,APAC,Japan,Software,Partner,17,269.31,0.3352,3043.72,1339.60
O-00602,2025-07-23,C-0005,EU,DACH,Software,Online,28,730.55,0.2574,15191.17,6293.56
O-00603,2025-07-23,C-0264,APAC,Greater China,Software,Direct,96,138.25,0.3500,8626.80,3914.88
O-00604,2025-07-23,C-0643,EU,DACH,Hardware,Partner,8,2186.28,0.3339,11650.55,11837.60
O-00605,2025-07-23,C-0608,APAC,Greater China,Support & CS,Partner,7,2001.21,0.3500,9105.51,7930.79
O-00606,2025-07-23,C-0628,APAC,ANZ,Services,Partner,38,471.35,0.3342,11926.21,10842.54
O-00607,2025-07-23,C-0211,EU,UK & Ireland,Software,Partner,53,794.13,0.3500,27357.78,12941.54
O-00608,2025-07-23,C-0259,EU,Southern Europe,Support & CS,Online,6,2217.18,0.2692,9721.73,7467.60
O-00609,2025-07-23,C-0767,US,US East,Hardware,Partner,8,1896.02,0.3414,9990.50,10063.76
O-00610,2025-07-23,C-0523,US,US West,Hardware,Partner,6,561.61,0.3415,2218.90,2130.78
O-00611,2025-07-23,C-0191,US,US East,Services,Partner,36,614.77,0.3331,14759.49,13267.44
O-00612,2025-07-23,C-0574,EU,Southern Europe,Software,Direct,100,877.30,0.3500,57024.50,26538.00
O-00613,2025-07-23,C-0009,US,US West,Support & CS,Partner,1,2156.39,0.3469,1408.41,1192.74
O-00614,2025-07-23,C-0655,EU,DACH,Hardware,Direct,1,1111.15,0.3500,722.25,758.61
O-00615,2025-07-23,C-0212,APAC,ANZ,Software,Partner,35,749.47,0.3500,17050.44,7723.10
O-00616,2025-07-23,C-0252,EU,Southern Europe,Hardware,Partner,1,2042.54,0.3500,1327.65,1408.01
O-00617,2025-07-23,C-0752,EU,Benelux & Nordics,Software,Direct,6,300.91,0.3500,1173.55,550.32
O-00618,2025-07-23,C-0359,EU,DACH,Software,Partner,61,199.22,0.3500,7899.07,3646.58
O-00619,2025-07-23,C-0546,EU,Southern Europe,Hardware,Partner,4,3177.65,0.3464,8307.41,8690.88
O-00620,2025-07-24,C-0338,EU,UK & Ireland,Software,Partner,53,425.56,0.3406,14873.44,6733.12
O-00621,2025-07-24,C-0144,EU,Benelux & Nordics,Services,Direct,3,427.14,0.3500,832.92,822.57
O-00622,2025-07-24,C-0384,US,US West,Hardware,Direct,8,2057.64,0.3500,10699.73,10615.92
O-00623,2025-07-24,C-0239,EU,DACH,Services,Partner,10,514.18,0.3500,3342.17,3167.10
O-00624,2025-07-24,C-0094,EU,Benelux & Nordics,Hardware,Partner,11,3359.14,0.3500,24017.85,25364.13
O-00625,2025-07-24,C-0100,EU,DACH,Services,Partner,19,147.62,0.3487,1826.85,1758.64
O-00626,2025-07-24,C-0548,US,US Central,Hardware,Partner,7,387.12,0.3500,1761.40,1754.76
O-00627,2025-07-24,C-0500,US,US West,Support & CS,Partner,2,423.71,0.3500,550.82,451.24
O-00628,2025-07-24,C-0488,US,US Central,Software,Partner,60,671.43,0.3300,26991.38,11789.40
O-00629,2025-07-24,C-0118,APAC,Japan,Services,Direct,11,184.84,0.3500,1321.61,1298.66
O-00630,2025-07-24,C-0386,US,US East,Hardware,Partner,6,524.00,0.3500,2043.60,2025.84
O-00631,2025-07-24,C-0461,EU,Benelux & Nordics,Hardware,Partner,9,3878.21,0.3500,22687.53,22998.06
O-00632,2025-07-24,C-0162,US,US West,Hardware,Direct,4,3922.69,0.3500,10198.99,10219.48
O-00633,2025-07-24,C-0110,EU,DACH,Support & CS,Direct,7,812.07,0.3500,3694.92,3192.14
O-00634,2025-07-24,C-0706,APAC,Japan,Services,Direct,29,348.39,0.3500,6567.15,6383.77
O-00635,2025-07-24,C-0348,EU,UK & Ireland,Software,Online,76,863.30,0.2632,48343.47,19623.20
O-00636,2025-07-24,C-0148,EU,Benelux & Nordics,Hardware,Partner,3,2444.35,0.3395,4843.51,4932.06
O-00637,2025-07-24,C-0397,US,US East,Hardware,Direct,13,2527.43,0.3500,21356.78,20989.28
O-00638,2025-07-24,C-0109,US,US East,Services,Direct,11,593.94,0.3500,4246.67,3931.18
O-00639,2025-07-24,C-0384,US,US West,Services,Direct,41,155.91,0.3500,4155.00,3998.32
O-00640,2025-07-24,C-0031,US,US Central,Hardware,Partner,2,1596.20,0.3306,2136.95,2048.82
O-00641,2025-07-24,C-0437,US,US West,Services,Partner,14,512.74,0.3500,4665.93,4419.38
O-00642,2025-07-24,C-0328,US,US Central,Hardware,Partner,7,2601.35,0.3500,11836.14,11659.34
O-00643,2025-07-24,C-0096,US,US East,Services,Online,32,256.06,0.2616,6050.41,5059.20
O-00644,2025-07-24,C-0374,APAC,ANZ,Services,Partner,29,596.48,0.3500,11243.65,10736.67
O-00645,2025-07-24,C-0641,APAC,Greater China,Support & CS,Online,5,1579.64,0.2551,5882.98,4427.35
O-00646,2025-07-24,C-0566,US,US West,Services,Online,25,243.18,0.2448,4591.01,3647.75
O-00647,2025-07-24,C-0576,EU,Benelux & Nordics,Hardware,Partner,13,2743.90,0.3500,23185.96,24594.44
O-00648,2025-07-24,C-0789,APAC,Greater China,Support & CS,Online,8,2340.07,0.2465,14105.75,10107.68
O-00649,2025-07-24,C-0518,APAC,Southeast Asia,Software,Direct,44,407.58,0.3500,11656.79,5258.88
O-00650,2025-07-25,C-0089,US,US West,Software,Partner,65,159.89,0.3427,6831.73,2991.30
O-00651,2025-07-25,C-0472,EU,Southern Europe,Services,Partner,15,176.49,0.3305,1772.51,1701.15
O-00652,2025-07-25,C-0392,EU,Southern Europe,Software,Partner,26,892.25,0.3412,15282.57,7257.38
O-00653,2025-07-25,C-0519,US,US East,Software,Partner,23,868.28,0.3500,12980.79,5875.81
O-00654,2025-07-25,C-0628,APAC,ANZ,Support & CS,Partner,7,532.07,0.3500,2420.92,2030.28
O-00655,2025-07-25,C-0223,EU,DACH,Hardware,Partner,4,636.54,0.3380,1685.50,1728.48
O-00656,2025-07-25,C-0713,US,US Central,Software,Partner,58,893.03,0.3483,33757.31,15078.84
O-00657,2025-07-25,C-0052,EU,Benelux & Nordics,Software,Online,53,467.83,0.2325,19031.21,7592.78
O-00658,2025-07-25,C-0111,APAC,ANZ,Software,Partner,63,468.79,0.3445,19358.22,8685.81
O-00659,2025-07-25,C-0126,EU,UK & Ireland,Support & CS,Partner,2,440.03,0.3496,572.37,483.04
O-00660,2025-07-25,C-0080,EU,Benelux & Nordics,Software,Partner,32,231.71,0.3305,4964.17,2192.96
O-00661,2025-07-25,C-0046,APAC,Japan,Software,Partner,68,280.15,0.3462,12454.30,5618.16
O-00662,2025-07-25,C-0450,US,US East,Software,Direct,21,66.22,0.3500,903.90,407.40
O-00663,2025-07-25,C-0685,US,US East,Support & CS,Online,3,860.40,0.2568,1918.34,1395.93
O-00664,2025-07-25,C-0020,APAC,ANZ,Software,Direct,22,742.40,0.3500,10616.32,5043.94
O-00665,2025-07-25,C-0266,US,US West,Software,Online,110,247.99,0.2546,20334.41,8234.60
O-00666,2025-07-25,C-0026,EU,Southern Europe,Hardware,Direct,2,3268.22,0.3500,4248.69,4256.66
O-00667,2025-07-25,C-0151,EU,DACH,Hardware,Partner,14,2224.21,0.3420,20489.18,21334.60
O-00668,2025-07-25,C-0009,US,US West,Hardware,Partner,9,3400.68,0.3500,19893.98,20377.80
O-00669,2025-07-25,C-0708,EU,DACH,Hardware,Partner,3,761.85,0.3394,1509.79,1526.43
O-00670,2025-07-25,C-0245,US,US East,Hardware,Partner,2,1998.21,0.3305,2675.44,2637.22
O-00671,2025-07-25,C-0570,EU,Southern Europe,Hardware,Direct,15,3683.11,0.3500,35910.32,37712.25
O-00672,2025-07-25,C-0784,US,US Central,Software,Direct,13,532.23,0.3500,4497.34,2062.84
O-00673,2025-07-25,C-0358,EU,UK & Ireland,Hardware,Direct,16,3788.65,0.3500,39401.96,40714.08
O-00674,2025-07-25,C-0752,EU,Benelux & Nordics,Hardware,Partner,10,3131.35,0.3306,20961.47,20665.60
O-00675,2025-07-25,C-0628,APAC,ANZ,Software,Direct,24,386.51,0.3500,6029.56,2790.72
O-00676,2025-07-25,C-0662,EU,DACH,Support & CS,Partner,11,2102.21,0.3500,15030.80,12671.89
O-00677,2025-07-25,C-0433,US,US Central,Hardware,Partner,10,1553.95,0.3500,10100.68,9916.20
O-00678,2025-07-25,C-0753,APAC,ANZ,Hardware,Partner,6,3629.81,0.3500,14156.26,14364.30
O-00679,2025-07-25,C-0364,EU,DACH,Software,Partner,78,534.73,0.3500,27110.81,12687.48
O-00680,2025-07-26,C-0361,US,US East,Hardware,Direct,15,3368.36,0.3500,32841.51,33324.60
O-00681,2025-07-26,C-0752,EU,Benelux & Nordics,Software,Direct,62,862.24,0.3500,34748.27,16317.78
O-00682,2025-07-26,C-0115,US,US East,Hardware,Partner,5,3697.42,0.3500,12016.61,11675.15
O-00683,2025-07-26,C-0306,APAC,Japan,Hardware,Online,10,3506.20,0.2665,25717.32,23151.40
O-00684,2025-07-26,C-0543,APAC,Japan,Support & CS,Partner,3,477.24,0.3500,930.62,807.57
O-00685,2025-07-26,C-0085,US,US East,Software,Online,48,829.64,0.2565,29610.00,11864.16
O-00686,2025-07-26,C-0636,APAC,Japan,Services,Partner,16,165.55,0.3467,1730.42,1639.20
O-00687,2025-07-26,C-0272,EU,UK & Ireland,Hardware,Direct,6,2820.11,0.3500,10998.43,11182.56
O-00688,2025-07-26,C-0289,US,US West,Support & CS,Partner,7,1817.20,0.3441,8342.85,6869.73
O-00689,2025-07-26,C-0185,APAC,ANZ,Software,Direct,85,147.26,0.3500,8136.11,3770.60
O-00690,2025-07-26,C-0292,APAC,Japan,Software,Direct,42,68.62,0.3500,1873.33,847.56
O-00691,2025-07-26,C-0206,APAC,Japan,Hardware,Partner,15,3228.84,0.3487,31542.39,32860.05
O-00692,2025-07-26,C-0687,APAC,ANZ,Services,Online,33,446.27,0.2339,11282.71,9354.51
O-00693,2025-07-26,C-0573,APAC,Southeast Asia,Software,Partner,20,184.91,0.3500,2403.83,1089.00
O-00694,2025-07-26,C-0471,US,US East,Hardware,Partner,6,929.44,0.3347,3710.18,3589.80
O-00695,2025-07-26,C-0482,APAC,Greater China,Hardware,Partner,16,3815.78,0.3365,40505.76,41655.68
O-00696,2025-07-26,C-0204,US,US Central,Hardware,Direct,14,2312.91,0.3500,21047.48,21615.72
O-00697,2025-07-26,C-0614,US,US West,Hardware,Partner,11,1732.73,0.3500,12389.02,12436.27
O-00698,2025-07-26,C-0750,US,US Central,Services,Direct,28,562.98,0.3500,10246.24,9664.76
O-00699,2025-07-26,C-0623,EU,UK & Ireland,Hardware,Partner,9,1958.02,0.3476,11497.31,11543.85
O-00700,2025-07-26,C-0752,EU,Benelux & Nordics,Software,Partner,21,441.65,0.3367,6151.83,2851.80
O-00701,2025-07-26,C-0327,EU,Benelux & Nordics,Services,Online,42,183.93,0.2567,5741.72,4844.28
O-00702,2025-07-26,C-0611,APAC,Japan,Software,Partner,68,345.80,0.3500,15284.36,7138.64
O-00703,2025-07-26,C-0183,US,US East,Support & CS,Partner,12,429.80,0.3500,3352.44,2871.96
O-00704,2025-07-27,C-0723,EU,UK & Ireland,Hardware,Partner,13,4123.66,0.3402,35369.73,35676.03
O-00705,2025-07-27,C-0792,EU,Benelux & Nordics,Hardware,Direct,5,2413.23,0.3500,7843.00,8195.95
O-00706,2025-07-27,C-0366,US,US West,Hardware,Partner,8,2673.89,0.3500,13904.23,13758.56
O-00707,2025-07-27,C-0024,EU,UK & Ireland,Services,Partner,10,644.75,0.3500,4190.88,4038.50
O-00708,2025-07-27,C-0286,US,US East,Software,Partner,46,527.29,0.3347,16136.60,7095.50
O-00709,2025-07-27,C-0155,US,US East,Services,Partner,5,535.50,0.3481,1745.57,1636.20
O-00710,2025-07-27,C-0461,EU,Benelux & Nordics,Hardware,Partner,14,2292.07,0.3500,20857.84,21884.66
O-00711,2025-07-27,C-0023,US,US East,Hardware,Online,4,2393.66,0.2381,7294.92,6365.72
O-00712,2025-07-27,C-0109,US,US East,Services,Partner,13,518.90,0.3317,4507.95,4107.61
O-00713,2025-07-27,C-0569,EU,UK & Ireland,Hardware,Direct,4,1141.51,0.3500,2967.93,3003.40
O-00714,2025-07-27,C-0085,US,US East,Software,Partner,71,213.43,0.3468,9897.65,4405.55
O-00715,2025-07-27,C-0355,APAC,Southeast Asia,Hardware,Partner,15,539.33,0.3393,5345.14,5283.30
O-00716,2025-07-27,C-0692,US,US East,Hardware,Partner,12,2447.36,0.3500,19089.41,19575.24
O-00717,2025-07-27,C-0199,APAC,ANZ,Hardware,Partner,16,853.58,0.3329,9110.14,9162.72
O-00718,2025-07-27,C-0553,US,US Central,Software,Direct,79,345.99,0.3500,17766.59,8275.25
O-00719,2025-07-27,C-0741,APAC,Greater China,Services,Direct,9,486.92,0.3500,2848.48,2704.50
O-00720,2025-07-27,C-0487,EU,Benelux & Nordics,Hardware,Direct,9,1186.80,0.3500,6942.78,7334.91
O-00721,2025-07-27,C-0356,US,US West,Software,Direct,89,299.19,0.3500,17308.14,8042.04
O-00722,2025-07-27,C-0666,US,US East,Software,Partner,27,237.16,0.3500,4162.16,1932.12
O-00723,2025-07-27,C-0423,US,US East,Support & CS,Partner,5,2286.67,0.3500,7431.68,6260.35
O-00724,2025-07-27,C-0223,EU,DACH,Hardware,Direct,10,3913.40,0.3500,25437.10,25627.10
O-00725,2025-07-27,C-0696,APAC,Greater China,Hardware,Partner,10,2582.44,0.3358,17151.35,17004.90
O-00726,2025-07-27,C-0753,APAC,ANZ,Hardware,Online,7,2348.55,0.2472,12375.89,11072.46
O-00727,2025-07-27,C-0774,US,US East,Hardware,Partner,3,1753.63,0.3500,3419.58,3332.79
O-00728,2025-07-27,C-0304,APAC,Southeast Asia,Software,Partner,87,780.46,0.3500,44135.01,20597.25
O-00729,2025-07-27,C-0011,EU,DACH,Services,Partner,1,409.08,0.3500,265.90,263.43
O-00730,2025-07-27,C-0268,EU,UK & Ireland,Hardware,Partner,18,3233.07,0.3316,38894.99,39439.98
O-00731,2025-07-27,C-0041,US,US Central,Software,Direct,26,668.30,0.3500,11294.27,5242.12
O-00732,2025-07-27,C-0426,EU,Southern Europe,Software,Partner,15,346.76,0.3500,3380.91,1616.10
O-00733,2025-07-27,C-0511,US,US East,Software,Online,71,783.95,0.2737,40426.18,16849.72
O-00734,2025-07-28,C-0265,US,US Central,Support & CS,Partner,8,1591.43,0.3420,8377.91,6994.32
O-00735,2025-07-28,C-0800,US,US Central,Support & CS,Partner,9,2254.75,0.3368,13457.72,10992.15
O-00736,2025-07-28,C-0324,US,US Central,Software,Online,46,887.62,0.2613,30161.60,11711.14
O-00737,2025-07-28,C-0490,US,US West,Software,Partner,23,83.50,0.3500,1248.33,569.71
O-00738,2025-07-28,C-0548,US,US Central,Support & CS,Partner,3,1254.58,0.3461,2460.92,2046.81
O-00739,2025-07-28,C-0795,EU,DACH,Support & CS,Direct,12,1524.82,0.3500,11893.60,10488.60
O-00740,2025-07-28,C-0113,US,US East,Software,Partner,95,766.21,0.3500,47313.47,21154.60
O-00741,2025-07-28,C-0187,EU,Benelux & Nordics,Hardware,Partner,1,2094.82,0.3500,1361.63,1372.73
O-00742,2025-07-28,C-0338,EU,UK & Ireland,Hardware,Online,5,2103.45,0.2403,7989.83,6859.35
O-00743,2025-07-28,C-0060,EU,DACH,Software,Partner,110,578.77,0.3469,41576.36,19088.30
O-00744,2025-07-28,C-0010,APAC,Southeast Asia,Software,Direct,107,625.04,0.3500,43471.53,19948.01
O-00745,2025-07-28,C-0285,US,US West,Services,Online,35,227.88,0.2796,5745.43,4786.95
O-00746,2025-07-28,C-0166,EU,UK & Ireland,Services,Partner,18,642.56,0.3500,7517.95,7326.72
O-00747,2025-07-28,C-0578,APAC,ANZ,Hardware,Online,1,1340.13,0.2342,1026.31,889.05
O-00748,2025-07-28,C-0140,EU,Southern Europe,Support & CS,Partner,4,1495.10,0.3500,3887.26,3349.24
O-00749,2025-07-28,C-0379,APAC,Greater China,Hardware,Direct,4,3838.59,0.3500,9980.33,9970.32
O-00750,2025-07-28,C-0448,EU,UK & Ireland,Services,Partner,27,224.89,0.3391,4012.82,3774.87
O-00751,2025-07-28,C-0623,EU,UK & Ireland,Hardware,Partner,3,1265.07,0.3500,2466.89,2589.99
O-00752,2025-07-28,C-0766,EU,DACH,Hardware,Partner,8,2857.51,0.3435,15007.20,15462.96
O-00753,2025-07-28,C-0052,EU,Benelux & Nordics,Hardware,Direct,18,2090.95,0.3500,24464.12,24669.36
O-00754,2025-07-28,C-0651,US,US Central,Hardware,Partner,18,1965.42,0.3500,22995.41,22577.94
O-00755,2025-07-28,C-0089,US,US West,Software,Direct,27,697.90,0.3500,12248.15,5719.68
O-00756,2025-07-28,C-0494,APAC,Southeast Asia,Hardware,Online,12,2097.25,0.2411,19098.57,16915.32
O-00757,2025-07-28,C-0113,US,US East,Support & CS,Online,5,468.93,0.2311,1802.79,1286.45
O-00758,2025-07-28,C-0523,US,US West,Services,Partner,13,504.31,0.3500,4261.42,3998.15
O-00759,2025-07-28,C-0070,US,US West,Support & CS,Partner,10,813.31,0.3317,5435.50,4341.90
O-00760,2025-07-28,C-0384,US,US West,Software,Direct,63,572.14,0.3500,23429.13,10674.72
O-00761,2025-07-28,C-0757,EU,Southern Europe,Software,Partner,5,707.10,0.3370,2343.96,1098.55
O-00762,2025-07-28,C-0355,APAC,Southeast Asia,Hardware,Partner,4,763.95,0.3500,1986.27,2039.36
O-00763,2025-07-29,C-0371,EU,Benelux & Nordics,Hardware,Partner,6,1976.48,0.3500,7708.27,7731.96
O-00764,2025-07-29,C-0630,US,US Central,Hardware,Partner,1,1478.70,0.3500,961.16,963.69
O-00765,2025-07-29,C-0671,EU,DACH,Software,Partner,61,807.37,0.3500,32012.22,15233.53
O-00766,2025-07-29,C-0065,EU,DACH,Hardware,Direct,14,1840.86,0.3500,16751.83,17097.92
O-00767,2025-07-29,C-0541,APAC,ANZ,Hardware,Partner,7,3611.41,0.3500,16431.92,16586.71
O-00768,2025-07-29,C-0753,APAC,ANZ,Hardware,Partner,14,926.41,0.3391,8571.43,8728.58
O-00769,2025-07-29,C-0220,EU,UK & Ireland,Support & CS,Partner,11,1366.51,0.3500,9770.55,8214.14
O-00770,2025-07-29,C-0711,US,US Central,Support & CS,Direct,7,2125.05,0.3500,9668.98,7911.54
O-00771,2025-07-29,C-0169,EU,Benelux & Nordics,Services,Direct,36,508.67,0.3500,11902.88,11203.20
O-00772,2025-07-29,C-0437,US,US West,Services,Online,14,231.99,0.2355,2482.89,1958.46
O-00773,2025-07-29,C-0383,EU,DACH,Hardware,Direct,3,1707.06,0.3500,3328.77,3517.53
O-00774,2025-07-29,C-0343,US,US West,Hardware,Direct,8,3116.77,0.3500,16207.20,15842.64
O-00775,2025-07-29,C-0326,EU,Benelux & Nordics,Services,Online,12,550.63,0.2532,4934.69,4274.52
O-00776,2025-07-29,C-0398,EU,DACH,Software,Partner,52,894.28,0.3500,30226.66,13790.40
O-00777,2025-07-29,C-0755,EU,Benelux & Nordics,Software,Partner,87,390.11,0.3485,22109.99,10562.67
O-00778,2025-07-29,C-0693,EU,Southern Europe,Software,Partner,5,656.66,0.3309,2196.85,1013.80
O-00779,2025-07-29,C-0201,APAC,Greater China,Services,Partner,5,410.17,0.3488,1335.57,1311.80
O-00780,2025-07-29,C-0183,US,US East,Services,Direct,39,489.84,0.3500,12417.44,11947.65
O-00781,2025-07-29,C-0398,EU,DACH,Services,Direct,32,500.36,0.3500,10407.49,10328.96
O-00782,2025-07-29,C-0212,APAC,ANZ,Services,Partner,6,258.48,0.3302,1038.81,988.98
O-00783,2025-07-29,C-0080,EU,Benelux & Nordics,Hardware,Partner,3,1137.25,0.3500,2217.64,2321.88
O-00784,2025-07-29,C-0367,APAC,Southeast Asia,Software,Partner,100,292.12,0.3500,18987.80,8754.00
O-00785,2025-07-29,C-0286,US,US East,Hardware,Online,13,1253.32,0.2785,11755.12,10643.10
O-00786,2025-07-29,C-0090,APAC,Southeast Asia,Hardware,Partner,14,1860.08,0.3500,16926.73,17369.38
O-00787,2025-07-29,C-0749,EU,DACH,Software,Direct,111,411.00,0.3500,29653.65,13526.46
O-00788,2025-07-29,C-0629,US,US East,Software,Partner,59,254.83,0.3500,9772.73,4572.50
O-00789,2025-07-29,C-0547,EU,UK & Ireland,Support & CS,Online,3,1282.81,0.2707,2806.63,2177.82
O-00790,2025-07-29,C-0708,EU,DACH,Hardware,Partner,9,1485.37,0.3308,8946.67,8761.59
O-00791,2025-07-29,C-0216,APAC,Japan,Software,Partner,13,211.73,0.3436,1806.73,838.50
O-00792,2025-07-30,C-0452,APAC,Southeast Asia,Software,Partner,83,831.16,0.3500,44841.08,20593.13
O-00793,2025-07-30,C-0630,US,US Central,Services,Partner,42,298.02,0.3500,8135.95,7715.40
O-00794,2025-07-30,C-0543,APAC,Japan,Software,Partner,78,454.65,0.3500,23050.75,10471.50
O-00795,2025-07-30,C-0662,EU,DACH,Software,Partner,81,656.04,0.3500,34540.51,15701.04
O-00796,2025-07-30,C-0370,EU,UK & Ireland,Hardware,Direct,8,604.16,0.3500,3141.63,3266.96
O-00797,2025-07-30,C-0113,US,US East,Hardware,Partner,3,2252.84,0.3481,4406.08,4482.90
O-00798,2025-07-30,C-0337,US,US East,Services,Online,24,599.70,0.2523,10761.61,8992.56
O-00799,2025-07-30,C-0423,US,US East,Services,Partner,42,582.22,0.3339,16288.15,14749.14
O-00800,2025-07-30,C-0319,APAC,Japan,Software,Partner,39,682.52,0.3368,17652.06,7830.03
O-00801,2025-07-30,C-0704,US,US West,Hardware,Online,4,4073.62,0.2424,12344.06,10727.20
O-00802,2025-07-30,C-0186,APAC,ANZ,Support & CS,Partner,5,796.32,0.3500,2588.04,2261.00
O-00803,2025-07-30,C-0721,APAC,Southeast Asia,Support & CS,Direct,3,1964.28,0.3500,3830.35,3187.20
O-00804,2025-07-30,C-0576,EU,Benelux & Nordics,Software,Direct,95,345.92,0.3500,21360.56,9757.45
O-00805,2025-07-30,C-0744,US,US East,Services,Partner,20,172.36,0.3500,2240.68,2060.20
O-00806,2025-07-30,C-0568,APAC,ANZ,Hardware,Partner,14,1031.14,0.3500,9383.37,9504.74
O-00807,2025-07-30,C-0450,US,US East,Hardware,Partner,18,2331.86,0.3500,27282.76,27206.64
O-00808,2025-07-30,C-0797,US,US Central,Software,Direct,71,512.59,0.3500,23656.03,10585.39
O-00809,2025-07-30,C-0719,APAC,Southeast Asia,Services,Partner,30,279.62,0.3500,5452.59,5321.10
O-00810,2025-07-30,C-0633,US,US Central,Hardware,Online,15,4045.18,0.2638,44673.54,39498.00
O-00811,2025-07-30,C-0614,US,US West,Services,Direct,32,263.90,0.3500,5489.12,5058.24
O-00812,2025-07-30,C-0048,EU,Southern Europe,Software,Partner,53,790.87,0.3498,27254.16,12765.05
O-00813,2025-07-30,C-0432,APAC,ANZ,Software,Partner,21,333.39,0.3334,4666.91,2087.19
O-00814,2025-07-30,C-0604,EU,Southern Europe,Hardware,Partner,14,3923.22,0.3500,35701.30,36591.24
O-00815,2025-07-30,C-0393,EU,Southern Europe,Hardware,Partner,17,1280.82,0.3500,14153.06,14244.30
O-00816,2025-07-30,C-0366,US,US West,Hardware,Direct,6,1064.27,0.3500,4150.65,4089.42
O-00817,2025-07-30,C-0433,US,US Central,Software,Partner,92,443.36,0.3500,26512.93,12147.68
O-00818,2025-07-30,C-0387,US,US Central,Software,Online,107,733.48,0.2634,57810.14,22863.76
O-00819,2025-07-30,C-0071,APAC,Greater China,Hardware,Partner,13,1530.31,0.3500,12931.12,12847.51
O-00820,2025-07-30,C-0410,EU,DACH,Hardware,Online,4,2949.37,0.2631,8693.91,8056.80
O-00821,2025-07-31,C-0322,US,US Central,Support & CS,Direct,8,1105.79,0.3500,5750.11,4886.72
O-00822,2025-07-31,C-0797,US,US Central,Software,Direct,93,627.09,0.3500,37907.59,16806.96
O-00823,2025-07-31,C-0587,EU,UK & Ireland,Software,Partner,73,689.72,0.3422,33119.37,15551.19
O-00824,2025-07-31,C-0705,APAC,Southeast Asia,Support & CS,Partner,3,1340.76,0.3500,2614.48,2215.98
O-00825,2025-07-31,C-0464,US,US East,Hardware,Partner,1,1951.17,0.3500,1268.26,1251.57
O-00826,2025-07-31,C-0746,US,US West,Software,Online,97,202.73,0.2766,14224.74,5765.68
O-00827,2025-07-31,C-0287,US,US East,Hardware,Partner,18,1092.68,0.3441,12900.75,12466.62
O-00828,2025-07-31,C-0489,APAC,Greater China,Software,Partner,41,706.59,0.3500,18830.62,8858.46
O-00829,2025-07-31,C-0283,APAC,Southeast Asia,Software,Partner,59,149.46,0.3419,5802.97,2706.92
O-00830,2025-07-31,C-0722,US,US East,Hardware,Online,4,2896.08,0.2384,8822.81,7727.56
O-00831,2025-07-31,C-0091,EU,DACH,Software,Partner,24,464.74,0.3439,7317.73,3443.76
O-00832,2025-07-31,C-0055,EU,UK & Ireland,Software,Direct,116,97.79,0.3500,7373.37,3525.24
O-00833,2025-07-31,C-0040,EU,Southern Europe,Software,Partner,58,807.95,0.3385,30998.22,14549.30
O-00834,2025-07-31,C-0186,APAC,ANZ,Software,Online,38,646.23,0.2573,18237.82,7243.56
O-00835,2025-07-31,C-0771,EU,UK & Ireland,Services,Direct,12,489.48,0.3500,3817.94,3689.88
O-00836,2025-07-31,C-0537,EU,UK & Ireland,Services,Direct,2,511.01,0.3500,664.31,645.66
O-00837,2025-07-31,C-0348,EU,UK & Ireland,Hardware,Partner,18,469.78,0.3500,5496.43,5759.10
O-00838,2025-07-31,C-0515,APAC,Southeast Asia,Hardware,Partner,12,381.69,0.3437,3006.18,2979.72
O-00839,2025-07-31,C-0614,US,US West,Software,Online,93,600.58,0.2441,42218.96,16710.24
O-00840,2025-07-31,C-0375,US,US Central,Hardware,Direct,4,2660.18,0.3500,6916.47,6960.68
O-00841,2025-07-31,C-0219,EU,Benelux & Nordics,Services,Partner,22,417.54,0.3481,5988.55,5727.04
O-00842,2025-07-31,C-0729,US,US East,Software,Partner,38,799.88,0.3500,19757.04,9211.96
O-00843,2025-08-01,C-0332,EU,Benelux & Nordics,Hardware,Online,13,3025.89,0.2789,28366.44,26733.33
O-00844,2025-08-01,C-0255,EU,UK & Ireland,Services,Online,36,153.66,0.2746,4012.50,3463.92
O-00845,2025-08-01,C-0238,EU,DACH,Hardware,Direct,8,2372.29,0.3500,12335.91,12444.00
O-00846,2025-08-01,C-0055,EU,UK & Ireland,Support & CS,Direct,2,2332.77,0.3500,3032.60,2591.26
O-00847,2025-08-01,C-0569,EU,UK & Ireland,Software,Partner,67,426.79,0.3500,18586.70,8624.91
O-00848,2025-08-01,C-0500,US,US West,Support & CS,Partner,5,1296.57,0.3500,4213.85,3504.75
O-00849,2025-08-01,C-0123,APAC,Japan,Hardware,Direct,7,1960.75,0.3500,8921.41,9267.51
O-00850,2025-08-01,C-0430,EU,UK & Ireland,Support & CS,Direct,9,2214.08,0.3500,12952.37,10952.55
O-00851,2025-08-01,C-0472,EU,Southern Europe,Hardware,Online,11,2085.81,0.2548,17097.05,15651.24
O-00852,2025-08-01,C-0548,US,US Central,Software,Partner,62,71.70,0.3426,2922.61,1292.70
O-00853,2025-08-01,C-0334,APAC,Japan,Hardware,Partner,17,2044.15,0.3331,23175.42,22536.90
O-00854,2025-08-01,C-0004,EU,Southern Europe,Hardware,Partner,2,2837.59,0.3392,3750.21,3820.46
O-00855,2025-08-01,C-0162,US,US West,Services,Partner,24,290.74,0.3500,4535.54,4351.44
O-00856,2025-08-01,C-0310,US,US Central,Support & CS,Partner,3,2178.36,0.3500,4247.80,3555.72
O-00857,2025-08-01,C-0397,US,US East,Services,Online,13,401.56,0.2591,3867.59,3168.23
O-00858,2025-08-01,C-0767,US,US East,Services,Partner,19,267.04,0.3482,3307.13,3014.16
O-00859,2025-08-01,C-0385,US,US West,Software,Partner,49,120.81,0.3304,3963.56,1766.94
O-00860,2025-08-01,C-0110,EU,DACH,Hardware,Partner,18,1429.28,0.3500,16722.58,17726.04
O-00861,2025-08-01,C-0134,EU,UK & Ireland,Hardware,Direct,12,1561.73,0.3500,12181.49,12456.84
O-00862,2025-08-01,C-0767,US,US East,Services,Partner,12,393.66,0.3500,3070.55,2953.92
O-00863,2025-08-01,C-0267,US,US East,Services,Direct,26,468.05,0.3500,7910.05,7284.42
O-00864,2025-08-01,C-0242,APAC,Japan,Hardware,Partner,8,1222.09,0.3500,6354.87,6478.72
O-00865,2025-08-02,C-0780,EU,DACH,Software,Online,9,138.23,0.2450,939.32,375.84
O-00866,2025-08-02,C-0556,US,US West,Software,Direct,24,586.85,0.3500,9154.86,4171.20
O-00867,2025-08-02,C-0062,EU,UK & Ireland,Support & CS,Direct,1,2102.69,0.3500,1366.75,1193.39
O-00868,2025-08-02,C-0520,APAC,ANZ,Hardware,Direct,18,4185.12,0.3500,48965.90,49490.28
O-00869,2025-08-02,C-0334,APAC,Japan,Software,Online,110,641.32,0.2592,52258.66,21079.30
O-00870,2025-08-02,C-0350,EU,Benelux & Nordics,Hardware,Partner,2,832.94,0.3500,1082.82,1110.60
O-00871,2025-08-02,C-0664,APAC,Japan,Services,Partner,39,449.84,0.3401,11577.36,11232.78
O-00872,2025-08-02,C-0107,US,US Central,Support & CS,Online,10,1644.32,0.2301,12660.00,8798.00
O-00873,2025-08-02,C-0071,APAC,Greater China,Services,Direct,6,276.73,0.3500,1079.25,1015.74
O-00874,2025-08-02,C-0332,EU,Benelux & Nordics,Hardware,Partner,1,2066.37,0.3500,1343.14,1411.85
O-00875,2025-08-02,C-0641,APAC,Greater China,Software,Partner,100,354.92,0.3471,23173.76,10476.00
O-00876,2025-08-02,C-0096,US,US East,Hardware,Online,3,2196.01,0.2408,5001.44,4254.99
O-00877,2025-08-02,C-0757,EU,Southern Europe,Hardware,Partner,1,2833.44,0.3500,1841.74,1897.72
O-00878,2025-08-02,C-0560,EU,UK & Ireland,Services,Partner,4,619.42,0.3462,1619.80,1575.96
O-00879,2025-08-02,C-0009,US,US West,Hardware,Direct,8,2381.79,0.3500,12385.31,12124.56
O-00880,2025-08-02,C-0071,APAC,Greater China,Hardware,Partner,17,3901.10,0.3500,43107.15,43293.39
O-00881,2025-08-02,C-0699,US,US Central,Software,Partner,41,747.26,0.3335,20420.28,9258.21
O-00882,2025-08-02,C-0089,US,US West,Hardware,Partner,17,3488.53,0.3446,38868.87,37598.39
O-00883,2025-08-02,C-0797,US,US Central,Software,Online,36,148.91,0.2349,4101.59,1599.48
O-00884,2025-08-02,C-0651,US,US Central,Support & CS,Direct,11,536.98,0.3500,3839.41,3208.48
O-00885,2025-08-02,C-0103,US,US East,Software,Partner,114,412.54,0.3500,30569.21,14018.58
O-00886,2025-08-02,C-0622,US,US East,Support & CS,Partner,3,1395.17,0.3500,2720.58,2306.94
O-00887,2025-08-02,C-0229,US,US West,Services,Partner,15,328.84,0.3388,3261.19,2948.40
O-00888,2025-08-02,C-0033,EU,Benelux & Nordics,Software,Online,116,452.28,0.2597,38837.44,15904.76
O-00889,2025-08-03,C-0045,US,US East,Support & CS,Partner,8,721.72,0.3302,3867.35,3075.92
O-00890,2025-08-03,C-0771,EU,UK & Ireland,Software,Partner,113,538.13,0.3426,39975.81,18066.44
O-00891,2025-08-03,C-0180,EU,UK & Ireland,Services,Partner,9,460.60,0.3500,2694.51,2685.60
O-00892,2025-08-03,C-0696,APAC,Greater China,Services,Direct,19,154.14,0.3500,1903.63,1838.82
O-00893,2025-08-03,C-0133,US,US West,Support & CS,Direct,10,1185.99,0.3500,7708.94,6346.50
O-00894,2025-08-03,C-0601,EU,Southern Europe,Hardware,Online,2,1844.59,0.2571,2740.73,2505.94
O-00895,2025-08-03,C-0089,US,US West,Services,Partner,33,365.84,0.3481,7870.42,7507.83
O-00896,2025-08-03,C-0501,US,US West,Hardware,Direct,1,1917.47,0.3500,1246.36,1271.90
O-00897,2025-08-03,C-0622,US,US East,Software,Partner,94,866.48,0.3500,52941.93,23926.76
O-00898,2025-08-03,C-0744,US,US East,Hardware,Online,9,1390.52,0.2625,9229.15,8286.48
O-00899,2025-08-03,C-0589,EU,DACH,Services,Direct,42,151.81,0.3500,4144.41,3944.22
O-00900,2025-08-03,C-0121,US,US East,Software,Partner,109,650.70,0.3391,46874.49,20566.12
O-00901,2025-08-03,C-0622,US,US East,Software,Online,66,601.92,0.2719,28924.42,12085.92
O-00902,2025-08-03,C-0743,US,US Central,Hardware,Partner,3,1894.92,0.3461,3717.01,3785.73
O-00903,2025-08-03,C-0617,APAC,ANZ,Hardware,Partner,11,1738.38,0.3302,12807.17,12968.34
O-00904,2025-08-03,C-0693,EU,Southern Europe,Services,Partner,24,619.89,0.3500,9670.28,9356.88
O-00905,2025-08-03,C-0389,EU,DACH,Services,Direct,12,138.53,0.3500,1080.53,1053.84
O-00906,2025-08-03,C-0566,US,US West,Software,Direct,81,637.49,0.3500,33563.85,14915.34
O-00907,2025-08-03,C-0157,US,US West,Services,Partner,9,291.99,0.3500,1708.14,1647.36
O-00908,2025-08-03,C-0002,APAC,Japan,Services,Direct,35,269.86,0.3500,6139.32,5717.25
O-00909,2025-08-03,C-0127,EU,UK & Ireland,Hardware,Direct,1,2006.18,0.3500,1304.02,1362.20
O-00910,2025-08-03,C-0157,US,US West,Services,Direct,32,649.35,0.3500,13506.48,12462.72
O-00911,2025-08-03,C-0199,APAC,ANZ,Hardware,Partner,6,510.01,0.3500,1989.04,2014.68
O-00912,2025-08-03,C-0144,EU,Benelux & Nordics,Hardware,Partner,18,382.81,0.3500,4478.88,4525.56
O-00913,2025-08-03,C-0662,EU,DACH,Hardware,Direct,15,3818.35,0.3500,37228.91,37484.10
O-00914,2025-08-03,C-0057,EU,Southern Europe,Software,Direct,23,643.59,0.3500,9621.67,4483.39
O-00915,2025-08-03,C-0795,EU,DACH,Software,Partner,51,876.27,0.3391,29534.38,13581.30
O-00916,2025-08-03,C-0781,APAC,Greater China,Hardware,Partner,15,2695.48,0.3500,26280.93,26879.40
O-00917,2025-08-04,C-0089,US,US West,Hardware,Direct,9,3732.91,0.3500,21837.52,22253.49
O-00918,2025-08-04,C-0753,APAC,ANZ,Hardware,Partner,12,1658.32,0.3500,12934.90,13346.64
O-00919,2025-08-04,C-0546,EU,Southern Europe,Support & CS,Direct,9,1550.63,0.3500,9071.19,7628.76
O-00920,2025-08-04,C-0685,US,US East,Hardware,Partner,6,1519.04,0.3444,5975.18,6031.74
O-00921,2025-08-04,C-0712,EU,Southern Europe,Software,Partner,69,237.06,0.3500,10632.14,4988.01
O-00922,2025-08-04,C-0466,US,US East,Hardware,Direct,16,1427.17,0.3500,14842.57,14521.60
O-00923,2025-08-04,C-0082,EU,Southern Europe,Services,Partner,16,281.12,0.3500,2923.65,2880.48
O-00924,2025-08-04,C-0592,EU,UK & Ireland,Software,Online,67,181.02,0.2782,8754.78,3735.25
O-00925,2025-08-04,C-0433,US,US Central,Services,Partner,4,411.17,0.3391,1087.00,1000.76
O-00926,2025-08-04,C-0655,EU,DACH,Hardware,Partner,11,3086.41,0.3500,22067.83,22837.76
O-00927,2025-08-04,C-0363,EU,DACH,Software,Partner,64,544.76,0.3485,22713.60,10391.68
O-00928,2025-08-04,C-0773,US,US East,Hardware,Partner,16,2396.50,0.3500,24923.60,24523.36
O-00929,2025-08-04,C-0112,EU,UK & Ireland,Hardware,Direct,13,633.64,0.3500,5354.26,5358.08
O-00930,2025-08-04,C-0565,EU,Southern Europe,Software,Partner,17,467.96,0.3500,5170.96,2435.76
O-00931,2025-08-04,C-0753,APAC,ANZ,Services,Partner,28,377.03,0.3500,6861.95,6576.08
O-00932,2025-08-04,C-0524,US,US Central,Software,Direct,32,440.56,0.3500,9163.65,4103.68
O-00933,2025-08-04,C-0065,EU,DACH,Services,Partner,6,438.52,0.3500,1710.23,1703.40
O-00934,2025-08-04,C-0089,US,US West,Software,Online,107,584.35,0.2470,47080.04,18948.63
O-00935,2025-08-04,C-0199,APAC,ANZ,Hardware,Partner,10,1525.93,0.3352,10144.02,10067.70
O-00936,2025-08-04,C-0335,US,US West,Services,Partner,32,522.70,0.3334,11149.78,9984.96
O-00937,2025-08-04,C-0287,US,US East,Software,Partner,77,520.84,0.3500,26068.04,11576.95
O-00938,2025-08-04,C-0369,EU,Southern Europe,Software,Partner,36,105.81,0.3500,2475.95,1128.96
O-00939,2025-08-04,C-0464,US,US East,Hardware,Direct,15,1880.91,0.3500,18338.87,17976.30
O-00940,2025-08-04,C-0553,US,US Central,Hardware,Partner,4,1571.41,0.3500,4085.67,3986.64
O-00941,2025-08-04,C-0319,APAC,Japan,Support & CS,Partner,6,1848.66,0.3313,7417.44,6037.26
O-00942,2025-08-04,C-0225,US,US East,Software,Online,86,806.57,0.2746,50317.27,20810.28
O-00943,2025-08-04,C-0532,EU,DACH,Support & CS,Online,11,1026.58,0.2553,8409.07,6290.02
O-00944,2025-08-04,C-0618,EU,DACH,Software,Online,19,496.61,0.2793,6800.11,2796.42
O-00945,2025-08-04,C-0556,US,US West,Services,Direct,30,449.13,0.3500,8758.03,8376.60
O-00946,2025-08-05,C-0398,EU,DACH,Software,Direct,36,381.22,0.3500,8920.55,4236.12
O-00947,2025-08-05,C-0649,EU,DACH,Software,Partner,44,705.88,0.3500,20188.17,9455.60
O-00948,2025-08-05,C-0267,US,US East,Services,Direct,33,399.20,0.3500,8562.84,7971.81
O-00949,2025-08-05,C-0030,US,US Central,Hardware,Direct,1,2525.76,0.3500,1641.74,1645.12
O-00950,2025-08-05,C-0471,US,US East,Hardware,Online,11,3762.39,0.2504,31024.91,26737.15
O-00951,2025-08-05,C-0031,US,US Central,Software,Partner,63,865.68,0.3500,35449.60,16564.59
O-00952,2025-08-05,C-0781,APAC,Greater China,Support & CS,Partner,2,2005.60,0.3500,2607.28,2174.86
O-00953,2025-08-05,C-0051,APAC,Japan,Software,Online,109,797.96,0.2572,64604.18,26419.42
O-00954,2025-08-05,C-0126,EU,UK & Ireland,Software,Direct,72,531.93,0.3500,24894.32,11909.52
O-00955,2025-08-05,C-0143,US,US Central,Hardware,Partner,17,3279.66,0.3348,37088.80,36584.68
O-00956,2025-08-05,C-0490,US,US West,Support & CS,Partner,5,952.53,0.3461,3114.13,2517.65
O-00957,2025-08-05,C-0031,US,US Central,Services,Direct,16,372.39,0.3500,3872.86,3651.20
O-00958,2025-08-05,C-0670,APAC,Greater China,Hardware,Partner,8,635.17,0.3495,3305.59,3463.28
O-00959,2025-08-05,C-0458,EU,Benelux & Nordics,Support & CS,Partner,3,349.37,0.3500,681.27,573.00
O-00960,2025-08-05,C-0324,US,US Central,Hardware,Direct,14,670.46,0.3500,6101.19,6275.78
O-00961,2025-08-05,C-0252,EU,Southern Europe,Software,Direct,50,654.57,0.3500,21273.53,10224.00
O-00962,2025-08-05,C-0034,US,US East,Services,Online,30,451.96,0.2486,10188.26,8034.60
O-00963,2025-08-05,C-0152,EU,DACH,Services,Direct,18,174.71,0.3500,2044.11,1995.30
O-00964,2025-08-05,C-0569,EU,UK & Ireland,Services,Direct,42,358.25,0.3500,9780.23,9341.22
O-00965,2025-08-05,C-0256,US,US Central,Support & CS,Partner,2,2110.05,0.3377,2794.82,2323.38
O-00966,2025-08-05,C-0569,EU,UK & Ireland,Hardware,Direct,18,2546.85,0.3500,29798.14,30632.58
O-00967,2025-08-05,C-0423,US,US East,Software,Partner,89,773.08,0.3400,45411.82,20600.83
O-00968,2025-08-05,C-0797,US,US Central,Hardware,Partner,6,1240.12,0.3326,4965.94,4893.84
O-00969,2025-08-05,C-0258,EU,UK & Ireland,Hardware,Partner,16,1501.89,0.3370,15932.12,16221.76
O-00970,2025-08-05,C-0072,APAC,ANZ,Hardware,Partner,18,964.47,0.3500,11284.30,11633.04
O-00971,2025-08-05,C-0490,US,US West,Hardware,Partner,4,424.83,0.3385,1124.12,1086.52
O-00972,2025-08-05,C-0338,EU,UK & Ireland,Software,Partner,50,777.76,0.3328,25945.40,11562.00
O-00973,2025-08-05,C-0130,EU,Southern Europe,Hardware,Partner,9,890.10,0.3359,5320.30,5433.84
O-00974,2025-08-06,C-0031,US,US Central,Services,Online,36,623.03,0.2413,17017.41,13567.32
O-00975,2025-08-06,C-0611,APAC,Japan,Support & CS,Partner,6,2243.28,0.3500,8748.79,7438.20
O-00976,2025-08-06,C-0499,US,US West,Software,Online,112,585.89,0.2695,47935.14,19031.04
O-00977,2025-08-06,C-0432,APAC,ANZ,Support & CS,Partner,8,902.85,0.3405,4763.64,3883.92
O-00978,2025-08-06,C-0282,APAC,Southeast Asia,Support & CS,Online,5,1294.75,0.2680,4738.49,3524.20
O-00979,2025-08-06,C-0085,US,US East,Hardware,Direct,5,2038.44,0.3500,6624.93,6552.05
O-00980,2025-08-06,C-0433,US,US Central,Services,Online,3,304.07,0.2694,666.45,568.86
O-00981,2025-08-06,C-0792,EU,Benelux & Nordics,Hardware,Partner,12,805.17,0.3418,6359.71,6619.80
O-00982,2025-08-06,C-0658,US,US East,Support & CS,Partner,8,1348.18,0.3500,7010.54,5883.12
O-00983,2025-08-06,C-0153,EU,DACH,Software,Partner,54,356.67,0.3500,12519.12,5990.76
O-00984,2025-08-06,C-0071,APAC,Greater China,Hardware,Direct,10,634.33,0.3500,4123.15,4109.80
O-00985,2025-08-06,C-0170,US,US Central,Software,Direct,96,745.18,0.3500,46499.23,21306.24
O-00986,2025-08-06,C-0452,APAC,Southeast Asia,Support & CS,Online,6,732.43,0.2707,3204.77,2486.10
O-00987,2025-08-06,C-0316,US,US East,Support & CS,Online,4,419.55,0.2400,1275.46,928.60
O-00988,2025-08-06,C-0157,US,US West,Services,Direct,24,191.69,0.3500,2990.36,2782.32
O-00989,2025-08-06,C-0424,EU,Benelux & Nordics,Services,Partner,28,212.61,0.3378,3942.26,3690.96
O-00990,2025-08-06,C-0649,EU,DACH,Software,Direct,95,336.99,0.3500,20809.13,9995.90
O-00991,2025-08-06,C-0041,US,US Central,Hardware,Direct,3,3270.61,0.3500,6377.69,6369.27
O-00992,2025-08-06,C-0328,US,US Central,Hardware,Direct,8,3915.59,0.3500,20361.07,19812.88
O-00993,2025-08-06,C-0410,EU,DACH,Services,Partner,33,373.50,0.3455,8067.13,7569.21
O-00994,2025-08-06,C-0023,US,US East,Hardware,Partner,13,733.42,0.3495,6201.71,6228.17
O-00995,2025-08-06,C-0600,EU,Benelux & Nordics,Software,Direct,86,778.34,0.3500,43509.21,20499.82
O-00996,2025-08-06,C-0550,APAC,ANZ,Services,Partner,11,520.12,0.3500,3718.86,3580.28
O-00997,2025-08-06,C-0389,EU,DACH,Services,Partner,45,469.89,0.3500,13744.28,13531.05
O-00998,2025-08-06,C-0710,US,US East,Hardware,Online,4,2826.03,0.2351,8646.16,7253.20
O-00999,2025-08-06,C-0157,US,US West,Software,Partner,64,362.90,0.3500,15096.64,6715.52
O-01000,2025-08-06,C-0553,US,US Central,Software,Partner,60,192.04,0.3500,7489.56,3487.20
O-01001,2025-08-06,C-0500,US,US West,Services,Partner,3,196.23,0.3474,384.19,354.06
O-01002,2025-08-06,C-0148,EU,Benelux & Nordics,Services,Partner,44,347.01,0.3467,9975.12,9812.88
O-01003,2025-08-06,C-0110,EU,DACH,Software,Partner,118,431.65,0.3500,33107.56,15141.76
O-01004,2025-08-06,C-0207,APAC,Japan,Support & CS,Direct,10,1433.65,0.3500,9318.73,8106.90
O-01005,2025-08-06,C-0393,EU,Southern Europe,Hardware,Partner,18,3825.08,0.3364,45688.50,46353.06
O-01006,2025-08-06,C-0062,EU,UK & Ireland,Hardware,Online,16,2308.42,0.2357,28229.11,24516.32
O-01007,2025-08-06,C-0223,EU,DACH,Support & CS,Direct,2,1210.35,0.3500,1573.45,1378.34
O-01008,2025-08-06,C-0534,EU,UK & Ireland,Services,Direct,4,341.04,0.3500,886.70,839.76
O-01009,2025-08-06,C-0397,US,US East,Services,Direct,37,223.84,0.3500,5383.35,5084.54
O-01010,2025-08-07,C-0086,EU,UK & Ireland,Hardware,Partner,9,893.76,0.3500,5228.50,5452.02
O-01011,2025-08-07,C-0374,APAC,ANZ,Hardware,Direct,17,1100.30,0.3500,12158.31,12575.07
O-01012,2025-08-07,C-0632,APAC,Southeast Asia,Hardware,Partner,18,1757.49,0.3500,20562.63,21255.66
O-01013,2025-08-07,C-0150,US,US Central,Services,Partner,25,174.92,0.3500,2842.45,2721.00
O-01014,2025-08-07,C-0211,EU,UK & Ireland,Software,Partner,34,260.98,0.3500,5767.66,2711.16
O-01015,2025-08-07,C-0115,US,US East,Software,Online,106,283.34,0.2763,21735.69,8835.10
O-01016,2025-08-07,C-0198,EU,Southern Europe,Support & CS,Partner,9,520.15,0.3500,3042.88,2609.37
O-01017,2025-08-07,C-0224,US,US West,Software,Partner,51,98.99,0.3500,3281.52,1519.80
O-01018,2025-08-07,C-0696,APAC,Greater China,Services,Partner,27,155.46,0.3313,2806.71,2627.37
O-01019,2025-08-07,C-0516,APAC,Southeast Asia,Services,Partner,20,170.62,0.3345,2270.92,2088.40
O-01020,2025-08-07,C-0214,US,US West,Software,Partner,30,71.25,0.3500,1389.38,631.80
O-01021,2025-08-07,C-0611,APAC,Japan,Support & CS,Direct,10,1267.75,0.3500,8240.38,7080.80
O-01022,2025-08-07,C-0719,APAC,Southeast Asia,Hardware,Direct,1,3610.53,0.3500,2346.84,2438.72
O-01023,2025-08-07,C-0034,US,US East,Support & CS,Partner,10,552.55,0.3500,3591.58,2932.00
O-01024,2025-08-07,C-0743,US,US Central,Software,Online,8,488.84,0.2566,2907.08,1172.00
O-01025,2025-08-07,C-0198,EU,Southern Europe,Support & CS,Partner,5,2091.41,0.3475,6822.91,5859.70
O-01026,2025-08-07,C-0196,APAC,Japan,Services,Partner,6,313.72,0.3500,1223.51,1174.26
O-01027,2025-08-07,C-0769,US,US West,Services,Partner,11,470.79,0.3500,3366.15,3239.94
O-01028,2025-08-07,C-0399,EU,DACH,Software,Online,94,892.69,0.2473,63163.88,26179.00
O-01029,2025-08-07,C-0166,EU,UK & Ireland,Hardware,Direct,11,543.02,0.3500,3882.59,3997.40
O-01030,2025-08-07,C-0486,EU,UK & Ireland,Support & CS,Online,7,1266.47,0.2696,6474.90,5065.06
O-01031,2025-08-07,C-0589,EU,DACH,Services,Partner,34,593.00,0.3433,13240.22,12361.38
O-01032,2025-08-07,C-0312,US,US West,Software,Partner,73,813.15,0.3500,38583.97,17198.07
O-01033,2025-08-07,C-0452,APAC,Southeast Asia,Hardware,Partner,6,3128.10,0.3500,12199.59,12532.08
O-01034,2025-08-07,C-0497,US,US Central,Services,Online,29,482.35,0.2460,10547.48,8350.55
O-01035,2025-08-07,C-0184,US,US West,Hardware,Direct,8,2239.46,0.3500,11645.19,11853.36
O-01036,2025-08-08,C-0755,EU,Benelux & Nordics,Software,Partner,55,542.70,0.3500,19401.53,9328.55
O-01037,2025-08-08,C-0705,APAC,Southeast Asia,Services,Partner,28,615.36,0.3500,11199.55,10452.68
O-01038,2025-08-08,C-0778,US,US West,Software,Direct,77,590.22,0.3500,29540.51,13120.80
O-01039,2025-08-08,C-0374,APAC,ANZ,Software,Direct,54,646.03,0.3500,22675.65,10465.74
O-01040,2025-08-08,C-0789,APAC,Greater China,Software,Partner,98,193.71,0.3348,12627.36,5587.96
O-01041,2025-08-08,C-0662,EU,DACH,Hardware,Direct,13,697.47,0.3500,5893.62,6224.27
O-01042,2025-08-08,C-0574,EU,Southern Europe,Software,Partner,77,706.16,0.3500,35343.31,16631.23
O-01043,2025-08-08,C-0138,EU,DACH,Support & CS,Partner,2,1807.87,0.3500,2350.23,2035.28
O-01044,2025-08-08,C-0325,US,US East,Services,Partner,35,644.17,0.3500,14654.87,14134.75
O-01045,2025-08-08,C-0159,EU,Southern Europe,Software,Direct,76,363.67,0.3500,17965.30,8565.96
O-01046,2025-08-08,C-0464,US,US East,Software,Partner,74,563.58,0.3500,27108.20,12685.08
O-01047,2025-08-08,C-0067,EU,UK & Ireland,Hardware,Online,9,1524.54,0.2773,9916.04,9445.86
O-01048,2025-08-08,C-0789,APAC,Greater China,Software,Partner,17,553.58,0.3456,6158.91,2882.01
O-01049,2025-08-08,C-0183,US,US East,Hardware,Direct,4,3003.18,0.3500,7808.27,7844.24
O-01050,2025-08-08,C-0618,EU,DACH,Hardware,Partner,16,3277.17,0.3322,35014.31,34548.16
O-01051,2025-08-08,C-0242,APAC,Japan,Hardware,Online,14,3255.19,0.2376,34743.22,30444.54
O-01052,2025-08-08,C-0338,EU,UK & Ireland,Support & CS,Partner,10,2197.10,0.3385,14533.42,12210.90
O-01053,2025-08-08,C-0057,EU,Southern Europe,Software,Partner,51,818.19,0.3500,27123.00,12409.83
O-01054,2025-08-08,C-0109,US,US East,Services,Partner,1,418.90,0.3392,276.81,261.77
O-01055,2025-08-08,C-0278,EU,Southern Europe,Support & CS,Partner,4,906.47,0.3500,2356.82,1983.12
O-01056,2025-08-08,C-0706,APAC,Japan,Hardware,Direct,12,2236.53,0.3500,17444.93,17691.72
O-01057,2025-08-08,C-0723,EU,UK & Ireland,Hardware,Partner,2,2525.49,0.3499,3283.76,3302.06
O-01058,2025-08-08,C-0364,EU,DACH,Services,Partner,25,379.50,0.3460,6204.74,5795.25
O-01059,2025-08-08,C-0194,US,US West,Services,Online,31,475.16,0.2301,11340.28,9158.33
O-01060,2025-08-08,C-0121,US,US East,Software,Partner,108,496.11,0.3481,34928.86,15612.48
O-01061,2025-08-08,C-0472,EU,Southern Europe,Software,Partner,75,270.85,0.3410,13387.47,6329.25
O-01062,2025-08-08,C-0374,APAC,ANZ,Hardware,Partner,8,704.16,0.3500,3661.63,3798.80
O-01063,2025-08-08,C-0466,US,US East,Hardware,Direct,10,2337.62,0.3500,15194.53,15511.70
O-01064,2025-08-09,C-0169,EU,Benelux & Nordics,Software,Partner,83,442.19,0.3494,23879.40,10931.93
O-01065,2025-08-09,C-0800,US,US Central,Software,Direct,50,703.84,0.3500,22874.80,10125.50
O-01066,2025-08-09,C-0304,APAC,Southeast Asia,Hardware,Partner,16,609.93,0.3309,6529.84,6633.12
O-01067,2025-08-09,C-0543,APAC,Japan,Support & CS,Partner,10,287.50,0.3380,1903.19,1595.90
O-01068,2025-08-09,C-0283,APAC,Southeast Asia,Software,Direct,92,743.09,0.3500,44436.78,20850.88
O-01069,2025-08-09,C-0614,US,US West,Services,Partner,36,460.51,0.3500,10775.93,10229.76
O-01070,2025-08-09,C-0397,US,US East,Support & CS,Online,1,937.20,0.2595,694.03,509.54
O-01071,2025-08-09,C-0710,US,US East,Services,Partner,43,616.37,0.3500,17227.54,15868.72
O-01072,2025-08-09,C-0353,APAC,Japan,Services,Partner,38,365.82,0.3362,9226.90,8428.40
O-01073,2025-08-09,C-0763,APAC,ANZ,Software,Direct,63,401.53,0.3500,16442.65,7692.93
O-01074,2025-08-09,C-0124,US,US East,Hardware,Partner,1,899.34,0.3317,601.01,569.54
O-01075,2025-08-09,C-0623,EU,UK & Ireland,Hardware,Partner,11,905.86,0.3500,6476.90,6477.35
O-01076,2025-08-09,C-0365,APAC,ANZ,Hardware,Partner,15,2231.89,0.3500,21760.93,22332.30
O-01077,2025-08-09,C-0370,EU,UK & Ireland,Hardware,Partner,3,1591.42,0.3315,3191.76,3197.19
O-01078,2025-08-09,C-0708,EU,DACH,Services,Direct,26,189.06,0.3500,3195.11,3091.66
O-01079,2025-08-09,C-0611,APAC,Japan,Software,Partner,74,700.76,0.3481,33803.78,15511.14
O-01080,2025-08-09,C-0446,EU,Southern Europe,Software,Partner,72,716.67,0.3500,33540.16,15681.60
O-01081,2025-08-09,C-0797,US,US Central,Software,Partner,15,484.11,0.3500,4720.07,2196.00
O-01082,2025-08-09,C-0438,APAC,Southeast Asia,Services,Direct,2,160.12,0.3500,208.16,202.06
O-01083,2025-08-09,C-0005,EU,DACH,Hardware,Partner,18,1286.96,0.3500,15057.43,15397.38
O-01084,2025-08-09,C-0611,APAC,Japan,Services,Direct,7,543.53,0.3500,2473.06,2438.94
O-01085,2025-08-10,C-0537,EU,UK & Ireland,Hardware,Direct,6,2776.10,0.3500,10826.79,10914.60
O-01086,2025-08-10,C-0746,US,US West,Hardware,Partner,5,2047.19,0.3500,6653.37,6704.15
O-01087,2025-08-10,C-0379,APAC,Greater China,Hardware,Partner,1,981.50,0.3383,649.44,643.24
O-01088,2025-08-10,C-0705,APAC,Southeast Asia,Hardware,Partner,9,3083.12,0.3500,18036.25,18076.95
O-01089,2025-08-10,C-0516,APAC,Southeast Asia,Services,Partner,5,634.56,0.3500,2062.32,1986.70
O-01090,2025-08-10,C-0532,EU,DACH,Software,Partner,14,835.71,0.3408,7712.23,3575.88
O-01091,2025-08-10,C-0158,US,US West,Software,Partner,27,123.09,0.3392,2196.29,970.65
O-01092,2025-08-10,C-0395,US,US West,Services,Direct,34,515.67,0.3500,11396.31,10988.80
O-01093,2025-08-10,C-0316,US,US East,Services,Direct,22,331.01,0.3500,4733.44,4545.20
O-01094,2025-08-10,C-0595,EU,Benelux & Nordics,Services,Partner,44,320.14,0.3500,9156.00,8701.88
O-01095,2025-08-10,C-0208,US,US East,Software,Online,12,761.46,0.2498,6854.97,2650.20
O-01096,2025-08-10,C-0210,EU,Southern Europe,Services,Direct,28,467.10,0.3500,8501.22,8024.52
O-01097,2025-08-10,C-0085,US,US East,Software,Partner,94,774.70,0.3453,47676.20,22157.68
O-01098,2025-08-10,C-0260,APAC,ANZ,Services,Partner,18,431.76,0.3317,5193.48,4714.20
O-01099,2025-08-10,C-0311,EU,DACH,Support & CS,Partner,4,379.92,0.3499,987.87,846.40
O-01100,2025-08-10,C-0392,EU,Southern Europe,Services,Online,43,433.25,0.2658,13677.34,11920.46
O-01101,2025-08-10,C-0286,US,US East,Services,Partner,21,362.75,0.3500,4951.54,4788.00
O-01102,2025-08-10,C-0397,US,US East,Hardware,Partner,11,1665.17,0.3500,11905.97,11596.42
O-01103,2025-08-10,C-0683,US,US East,Support & CS,Direct,8,1078.93,0.3500,5610.44,4588.08
O-01104,2025-08-10,C-0402,APAC,Greater China,Support & CS,Partner,9,312.23,0.3403,1853.92,1599.48
O-01105,2025-08-10,C-0491,US,US East,Support & CS,Direct,1,609.93,0.3500,396.45,327.17
O-01106,2025-08-10,C-0340,EU,DACH,Services,Direct,15,206.95,0.3500,2017.76,1914.45
O-01107,2025-08-10,C-0054,EU,UK & Ireland,Software,Direct,55,884.52,0.3500,31621.59,15061.20
O-01108,2025-08-10,C-0060,EU,DACH,Hardware,Partner,2,2114.92,0.3500,2749.40,2795.24
O-01109,2025-08-10,C-0385,US,US West,Hardware,Partner,9,873.93,0.3500,5112.49,5204.52
O-01110,2025-08-10,C-0608,APAC,Greater China,Software,Direct,8,320.79,0.3500,1668.11,785.28
O-01111,2025-08-11,C-0186,APAC,ANZ,Services,Direct,32,600.60,0.3500,12492.48,11636.80
O-01112,2025-08-11,C-0152,EU,DACH,Software,Online,58,397.93,0.2612,17050.35,7008.14
O-01113,2025-08-11,C-0660,EU,Benelux & Nordics,Software,Partner,64,481.87,0.3438,20237.27,9349.76
O-01114,2025-08-11,C-0769,US,US West,Services,Partner,5,331.85,0.3421,1091.60,1023.80
O-01115,2025-08-11,C-0581,APAC,Southeast Asia,Hardware,Direct,13,3843.26,0.3500,32475.55,34131.11
O-01116,2025-08-11,C-0067,EU,UK & Ireland,Hardware,Partner,5,4175.69,0.3336,13912.89,14357.05
O-01117,2025-08-11,C-0666,US,US East,Services,Partner,45,601.38,0.3500,17590.36,16948.35
O-01118,2025-08-11,C-0722,US,US East,Hardware,Online,3,1786.67,0.2398,4074.55,3433.17
O-01119,2025-08-11,C-0132,US,US West,Hardware,Online,15,1059.73,0.2391,12095.01,10216.65
O-01120,2025-08-11,C-0359,EU,DACH,Software,Online,14,322.64,0.2445,3412.75,1338.68
O-01121,2025-08-11,C-0250,EU,Benelux & Nordics,Hardware,Partner,18,3309.05,0.3500,38715.89,39012.48
O-01122,2025-08-11,C-0224,US,US West,Support & CS,Partner,12,1779.94,0.3461,13967.32,11233.68
O-01123,2025-08-11,C-0325,US,US East,Software,Direct,49,582.97,0.3500,18567.59,8448.09
O-01124,2025-08-11,C-0337,US,US East,Hardware,Direct,5,3195.41,0.3500,10385.08,10303.80
O-01125,2025-08-11,C-0161,APAC,ANZ,Software,Direct,68,711.37,0.3500,31442.55,14994.68
O-01126,2025-08-11,C-0139,EU,UK & Ireland,Software,Direct,99,734.51,0.3500,47265.72,21703.77
O-01127,2025-08-11,C-0490,US,US West,Hardware,Direct,15,2867.85,0.3500,27961.54,28382.40
O-01128,2025-08-11,C-0486,EU,UK & Ireland,Services,Partner,5,413.13,0.3500,1342.67,1312.50
O-01129,2025-08-11,C-0799,APAC,Japan,Hardware,Direct,2,897.51,0.3500,1166.76,1202.40
O-01130,2025-08-11,C-0387,US,US Central,Hardware,Direct,11,809.76,0.3500,5789.78,5917.01
O-01131,2025-08-11,C-0138,EU,DACH,Support & CS,Partner,5,2314.85,0.3500,7523.26,6594.05
O-01132,2025-08-11,C-0683,US,US East,Support & CS,Direct,9,1504.79,0.3500,8803.02,7396.65
O-01133,2025-08-11,C-0367,APAC,Southeast Asia,Software,Partner,76,220.05,0.3500,10870.47,4945.32
O-01134,2025-08-11,C-0010,APAC,Southeast Asia,Services,Partner,30,157.38,0.3500,3068.91,2949.30
O-01135,2025-08-11,C-0353,APAC,Japan,Hardware,Partner,3,1385.59,0.3500,2701.90,2794.83
O-01136,2025-08-11,C-0494,APAC,Southeast Asia,Services,Partner,1,284.52,0.3383,188.27,174.76
O-01137,2025-08-12,C-0023,US,US East,Hardware,Online,9,3159.07,0.2749,20616.73,17979.21
O-01138,2025-08-12,C-0716,APAC,Southeast Asia,Support & CS,Direct,6,1301.74,0.3500,5076.79,4404.36
O-01139,2025-08-12,C-0295,US,US East,Software,Partner,21,718.45,0.3500,9806.84,4508.28
O-01140,2025-08-12,C-0540,US,US Central,Hardware,Partner,6,2286.93,0.3500,8919.03,8979.84
O-01141,2025-08-12,C-0398,EU,DACH,Software,Direct,97,681.18,0.3500,42948.40,20102.28
O-01142,2025-08-12,C-0771,EU,UK & Ireland,Hardware,Online,13,2022.06,0.2459,19823.15,17327.70
O-01143,2025-08-12,C-0462,EU,Benelux & Nordics,Hardware,Direct,18,2649.26,0.3500,30996.34,31984.74
O-01144,2025-08-12,C-0118,APAC,Japan,Support & CS,Partner,9,764.64,0.3479,4487.46,3710.97
O-01145,2025-08-12,C-0212,APAC,ANZ,Support & CS,Partner,8,1061.02,0.3500,5517.30,4656.16
O-01146,2025-08-12,C-0500,US,US West,Support & CS,Direct,10,1467.75,0.3500,9540.38,7862.80
O-01147,2025-08-12,C-0633,US,US Central,Support & CS,Partner,4,428.93,0.3500,1115.22,914.40
O-01148,2025-08-12,C-0383,EU,DACH,Hardware,Online,12,1243.75,0.2465,11246.42,9897.12
O-01149,2025-08-12,C-0557,EU,DACH,Software,Direct,116,96.06,0.3500,7242.92,3336.16
O-01150,2025-08-12,C-0437,US,US West,Software,Partner,90,596.42,0.3500,34890.57,15784.20
O-01151,2025-08-12,C-0556,US,US West,Services,Partner,33,449.40,0.3500,9639.63,9245.61
O-01152,2025-08-13,C-0751,US,US West,Services,Partner,7,134.77,0.3500,613.20,559.65
O-01153,2025-08-13,C-0548,US,US Central,Hardware,Partner,4,1421.74,0.3319,3799.38,3620.72
O-01154,2025-08-13,C-0050,EU,Southern Europe,Services,Direct,22,571.88,0.3500,8177.88,8108.32
O-01155,2025-08-13,C-0591,EU,DACH,Hardware,Partner,11,3430.80,0.3487,24581.12,24526.92
O-01156,2025-08-13,C-0111,APAC,ANZ,Support & CS,Partner,3,2189.83,0.3500,4270.17,3616.95
O-01157,2025-08-13,C-0564,EU,DACH,Services,Partner,30,185.89,0.3426,3666.03,3408.30
O-01158,2025-08-13,C-0133,US,US West,Hardware,Partner,14,1821.55,0.3500,16576.10,16372.30
O-01159,2025-08-13,C-0096,US,US East,Software,Direct,65,310.77,0.3500,13130.03,5804.50
O-01160,2025-08-13,C-0045,US,US East,Hardware,Direct,17,2169.56,0.3500,23973.64,23818.87
O-01161,2025-08-13,C-0416,EU,Benelux & Nordics,Software,Direct,38,183.62,0.3500,4535.41,2087.72
O-01162,2025-08-13,C-0658,US,US East,Support & CS,Online,5,928.12,0.2369,3541.37,2447.85
O-01163,2025-08-13,C-0028,APAC,Greater China,Hardware,Partner,8,4082.37,0.3477,21303.81,21702.24
O-01164,2025-08-13,C-0574,EU,Southern Europe,Services,Direct,45,638.79,0.3500,18684.61,18185.40
O-01165,2025-08-13,C-0227,US,US East,Software,Partner,74,381.01,0.3340,18777.93,8475.22
O-01166,2025-08-13,C-0482,APAC,Greater China,Hardware,Direct,17,788.74,0.3500,8715.58,9129.00
O-01167,2025-08-13,C-0250,EU,Benelux & Nordics,Support & CS,Partner,9,2384.34,0.3336,14301.02,11915.73
O-01168,2025-08-13,C-0699,US,US Central,Services,Partner,3,492.68,0.3500,960.73,898.98
O-01169,2025-08-13,C-0211,EU,UK & Ireland,Hardware,Partner,18,924.32,0.3500,10814.54,11370.60
O-01170,2025-08-13,C-0563,EU,UK & Ireland,Hardware,Direct,8,3567.04,0.3500,18548.61,19092.56
O-01171,2025-08-13,C-0741,APAC,Greater China,Hardware,Partner,8,1373.95,0.3500,7144.54,7427.76
O-01172,2025-08-13,C-0497,US,US Central,Hardware,Partner,1,4038.88,0.3338,2690.58,2687.80
O-01173,2025-08-13,C-0319,APAC,Japan,Software,Online,69,211.99,0.2444,11052.38,4395.99
O-01174,2025-08-13,C-0394,EU,DACH,Software,Direct,57,285.33,0.3500,10571.48,4922.52
O-01175,2025-08-13,C-0237,US,US Central,Software,Direct,85,454.29,0.3500,25099.52,11449.50
O-01176,2025-08-13,C-0703,EU,DACH,Hardware,Partner,5,3791.97,0.3309,12686.27,12976.25
O-01177,2025-08-13,C-0515,APAC,Southeast Asia,Hardware,Partner,9,1969.67,0.3378,11738.30,11581.74
O-01178,2025-08-13,C-0118,APAC,Japan,Support & CS,Partner,8,708.42,0.3411,3734.32,3055.68
O-01179,2025-08-13,C-0079,EU,DACH,Hardware,Direct,10,1937.77,0.3500,12595.51,13316.10
O-01180,2025-08-13,C-0738,EU,DACH,Services,Partner,2,559.05,0.3492,727.69,710.96
O-01181,2025-08-13,C-0550,APAC,ANZ,Software,Online,19,434.31,0.2607,6100.80,2444.92
O-01182,2025-08-13,C-0172,EU,DACH,Hardware,Partner,2,1223.94,0.3500,1591.12,1619.12
O-01183,2025-08-13,C-0573,APAC,Southeast Asia,Software,Partner,36,568.25,0.3481,13336.69,6115.32
O-01184,2025-08-13,C-0386,US,US East,Support & CS,Partner,4,1886.16,0.3500,4904.02,4012.76
O-01185,2025-08-13,C-0398,EU,DACH,Software,Partner,42,458.85,0.3449,12625.75,5852.70
O-01186,2025-08-14,C-0437,US,US West,Hardware,Direct,10,374.72,0.3500,2435.68,2434.80
O-01187,2025-08-14,C-0618,EU,DACH,Software,Partner,12,177.00,0.3500,1380.60,655.80
O-01188,2025-08-14,C-0183,US,US East,Software,Partner,116,209.21,0.3444,15909.84,7185.04
O-01189,2025-08-14,C-0385,US,US West,Software,Partner,61,551.31,0.3391,22226.29,10172.36
O-01190,2025-08-14,C-0722,US,US East,Hardware,Direct,17,2511.44,0.3500,27751.41,27149.17
O-01191,2025-08-14,C-0500,US,US West,Hardware,Direct,3,773.15,0.3500,1507.64,1521.45
O-01192,2025-08-14,C-0124,US,US East,Services,Partner,29,204.75,0.3439,3895.57,3613.98
O-01193,2025-08-14,C-0147,APAC,Greater China,Hardware,Direct,13,1807.50,0.3500,15273.38,15620.54
O-01194,2025-08-14,C-0395,US,US West,Hardware,Direct,16,3479.87,0.3500,36190.65,35123.20
O-01195,2025-08-14,C-0356,US,US West,Hardware,Partner,14,2119.84,0.3417,19537.57,19590.06
O-01196,2025-08-14,C-0784,US,US Central,Services,Partner,29,642.29,0.3347,12392.21,11456.45
O-01197,2025-08-14,C-0471,US,US East,Software,Direct,62,372.96,0.3500,15030.29,6766.68
O-01198,2025-08-14,C-0520,APAC,ANZ,Hardware,Partner,15,4002.45,0.3423,39489.14,40997.55
O-01199,2025-08-14,C-0669,EU,UK & Ireland,Hardware,Partner,5,1331.20,0.3500,4326.40,4507.60
O-01200,2025-08-14,C-0573,APAC,Southeast Asia,Software,Partner,61,463.86,0.3319,18905.16,8408.24
O-01201,2025-08-14,C-0774,US,US East,Software,Direct,97,213.12,0.3500,13437.22,6168.23
O-01202,2025-08-14,C-0265,US,US Central,Hardware,Partner,17,4133.06,0.3500,45670.31,45519.20
O-01203,2025-08-14,C-0316,US,US East,Software,Partner,23,408.47,0.3500,6106.63,2771.04
O-01204,2025-08-14,C-0510,US,US Central,Software,Direct,98,849.30,0.3500,54100.41,25089.96
O-01205,2025-08-14,C-0375,US,US Central,Support & CS,Partner,1,1856.42,0.3469,1212.39,982.25
O-01206,2025-08-14,C-0265,US,US Central,Hardware,Partner,16,2247.64,0.3339,23955.93,23332.00
O-01207,2025-08-14,C-0323,APAC,Southeast Asia,Support & CS,Partner,7,1964.83,0.3330,9173.22,7472.92
O-01208,2025-08-14,C-0522,EU,DACH,Hardware,Direct,9,3823.30,0.3500,22366.31,23639.94
O-01209,2025-08-14,C-0208,US,US East,Support & CS,Partner,11,1119.16,0.3500,8001.99,6773.58
O-01210,2025-08-14,C-0353,APAC,Japan,Hardware,Direct,12,2421.67,0.3500,18889.03,19232.76
O-01211,2025-08-14,C-0518,APAC,Southeast Asia,Software,Online,69,467.53,0.2601,23869.35,9574.44
O-01212,2025-08-14,C-0780,EU,DACH,Software,Online,75,413.39,0.2567,23046.18,9567.00
O-01213,2025-08-14,C-0383,EU,DACH,Support & CS,Partner,10,526.44,0.3500,3421.86,2851.20
O-01214,2025-08-15,C-0746,US,US West,Support & CS,Partner,6,1831.89,0.3327,7334.08,6113.64
O-01215,2025-08-15,C-0023,US,US East,Services,Direct,23,586.88,0.3500,8773.86,8074.61
O-01216,2025-08-15,C-0140,EU,Southern Europe,Hardware,Direct,9,3307.97,0.3500,19351.62,20485.17
O-01217,2025-08-15,C-0290,EU,Southern Europe,Hardware,Partner,2,4104.94,0.3400,5418.88,5428.56
O-01218,2025-08-15,C-0225,US,US East,Hardware,Partner,8,1792.38,0.3419,9436.13,9093.28
O-01219,2025-08-15,C-0605,EU,Benelux & Nordics,Software,Partner,97,352.81,0.3500,22244.67,10505.10
O-01220,2025-08-15,C-0434,EU,DACH,Software,Online,93,284.66,0.2572,19664.94,7829.67
O-01221,2025-08-15,C-0041,US,US Central,Services,Direct,38,324.41,0.3500,8012.93,7397.84
O-01222,2025-08-15,C-0538,APAC,Greater China,Software,Partner,37,77.14,0.3500,1855.22,885.41
O-01223,2025-08-15,C-0361,US,US East,Support & CS,Online,9,1703.62,0.2439,11592.56,8355.15
O-01224,2025-08-15,C-0574,EU,Southern Europe,Software,Partner,40,432.47,0.3401,11415.87,5310.00
O-01225,2025-08-15,C-0732,APAC,Japan,Support & CS,Partner,10,617.47,0.3500,4013.56,3467.80
O-01226,2025-08-15,C-0767,US,US East,Hardware,Partner,10,1720.21,0.3403,11348.73,11175.90
O-01227,2025-08-15,C-0384,US,US West,Software,Online,99,502.93,0.2396,37860.11,14924.25
O-01228,2025-08-15,C-0143,US,US Central,Hardware,Partner,7,2083.47,0.3500,9479.79,9565.99
O-01229,2025-08-15,C-0196,APAC,Japan,Hardware,Partner,15,690.28,0.3422,6810.56,6866.70
O-01230,2025-08-15,C-0052,EU,Benelux & Nordics,Hardware,Direct,14,2899.40,0.3500,26384.54,27396.18
O-01231,2025-08-15,C-0381,EU,DACH,Hardware,Partner,15,1257.19,0.3500,12257.60,12583.05
O-01232,2025-08-15,C-0155,US,US East,Software,Direct,18,397.22,0.3500,4647.47,2085.84
O-01233,2025-08-15,C-0272,EU,UK & Ireland,Services,Online,12,540.55,0.2721,4721.32,3972.24
O-01234,2025-08-15,C-0080,EU,Benelux & Nordics,Software,Direct,49,796.15,0.3500,25357.38,11885.93
O-01235,2025-08-15,C-0099,US,US East,Services,Partner,21,577.69,0.3500,7885.47,7507.50
O-01236,2025-08-15,C-0337,US,US East,Support & CS,Partner,2,1447.75,0.3500,1882.08,1565.50
O-01237,2025-08-15,C-0348,EU,UK & Ireland,Services,Partner,37,431.74,0.3494,10393.57,10056.60
O-01238,2025-08-15,C-0291,EU,UK & Ireland,Services,Direct,13,513.08,0.3500,4335.53,4229.29
O-01239,2025-08-15,C-0054,EU,UK & Ireland,Software,Partner,42,393.63,0.3500,10746.10,5007.24
O-01240,2025-08-15,C-0222,US,US Central,Hardware,Partner,17,572.85,0.3500,6329.99,6340.83
O-01241,2025-08-15,C-0682,APAC,Southeast Asia,Software,Partner,31,537.91,0.3500,10838.89,5022.31
O-01242,2025-08-15,C-0704,US,US West,Services,Partner,36,581.46,0.3500,13606.16,12426.48
O-01243,2025-08-15,C-0683,US,US East,Support & CS,Direct,9,2335.84,0.3500,13664.66,11416.32
O-01244,2025-08-15,C-0340,EU,DACH,Support & CS,Direct,1,975.25,0.3500,633.91,535.76
O-01245,2025-08-15,C-0611,APAC,Japan,Services,Online,12,599.37,0.2621,5307.49,4600.44
O-01246,2025-08-15,C-0499,US,US West,Hardware,Partner,17,2016.12,0.3500,22278.13,22325.76
O-01247,2025-08-16,C-0118,APAC,Japan,Software,Partner,9,641.46,0.3330,3850.78,1702.62
O-01248,2025-08-16,C-0275,EU,UK & Ireland,Software,Partner,42,369.82,0.3304,10400.46,4753.98
O-01249,2025-08-16,C-0682,APAC,Southeast Asia,Software,Partner,83,726.93,0.3474,39373.74,18670.02
O-01250,2025-08-16,C-0338,EU,UK & Ireland,Support & CS,Partner,1,2176.03,0.3500,1414.42,1181.18
O-01251,2025-08-16,C-0121,US,US East,Support & CS,Direct,5,2135.86,0.3500,6941.55,5924.10
O-01252,2025-08-16,C-0309,EU,UK & Ireland,Hardware,Online,5,4157.15,0.2587,15408.71,13673.50
O-01253,2025-08-16,C-0739,US,US Central,Hardware,Online,16,2887.91,0.2560,34376.90,29708.96
O-01254,2025-08-16,C-0081,EU,Southern Europe,Services,Partner,8,355.53,0.3500,1848.76,1764.40
O-01255,2025-08-16,C-0064,EU,UK & Ireland,Services,Online,5,159.16,0.2661,584.03,508.70
O-01256,2025-08-16,C-0285,US,US West,Services,Partner,44,183.73,0.3500,5254.68,4982.12
O-01257,2025-08-16,C-0511,US,US East,Hardware,Partner,6,3540.79,0.3500,13809.08,13944.24
O-01258,2025-08-16,C-0048,EU,Southern Europe,Software,Partner,51,320.51,0.3385,10812.69,5000.55
O-01259,2025-08-16,C-0113,US,US East,Software,Partner,105,522.52,0.3500,35661.99,16061.85
O-01260,2025-08-16,C-0679,US,US East,Software,Partner,33,891.37,0.3500,19119.89,8896.14
O-01261,2025-08-16,C-0260,APAC,ANZ,Hardware,Partner,13,3250.06,0.3500,27463.01,27441.44
O-01262,2025-08-16,C-0603,EU,UK & Ireland,Software,Partner,18,524.80,0.3500,6140.16,2939.58
O-01263,2025-08-16,C-0471,US,US East,Services,Partner,28,277.20,0.3364,5150.77,4809.84
O-01264,2025-08-16,C-0459,EU,UK & Ireland,Hardware,Partner,1,3561.34,0.3500,2314.87,2375.71
O-01265,2025-08-16,C-0738,EU,DACH,Software,Online,64,723.86,0.2629,34149.84,14026.24
O-01266,2025-08-16,C-0195,APAC,Southeast Asia,Services,Direct,41,282.03,0.3500,7516.10,7136.87
O-01267,2025-08-16,C-0464,US,US East,Hardware,Partner,14,730.05,0.3500,6643.45,6522.88
O-01268,2025-08-16,C-0064,EU,UK & Ireland,Support & CS,Direct,8,844.17,0.3500,4389.68,3876.24
O-01269,2025-08-16,C-0274,US,US East,Support & CS,Partner,1,2327.09,0.3500,1512.61,1225.01
O-01270,2025-08-16,C-0116,US,US East,Services,Direct,7,340.25,0.3500,1548.14,1457.82
O-01271,2025-08-16,C-0116,US,US East,Hardware,Partner,5,2979.89,0.3500,9684.64,9765.30
O-01272,2025-08-16,C-0462,EU,Benelux & Nordics,Support & CS,Partner,5,556.54,0.3404,1835.52,1594.05
O-01273,2025-08-16,C-0373,US,US West,Hardware,Direct,6,1928.09,0.3500,7519.55,7506.00
O-01274,2025-08-16,C-0286,US,US East,Support & CS,Partner,4,1618.66,0.3500,4208.52,3494.32
O-01275,2025-08-16,C-0144,EU,Benelux & Nordics,Hardware,Online,7,3063.70,0.2716,15620.94,13995.87
O-01276,2025-08-16,C-0349,APAC,Greater China,Support & CS,Online,5,1704.50,0.2754,6175.74,4680.50
O-01277,2025-08-16,C-0622,US,US East,Services,Online,8,445.09,0.2703,2598.27,2200.08
O-01278,2025-08-16,C-0113,US,US East,Hardware,Direct,6,3942.66,0.3500,15376.37,15046.08
O-01279,2025-08-16,C-0192,APAC,Japan,Hardware,Partner,8,1996.88,0.3420,10511.32,10437.52
O-01280,2025-08-16,C-0705,APAC,Southeast Asia,Support & CS,Partner,12,2128.67,0.3382,16904.56,14073.96
O-01281,2025-08-16,C-0487,EU,Benelux & Nordics,Hardware,Partner,7,3532.82,0.3358,16424.30,16166.08
O-01282,2025-08-16,C-0543,APAC,Japan,Hardware,Partner,15,3719.92,0.3500,36269.22,36651.30
O-01283,2025-08-16,C-0155,US,US East,Software,Direct,11,642.12,0.3500,4591.16,2142.80
O-01284,2025-08-16,C-0100,EU,DACH,Support & CS,Partner,3,622.60,0.3500,1214.07,1034.61
O-01285,2025-08-16,C-0484,EU,Southern Europe,Services,Partner,21,609.61,0.3450,8384.79,8237.88
O-01286,2025-08-17,C-0127,EU,UK & Ireland,Software,Online,29,345.70,0.2542,7477.13,3121.27
O-01287,2025-08-17,C-0074,US,US West,Software,Partner,87,365.92,0.3405,20995.86,9267.24
O-01288,2025-08-17,C-0060,EU,DACH,Software,Online,47,174.79,0.2535,6132.90,2449.64
O-01289,2025-08-17,C-0050,EU,Southern Europe,Software,Partner,67,316.89,0.3500,13800.56,6527.14
O-01290,2025-08-17,C-0324,US,US Central,Hardware,Direct,1,967.20,0.3500,628.68,645.01
O-01291,2025-08-17,C-0630,US,US Central,Services,Direct,38,461.76,0.3500,11405.47,10764.64
O-01292,2025-08-17,C-0109,US,US East,Hardware,Direct,16,1320.80,0.3500,13736.32,13528.48
O-01293,2025-08-17,C-0072,APAC,ANZ,Hardware,Partner,15,3367.05,0.3500,32828.74,33242.25
O-01294,2025-08-17,C-0702,EU,DACH,Services,Partner,37,195.01,0.3500,4689.99,4504.38
O-01295,2025-08-17,C-0114,US,US Central,Hardware,Direct,1,1588.80,0.3500,1032.72,1052.07
O-01296,2025-08-17,C-0437,US,US West,Software,Partner,101,840.89,0.3430,55798.47,24579.36
O-01297,2025-08-17,C-0192,APAC,Japan,Support & CS,Partner,12,2244.49,0.3304,18035.70,15130.32
O-01298,2025-08-17,C-0664,APAC,Japan,Software,Online,47,674.31,0.2570,23546.70,9690.46
O-01299,2025-08-17,C-0366,US,US West,Services,Direct,39,361.53,0.3500,9164.79,8793.33
O-01300,2025-08-17,C-0224,US,US West,Support & CS,Direct,4,938.58,0.3500,2440.31,2052.88
O-01301,2025-08-17,C-0767,US,US East,Software,Direct,7,710.11,0.3500,3231.00,1426.39
O-01302,2025-08-17,C-0353,APAC,Japan,Services,Online,38,405.34,0.2368,11755.81,9469.60
O-01303,2025-08-17,C-0687,APAC,ANZ,Hardware,Partner,14,866.39,0.3500,7884.15,8128.12
O-01304,2025-08-17,C-0033,EU,Benelux & Nordics,Software,Online,50,786.87,0.2751,28520.93,11707.00
O-01305,2025-08-17,C-0618,EU,DACH,Hardware,Partner,18,2191.80,0.3408,26005.54,26145.18
O-01306,2025-08-17,C-0155,US,US East,Services,Online,23,266.55,0.2516,4588.10,3696.56
O-01307,2025-08-17,C-0756,US,US West,Hardware,Online,14,1895.30,0.2424,20102.60,17361.12
O-01308,2025-08-17,C-0446,EU,Southern Europe,Software,Partner,96,447.55,0.3500,27927.12,13152.96
O-01309,2025-08-17,C-0062,EU,UK & Ireland,Hardware,Partner,1,2121.74,0.3351,1410.71,1384.60
O-01310,2025-08-17,C-0392,EU,Southern Europe,Services,Partner,34,519.36,0.3500,11477.86,10941.88
O-01311,2025-08-17,C-0259,EU,Southern Europe,Support & CS,Partner,3,2234.67,0.3500,4357.61,3835.14
O-01312,2025-08-17,C-0287,US,US East,Hardware,Partner,7,1285.97,0.3500,5851.16,5854.17
O-01313,2025-08-17,C-0577,US,US East,Software,Online,91,291.65,0.2429,20094.28,7713.16
O-01314,2025-08-17,C-0123,APAC,Japan,Hardware,Online,17,2568.70,0.2770,31573.69,28108.99
O-01315,2025-08-18,C-0617,APAC,ANZ,Software,Partner,7,596.24,0.3500,2712.89,1228.43
O-01316,2025-08-18,C-0022,APAC,Southeast Asia,Services,Direct,16,426.12,0.3500,4431.65,4230.56
O-01317,2025-08-18,C-0466,US,US East,Hardware,Partner,13,3464.77,0.3500,29277.31,28861.43
O-01318,2025-08-18,C-0601,EU,Southern Europe,Software,Partner,98,128.40,0.3353,8364.65,3877.86
O-01319,2025-08-18,C-0462,EU,Benelux & Nordics,Services,Partner,18,390.89,0.3500,4573.41,4365.54
O-01320,2025-08-18,C-0797,US,US Central,Services,Online,32,180.55,0.2635,4255.37,3594.24
O-01321,2025-08-18,C-0743,US,US Central,Software,Partner,90,386.29,0.3500,22597.97,10145.70
O-01322,2025-08-18,C-0187,EU,Benelux & Nordics,Hardware,Online,10,1320.58,0.2422,10007.16,9089.50
O-01323,2025-08-18,C-0289,US,US West,Services,Direct,11,588.22,0.3500,4205.77,4059.55
O-01324,2025-08-18,C-0361,US,US East,Hardware,Online,2,2065.24,0.2522,3088.70,2649.24
O-01325,2025-08-18,C-0169,EU,Benelux & Nordics,Services,Partner,5,207.44,0.3500,674.18,652.10
O-01326,2025-08-18,C-0488,US,US Central,Software,Direct,87,585.43,0.3500,33106.07,14802.18
O-01327,2025-08-18,C-0673,US,US West,Support & CS,Partner,7,281.76,0.3333,1314.88,1039.57
O-01328,2025-08-18,C-0749,EU,DACH,Hardware,Partner,7,1841.07,0.3500,8376.87,8401.05
O-01329,2025-08-18,C-0195,APAC,Southeast Asia,Services,Partner,5,249.49,0.3500,810.84,775.50
O-01330,2025-08-18,C-0574,EU,Southern Europe,Software,Online,71,207.86,0.2370,11260.76,4612.16
O-01331,2025-08-18,C-0144,EU,Benelux & Nordics,Services,Online,7,316.85,0.2675,1624.64,1365.28
O-01332,2025-08-18,C-0762,EU,Benelux & Nordics,Software,Direct,92,432.90,0.3500,25887.42,12322.48
O-01333,2025-08-18,C-0093,US,US West,Hardware,Partner,4,2895.96,0.3500,7529.50,7684.20
O-01334,2025-08-18,C-0662,EU,DACH,Hardware,Partner,7,3518.96,0.3355,16368.16,16994.88
O-01335,2025-08-18,C-0573,APAC,Southeast Asia,Software,Partner,116,551.59,0.3500,41589.89,19751.32
O-01336,2025-08-18,C-0795,EU,DACH,Hardware,Partner,13,3830.24,0.3500,32365.53,33556.51
O-01337,2025-08-18,C-0161,APAC,ANZ,Services,Partner,6,363.52,0.3500,1417.73,1332.18
O-01338,2025-08-18,C-0471,US,US East,Support & CS,Direct,4,1034.32,0.3500,2689.23,2237.60
O-01339,2025-08-18,C-0008,EU,Southern Europe,Software,Direct,72,726.58,0.3500,34003.94,16271.28
O-01340,2025-08-18,C-0570,EU,Southern Europe,Services,Partner,3,170.99,0.3424,337.35,332.07
O-01341,2025-08-18,C-0731,EU,DACH,Software,Partner,17,546.06,0.3318,6203.38,2801.94
O-01342,2025-08-18,C-0696,APAC,Greater China,Hardware,Direct,12,3711.99,0.3500,28953.52,28703.04
O-01343,2025-08-18,C-0397,US,US East,Software,Online,72,795.27,0.2321,43967.11,17118.00
O-01344,2025-08-18,C-0696,APAC,Greater China,Hardware,Online,2,1550.70,0.2635,2284.28,2004.44
O-01345,2025-08-18,C-0121,US,US East,Support & CS,Direct,2,2181.22,0.3500,2835.59,2415.48
O-01346,2025-08-19,C-0118,APAC,Japan,Hardware,Partner,10,3589.92,0.3500,23334.48,23519.70
O-01347,2025-08-19,C-0550,APAC,ANZ,Services,Partner,39,206.21,0.3500,5227.42,4946.37
O-01348,2025-08-19,C-0693,EU,Southern Europe,Software,Direct,72,110.64,0.3500,5177.95,2406.96
O-01349,2025-08-19,C-0749,EU,DACH,Hardware,Partner,6,1332.85,0.3500,5198.11,5353.20
O-01350,2025-08-19,C-0103,US,US East,Software,Direct,28,137.03,0.3500,2493.95,1100.12
O-01351,2025-08-19,C-0019,EU,UK & Ireland,Software,Online,8,884.25,0.2464,5331.05,2181.44
O-01352,2025-08-19,C-0472,EU,Southern Europe,Services,Partner,39,468.37,0.3377,12097.56,11781.12
O-01353,2025-08-19,C-0663,EU,DACH,Software,Partner,74,143.81,0.3500,6917.26,3269.32
O-01354,2025-08-19,C-0530,APAC,Greater China,Software,Direct,11,110.21,0.3500,788.00,366.30
O-01355,2025-08-19,C-0237,US,US Central,Hardware,Direct,5,3210.16,0.3500,10433.02,10362.65
O-01356,2025-08-19,C-0002,APAC,Japan,Software,Partner,42,859.20,0.3355,23978.60,11079.60
O-01357,2025-08-19,C-0466,US,US East,Services,Direct,30,592.60,0.3500,11555.70,10844.40
O-01358,2025-08-19,C-0366,US,US West,Hardware,Partner,17,1722.34,0.3500,19031.86,18713.09
O-01359,2025-08-19,C-0570,EU,Southern Europe,Services,Partner,13,525.29,0.3500,4438.70,4281.03
O-01360,2025-08-19,C-0517,EU,UK & Ireland,Software,Partner,114,859.11,0.3376,64873.20,30529.20
O-01361,2025-08-19,C-0531,APAC,Japan,Hardware,Online,4,3849.70,0.2660,11303.45,10453.76
O-01362,2025-08-19,C-0448,EU,UK & Ireland,Hardware,Partner,18,2309.23,0.3500,27017.99,27284.76
O-01363,2025-08-19,C-0600,EU,Benelux & Nordics,Support & CS,Partner,6,1681.03,0.3500,6556.02,5464.50
O-01364,2025-08-19,C-0466,US,US East,Software,Partner,30,405.63,0.3323,8125.56,3505.50
O-01365,2025-08-19,C-0085,US,US East,Services,Direct,37,267.63,0.3500,6436.50,6106.85
O-01366,2025-08-19,C-0591,EU,DACH,Hardware,Online,18,377.72,0.2668,4985.06,4662.90
O-01367,2025-08-19,C-0574,EU,Southern Europe,Hardware,Partner,13,2229.35,0.3322,19354.17,19663.28
O-01368,2025-08-19,C-0312,US,US West,Hardware,Partner,1,3621.20,0.3500,2353.78,2423.12
O-01369,2025-08-19,C-0537,EU,UK & Ireland,Services,Direct,14,618.81,0.3500,5631.17,5570.74
O-01370,2025-08-19,C-0286,US,US East,Software,Partner,86,818.33,0.3317,47035.01,20826.62
O-01371,2025-08-19,C-0126,EU,UK & Ireland,Hardware,Partner,14,2898.68,0.3500,26377.99,27980.96
O-01372,2025-08-19,C-0573,APAC,Southeast Asia,Support & CS,Online,11,1001.80,0.2740,8000.10,6183.87
O-01373,2025-08-19,C-0335,US,US West,Software,Partner,54,804.66,0.3500,28243.57,12634.92
O-01374,2025-08-20,C-0565,EU,Southern Europe,Hardware,Online,14,1980.63,0.2474,20868.28,18375.70
O-01375,2025-08-20,C-0259,EU,Southern Europe,Hardware,Partner,7,3292.28,0.3500,14979.87,15286.11
O-01376,2025-08-20,C-0180,EU,UK & Ireland,Software,Online,51,62.41,0.2797,2292.67,940.95
O-01377,2025-08-20,C-0548,US,US Central,Software,Direct,56,485.98,0.3500,17689.67,8248.24
O-01378,2025-08-20,C-0407,EU,UK & Ireland,Hardware,Partner,4,3477.49,0.3500,9041.47,9289.08
O-01379,2025-08-20,C-0205,US,US East,Hardware,Partner,12,4071.46,0.3500,31757.39,32117.52
O-01380,2025-08-20,C-0172,EU,DACH,Hardware,Partner,14,681.72,0.3500,6203.65,6456.24
O-01381,2025-08-20,C-0356,US,US West,Services,Direct,13,161.69,0.3500,1366.28,1314.95
O-01382,2025-08-20,C-0462,EU,Benelux & Nordics,Software,Direct,66,466.26,0.3500,20002.55,9149.58
O-01383,2025-08-20,C-0521,EU,DACH,Software,Online,95,114.56,0.2396,8275.30,3222.40
O-01384,2025-08-20,C-0403,EU,DACH,Support & CS,Direct,6,670.53,0.3500,2615.07,2309.34
O-01385,2025-08-20,C-0695,EU,Benelux & Nordics,Software,Direct,43,274.15,0.3500,7662.49,3527.72
O-01386,2025-08-20,C-0146,US,US West,Software,Direct,55,595.25,0.3500,21280.19,9630.50
O-01387,2025-08-20,C-0023,US,US East,Software,Partner,20,481.75,0.3500,6262.75,2764.00
O-01388,2025-08-20,C-0678,APAC,Greater China,Support & CS,Partner,11,1593.46,0.3330,11691.19,9459.89
O-01389,2025-08-20,C-0421,EU,Southern Europe,Services,Partner,15,574.02,0.3500,5596.69,5440.80
O-01390,2025-08-20,C-0515,APAC,Southeast Asia,Services,Direct,36,235.47,0.3500,5510.00,5215.32
O-01391,2025-08-20,C-0573,APAC,Southeast Asia,Software,Partner,91,549.30,0.3500,32491.09,14984.06
O-01392,2025-08-20,C-0550,APAC,ANZ,Services,Direct,20,137.98,0.3500,1793.74,1728.40
O-01393,2025-08-20,C-0557,EU,DACH,Hardware,Partner,6,3467.50,0.3455,13615.90,14315.16
O-01394,2025-08-20,C-0646,EU,DACH,Software,Partner,101,376.15,0.3500,24694.25,11258.47
O-01395,2025-08-20,C-0792,EU,Benelux & Nordics,Hardware,Partner,8,4064.52,0.3500,21135.50,21626.64
O-01396,2025-08-20,C-0265,US,US Central,Services,Partner,29,474.61,0.3500,8946.40,8647.22
O-01397,2025-08-20,C-0175,EU,UK & Ireland,Software,Partner,41,469.82,0.3500,12520.70,5720.73
O-01398,2025-08-20,C-0193,US,US West,Services,Partner,16,411.57,0.3492,4285.32,4002.24
O-01399,2025-08-20,C-0277,EU,UK & Ireland,Software,Direct,76,208.75,0.3500,10312.25,4792.56
O-01400,2025-08-20,C-0787,US,US West,Software,Partner,53,271.61,0.3500,9356.96,4203.96
O-01401,2025-08-21,C-0592,EU,UK & Ireland,Hardware,Partner,8,3754.95,0.3500,19525.74,20309.76
O-01402,2025-08-21,C-0800,US,US Central,Software,Direct,65,331.87,0.3500,14021.51,6478.55
O-01403,2025-08-21,C-0366,US,US West,Support & CS,Direct,8,1384.59,0.3500,7199.87,6116.08
O-01404,2025-08-21,C-0015,US,US East,Services,Direct,39,126.60,0.3500,3209.31,3095.43
O-01405,2025-08-21,C-0428,US,US East,Software,Partner,17,76.21,0.3500,842.12,385.56
O-01406,2025-08-21,C-0774,US,US East,Software,Direct,112,660.10,0.3500,48055.28,22130.08
O-01407,2025-08-21,C-0002,APAC,Japan,Hardware,Partner,1,2990.23,0.3444,1960.49,2017.79
O-01408,2025-08-21,C-0358,EU,UK & Ireland,Hardware,Partner,16,3222.53,0.3404,34011.28,34979.04
O-01409,2025-08-21,C-0172,EU,DACH,Services,Partner,16,125.36,0.3500,1303.74,1281.76
O-01410,2025-08-21,C-0249,EU,DACH,Support & CS,Partner,9,1722.19,0.3500,10074.81,8674.74
O-01411,2025-08-21,C-0708,EU,DACH,Services,Partner,42,607.44,0.3500,16583.11,15760.92
O-01412,2025-08-21,C-0454,EU,DACH,Hardware,Partner,2,4172.20,0.3500,5423.86,5551.26
O-01413,2025-08-21,C-0777,EU,UK & Ireland,Software,Direct,28,414.76,0.3500,7548.63,3626.00
O-01414,2025-08-21,C-0595,EU,Benelux & Nordics,Hardware,Direct,5,2975.77,0.3500,9671.25,9971.15
O-01415,2025-08-21,C-0287,US,US East,Software,Partner,47,323.11,0.3500,9871.01,4608.35
O-01416,2025-08-22,C-0367,APAC,Southeast Asia,Hardware,Online,7,1500.65,0.2495,7883.61,6803.30
O-01417,2025-08-22,C-0759,EU,UK & Ireland,Software,Partner,65,477.91,0.3380,20564.84,9698.65
O-01418,2025-08-22,C-0030,US,US Central,Hardware,Online,11,1815.21,0.2514,14947.38,13363.90
O-01419,2025-08-22,C-0209,EU,UK & Ireland,Services,Direct,42,549.44,0.3500,14999.71,14194.74
O-01420,2025-08-22,C-0366,US,US West,Software,Partner,91,308.76,0.3500,18263.15,8323.77
O-01421,2025-08-22,C-0488,US,US Central,Hardware,Partner,5,1767.79,0.3500,5745.32,5755.95
O-01422,2025-08-22,C-0680,APAC,Southeast Asia,Software,Partner,33,465.41,0.3500,9983.04,4633.86
O-01423,2025-08-22,C-0350,EU,Benelux & Nordics,Services,Partner,5,370.89,0.3500,1205.39,1139.00
O-01424,2025-08-22,C-0237,US,US Central,Services,Partner,27,436.24,0.3500,7656.01,7382.61
O-01425,2025-08-22,C-0143,US,US Central,Software,Partner,109,358.16,0.3317,26091.98,11339.27
O-01426,2025-08-22,C-0800,US,US Central,Software,Partner,71,305.43,0.3500,14095.59,6264.33
O-01427,2025-08-22,C-0705,APAC,Southeast Asia,Software,Partner,40,468.17,0.3500,12172.42,5674.40
O-01428,2025-08-22,C-0603,EU,UK & Ireland,Services,Partner,42,400.34,0.3301,11263.20,10838.10
O-01429,2025-08-22,C-0194,US,US West,Software,Direct,48,686.77,0.3500,21427.22,9797.28
O-01430,2025-08-22,C-0266,US,US West,Software,Direct,68,439.74,0.3500,19436.51,8999.12
O-01431,2025-08-22,C-0574,EU,Southern Europe,Software,Partner,58,90.28,0.3500,3403.56,1638.50
O-01432,2025-08-22,C-0352,US,US West,Hardware,Partner,15,2900.98,0.3500,28284.56,28570.80
O-01433,2025-08-22,C-0609,EU,DACH,Hardware,Online,6,2014.39,0.2417,9165.16,7861.38
O-01434,2025-08-22,C-0022,APAC,Southeast Asia,Software,Online,20,771.27,0.2574,11455.56,4577.20
O-01435,2025-08-22,C-0136,EU,UK & Ireland,Services,Direct,14,176.96,0.3500,1610.34,1598.80
O-01436,2025-08-22,C-0755,EU,Benelux & Nordics,Services,Direct,14,238.32,0.3500,2168.71,2060.24
O-01437,2025-08-22,C-0386,US,US East,Support & CS,Direct,4,914.82,0.3500,2378.53,2006.24
O-01438,2025-08-22,C-0759,EU,UK & Ireland,Hardware,Partner,17,357.67,0.3396,4015.40,4144.94
O-01439,2025-08-22,C-0217,EU,UK & Ireland,Services,Direct,18,411.64,0.3500,4816.19,4676.40
O-01440,2025-08-22,C-0524,US,US Central,Hardware,Online,13,916.07,0.2755,8628.14,7765.29
O-01441,2025-08-22,C-0757,EU,Southern Europe,Hardware,Direct,6,3069.11,0.3500,11969.53,12215.82
O-01442,2025-08-23,C-0020,APAC,ANZ,Software,Online,39,525.42,0.2593,15177.79,6030.57
O-01443,2025-08-23,C-0373,US,US West,Hardware,Direct,10,774.23,0.3500,5032.49,5162.30
O-01444,2025-08-23,C-0762,EU,Benelux & Nordics,Hardware,Partner,8,755.91,0.3500,3930.73,4106.56
O-01445,2025-08-23,C-0700,EU,UK & Ireland,Software,Direct,8,835.78,0.3500,4346.06,2060.24
O-01446,2025-08-23,C-0114,US,US Central,Software,Direct,33,248.85,0.3500,5337.83,2385.90
O-01447,2025-08-23,C-0034,US,US East,Software,Direct,56,586.18,0.3500,21336.95,9704.24
O-01448,2025-08-23,C-0304,APAC,Southeast Asia,Services,Partner,41,158.72,0.3500,4229.89,4040.55
O-01449,2025-08-23,C-0265,US,US Central,Hardware,Direct,6,1869.47,0.3500,7290.93,7203.12
O-01450,2025-08-23,C-0454,EU,DACH,Support & CS,Partner,3,781.20,0.3500,1523.34,1335.00
O-01451,2025-08-23,C-0667,US,US West,Services,Direct,35,186.28,0.3500,4237.87,3999.45
O-01452,2025-08-23,C-0553,US,US Central,Software,Partner,115,730.94,0.3333,56038.72,25059.65
O-01453,2025-08-23,C-0322,US,US Central,Hardware,Partner,8,1533.46,0.3429,8061.46,7770.88
O-01454,2025-08-23,C-0605,EU,Benelux & Nordics,Support & CS,Partner,6,785.62,0.3500,3063.92,2579.88
O-01455,2025-08-23,C-0624,US,US West,Services,Online,39,332.50,0.2423,9825.90,7849.53
O-01456,2025-08-23,C-0352,US,US West,Hardware,Direct,10,2995.29,0.3500,19469.39,19697.10
O-01457,2025-08-23,C-0550,APAC,ANZ,Hardware,Direct,1,3944.22,0.3500,2563.74,2574.69
O-01458,2025-08-23,C-0525,EU,Benelux & Nordics,Software,Partner,86,436.34,0.3500,24391.41,11462.08
O-01459,2025-08-23,C-0179,EU,DACH,Software,Partner,109,708.61,0.3500,50205.02,23416.47
O-01460,2025-08-23,C-0557,EU,DACH,Software,Direct,11,445.52,0.3500,3185.47,1505.68
O-01461,2025-08-23,C-0679,US,US East,Hardware,Partner,16,480.01,0.3500,4992.10,4975.68
O-01462,2025-08-23,C-0455,US,US West,Hardware,Direct,2,366.08,0.3500,475.90,462.76
O-01463,2025-08-23,C-0797,US,US Central,Support & CS,Partner,10,929.83,0.3316,6215.40,5010.30
O-01464,2025-08-23,C-0584,EU,DACH,Services,Partner,24,170.21,0.3500,2655.28,2542.32
O-01465,2025-08-23,C-0193,US,US West,Hardware,Online,4,578.51,0.2326,1775.80,1482.08
O-01466,2025-08-23,C-0505,APAC,Greater China,Software,Partner,114,849.14,0.3424,63659.14,29340.18
O-01467,2025-08-23,C-0575,US,US West,Software,Online,10,527.59,0.2501,3956.53,1581.30
O-01468,2025-08-23,C-0290,EU,Southern Europe,Hardware,Online,15,2031.68,0.2565,22659.11,20326.95
O-01469,2025-08-23,C-0448,EU,UK & Ireland,Support & CS,Online,8,2011.67,0.2711,11730.16,9202.96
O-01470,2025-08-23,C-0020,APAC,ANZ,Software,Partner,59,518.58,0.3338,20384.61,9196.92
O-01471,2025-08-23,C-0543,APAC,Japan,Software,Partner,20,93.06,0.3500,1209.78,571.40
O-01472,2025-08-23,C-0356,US,US West,Hardware,Direct,18,2774.71,0.3500,32464.11,32205.42
O-01473,2025-08-23,C-0137,EU,DACH,Support & CS,Online,5,326.39,0.2460,1230.53,923.30
O-01474,2025-08-23,C-0696,APAC,Greater China,Software,Partner,12,302.63,0.3425,2387.62,1116.84
O-01475,2025-08-23,C-0649,EU,DACH,Hardware,Partner,8,3588.91,0.3500,18662.33,18657.52
O-01476,2025-08-24,C-0371,EU,Benelux & Nordics,Services,Partner,32,364.52,0.3341,7767.16,7409.60
O-01477,2025-08-24,C-0282,APAC,Southeast Asia,Software,Direct,82,223.86,0.3500,11931.74,5541.56
O-01478,2025-08-24,C-0172,EU,DACH,Hardware,Direct,6,688.86,0.3500,2686.55,2820.66
O-01479,2025-08-24,C-0515,APAC,Southeast Asia,Support & CS,Direct,7,1085.05,0.3500,4936.98,4140.43
O-01480,2025-08-24,C-0515,APAC,Southeast Asia,Hardware,Partner,18,980.99,0.3500,11477.58,11621.88
O-01481,2025-08-24,C-0071,APAC,Greater China,Support & CS,Online,10,498.00,0.2647,3661.67,2818.90
O-01482,2025-08-24,C-0716,APAC,Southeast Asia,Hardware,Direct,15,1250.38,0.3500,12191.21,12684.30
O-01483,2025-08-24,C-0090,APAC,Southeast Asia,Services,Partner,9,604.04,0.3321,3630.99,3411.27
O-01484,2025-08-24,C-0265,US,US Central,Software,Partner,53,833.76,0.3500,28723.03,13160.43
O-01485,2025-08-24,C-0688,US,US East,Services,Online,11,197.44,0.2324,1667.13,1312.63
O-01486,2025-08-24,C-0091,EU,DACH,Hardware,Partner,15,1373.65,0.3398,13602.69,13920.60
O-01487,2025-08-24,C-0494,APAC,Southeast Asia,Support & CS,Partner,12,560.49,0.3500,4371.82,3632.76
O-01488,2025-08-24,C-0014,US,US West,Software,Partner,106,840.76,0.3445,58421.79,26555.12
O-01489,2025-08-24,C-0294,EU,Southern Europe,Services,Online,16,313.32,0.2420,3800.09,3106.88
O-01490,2025-08-24,C-0190,EU,Benelux & Nordics,Services,Direct,12,508.77,0.3500,3968.41,3797.88
O-01491,2025-08-24,C-0408,US,US East,Support & CS,Partner,7,1439.59,0.3500,6550.13,5465.81
O-01492,2025-08-24,C-0490,US,US West,Hardware,Partner,18,2390.63,0.3500,27970.37,28049.04
O-01493,2025-08-24,C-0681,EU,DACH,Software,Direct,107,753.84,0.3500,52429.57,24150.97
O-01494,2025-08-24,C-0328,US,US Central,Software,Direct,43,190.45,0.3500,5323.08,2463.47
O-01495,2025-08-24,C-0184,US,US West,Software,Online,31,234.72,0.2698,5312.99,2155.74
O-01496,2025-08-24,C-0537,EU,UK & Ireland,Hardware,Partner,13,1805.30,0.3500,15254.78,16164.59
O-01497,2025-08-24,C-0799,APAC,Japan,Software,Partner,119,146.33,0.3385,11518.40,5243.14
O-01498,2025-08-24,C-0358,EU,UK & Ireland,Services,Partner,39,415.48,0.3500,10532.42,10281.18
O-01499,2025-08-24,C-0594,EU,Benelux & Nordics,Support & CS,Online,10,509.86,0.2504,3822.14,2825.80
O-01500,2025-08-24,C-0184,US,US West,Hardware,Online,13,1071.40,0.2716,10145.18,8964.67
O-01501,2025-08-24,C-0589,EU,DACH,Services,Partner,9,401.91,0.3500,2351.17,2213.19
O-01502,2025-08-24,C-0130,EU,Southern Europe,Services,Partner,18,424.75,0.3500,4969.57,4698.54
O-01503,2025-08-24,C-0616,US,US Central,Services,Partner,30,497.69,0.3344,9937.13,8976.90
O-01504,2025-08-24,C-0093,US,US West,Software,Online,97,555.97,0.2698,39377.68,16177.66
O-01505,2025-08-24,C-0710,US,US East,Software,Partner,55,566.12,0.3304,20848.82,9347.80
O-01506,2025-08-24,C-0267,US,US East,Support & CS,Online,6,1367.52,0.2441,6202.36,4573.98
O-01507,2025-08-24,C-0072,APAC,ANZ,Software,Partner,26,746.40,0.3431,12747.53,5978.18
O-01508,2025-08-25,C-0741,APAC,Greater China,Support & CS,Direct,9,318.74,0.3500,1864.63,1579.05
O-01509,2025-08-25,C-0306,APAC,Japan,Hardware,Partner,18,2763.13,0.3500,32328.62,33849.90
O-01510,2025-08-25,C-0660,EU,Benelux & Nordics,Software,Direct,49,743.95,0.3500,23694.81,10906.42
O-01511,2025-08-25,C-0195,APAC,Southeast Asia,Hardware,Partner,13,1790.69,0.3500,15131.33,15899.91
O-01512,2025-08-25,C-0359,EU,DACH,Software,Partner,97,434.08,0.3500,27368.74,12772.96
O-01513,2025-08-25,C-0543,APAC,Japan,Hardware,Partner,17,1101.64,0.3452,12263.35,12181.35
O-01514,2025-08-25,C-0668,EU,DACH,Support & CS,Partner,1,1223.53,0.3500,795.29,689.50
O-01515,2025-08-25,C-0564,EU,DACH,Hardware,Partner,16,426.70,0.3500,4437.68,4623.52
O-01516,2025-08-25,C-0158,US,US West,Services,Partner,25,158.53,0.3500,2576.11,2349.25
O-01517,2025-08-25,C-0056,US,US East,Software,Partner,62,409.96,0.3425,16711.17,7289.96
O-01518,2025-08-25,C-0639,EU,UK & Ireland,Services,Partner,1,286.56,0.3500,186.26,182.91
O-01519,2025-08-25,C-0706,APAC,Japan,Software,Direct,111,709.54,0.3500,51193.31,23423.22
O-01520,2025-08-25,C-0739,US,US Central,Services,Partner,14,633.97,0.3500,5769.13,5423.60
O-01521,2025-08-25,C-0334,APAC,Japan,Services,Partner,44,410.69,0.3406,11915.51,11448.80
O-01522,2025-08-25,C-0206,APAC,Japan,Services,Partner,45,360.49,0.3316,10843.43,10268.55
O-01523,2025-08-25,C-0500,US,US West,Software,Direct,118,443.22,0.3500,33994.97,15424.96
O-01524,2025-08-25,C-0271,EU,DACH,Support & CS,Direct,5,1125.06,0.3500,3656.44,3106.80
O-01525,2025-08-25,C-0721,APAC,Southeast Asia,Hardware,Partner,6,1371.09,0.3411,5420.35,5546.52
O-01526,2025-08-25,C-0099,US,US East,Hardware,Partner,9,4172.37,0.3500,24408.36,23807.25
O-01527,2025-08-25,C-0456,EU,Southern Europe,Software,Partner,73,793.98,0.3500,37674.35,17532.41
O-01528,2025-08-25,C-0565,EU,Southern Europe,Services,Partner,24,441.46,0.3500,6886.78,6746.16
O-01529,2025-08-25,C-0023,US,US East,Software,Partner,30,603.37,0.3412,11925.42,5436.90
O-01530,2025-08-25,C-0017,US,US Central,Software,Partner,46,231.23,0.3500,6913.78,3104.54
O-01531,2025-08-25,C-0397,US,US East,Services,Partner,33,499.46,0.3431,10827.62,9834.66
O-01532,2025-08-25,C-0515,APAC,Southeast Asia,Services,Partner,36,383.15,0.3308,9231.17,8776.08
O-01533,2025-08-25,C-0630,US,US Central,Hardware,Partner,10,1906.22,0.3500,12390.43,12535.00
O-01534,2025-08-25,C-0290,EU,Southern Europe,Services,Partner,16,144.09,0.3500,1498.54,1413.92
O-01535,2025-08-25,C-0729,US,US East,Hardware,Online,11,3603.17,0.2316,30453.69,26379.10
O-01536,2025-08-25,C-0103,US,US East,Software,Direct,85,798.01,0.3500,44090.05,20179.85
O-01537,2025-08-25,C-0235,EU,Southern Europe,Hardware,Partner,17,1175.76,0.3500,12992.15,13220.05
O-01538,2025-08-26,C-0195,APAC,Southeast Asia,Services,Partner,13,402.25,0.3500,3399.01,3222.70
O-01539,2025-08-26,C-0666,US,US East,Software,Partner,5,844.65,0.3500,2745.11,1230.00
O-01540,2025-08-26,C-0031,US,US Central,Services,Direct,40,238.82,0.3500,6209.32,5835.20
O-01541,2025-08-26,C-0629,US,US East,Hardware,Partner,9,593.00,0.3483,3478.28,3499.20
O-01542,2025-08-26,C-0573,APAC,Southeast Asia,Software,Direct,115,499.12,0.3500,37309.22,17630.65
O-01543,2025-08-26,C-0259,EU,Southern Europe,Hardware,Partner,13,3250.28,0.3500,27464.87,27748.76
O-01544,2025-08-26,C-0050,EU,Southern Europe,Services,Partner,38,279.18,0.3500,6895.75,6518.52
O-01545,2025-08-26,C-0219,EU,Benelux & Nordics,Hardware,Partner,15,2320.05,0.3376,23052.56,23234.55
O-01546,2025-08-26,C-0372,US,US East,Support & CS,Direct,9,2168.80,0.3500,12687.48,10753.74
O-01547,2025-08-26,C-0800,US,US Central,Support & CS,Direct,2,324.97,0.3500,422.46,357.88
O-01548,2025-08-26,C-0591,EU,DACH,Software,Direct,119,665.26,0.3500,51457.86,24427.13
O-01549,2025-08-26,C-0523,US,US West,Services,Online,28,614.79,0.2729,12516.56,10309.04
O-01550,2025-08-26,C-0141,EU,Benelux & Nordics,Support & CS,Online,9,1178.24,0.2468,7987.46,5972.04
O-01551,2025-08-26,C-0428,US,US East,Hardware,Direct,16,3906.55,0.3500,40628.12,39667.04
O-01552,2025-08-26,C-0708,EU,DACH,Software,Partner,110,506.62,0.3322,37212.91,16996.10
O-01553,2025-08-26,C-0364,EU,DACH,Hardware,Online,4,2999.18,0.2638,8832.15,8036.84
O-01554,2025-08-26,C-0387,US,US Central,Services,Partner,26,373.18,0.3500,6306.74,5850.26
O-01555,2025-08-26,C-0491,US,US East,Software,Partner,118,757.46,0.3433,58699.29,25865.60
O-01556,2025-08-26,C-0034,US,US East,Support & CS,Direct,8,1378.70,0.3500,7169.24,5986.80
O-01557,2025-08-26,C-0223,EU,DACH,Services,Partner,2,256.56,0.3500,333.53,316.98
O-01558,2025-08-26,C-0455,US,US West,Support & CS,Partner,6,1592.12,0.3500,6209.27,5234.52
O-01559,2025-08-26,C-0274,US,US East,Hardware,Partner,4,1652.06,0.3311,4420.41,4390.88
O-01560,2025-08-26,C-0310,US,US Central,Hardware,Partner,16,2092.16,0.3500,21758.46,21402.72
O-01561,2025-08-26,C-0008,EU,Southern Europe,Support & CS,Direct,3,863.85,0.3500,1684.51,1459.08
O-01562,2025-08-26,C-0304,APAC,Southeast Asia,Software,Partner,19,567.13,0.3500,7004.06,3322.15
O-01563,2025-08-26,C-0327,EU,Benelux & Nordics,Software,Partner,48,861.13,0.3500,26867.26,12716.64
O-01564,2025-08-26,C-0193,US,US West,Hardware,Online,16,718.21,0.2465,8658.90,7486.08
O-01565,2025-08-27,C-0185,APAC,ANZ,Services,Partner,35,122.29,0.3500,2782.10,2734.90
O-01566,2025-08-27,C-0663,EU,DACH,Hardware,Direct,18,2473.94,0.3500,28945.10,29656.98
O-01567,2025-08-27,C-0500,US,US West,Hardware,Partner,9,705.79,0.3478,4143.12,4095.72
O-01568,2025-08-27,C-0115,US,US East,Support & CS,Partner,1,999.63,0.3411,658.62,538.95
O-01569,2025-08-27,C-0024,EU,UK & Ireland,Services,Online,29,333.81,0.2699,7067.48,6077.53
O-01570,2025-08-27,C-0446,EU,Southern Europe,Software,Online,99,213.01,0.2350,16131.92,6345.90
O-01571,2025-08-27,C-0799,APAC,Japan,Services,Partner,10,342.96,0.3330,2287.46,2183.40
O-01572,2025-08-27,C-0361,US,US East,Hardware,Partner,13,1555.27,0.3500,13142.03,13223.86
O-01573,2025-08-27,C-0428,US,US East,Hardware,Online,2,3872.13,0.2521,5791.71,5015.34
O-01574,2025-08-27,C-0123,APAC,Japan,Hardware,Direct,10,3838.92,0.3500,24952.98,24706.20
O-01575,2025-08-27,C-0394,EU,DACH,Software,Partner,43,576.32,0.3356,16465.99,7766.23
O-01576,2025-08-27,C-0668,EU,DACH,Hardware,Online,2,2528.04,0.2403,3840.97,3435.10
O-01577,2025-08-27,C-0621,APAC,ANZ,Hardware,Direct,15,670.64,0.3500,6538.74,6862.20
O-01578,2025-08-27,C-0702,EU,DACH,Hardware,Partner,11,3605.79,0.3383,26246.62,26070.88
O-01579,2025-08-27,C-0209,EU,UK & Ireland,Hardware,Online,10,2704.67,0.2529,20207.81,18226.40
O-01580,2025-08-27,C-0724,EU,DACH,Hardware,Partner,14,3986.88,0.3500,36280.61,38468.64
O-01581,2025-08-27,C-0207,APAC,Japan,Hardware,Online,12,1316.87,0.2503,11847.33,10374.84
O-01582,2025-08-27,C-0608,APAC,Greater China,Software,Partner,77,201.76,0.3494,10107.28,4668.51
O-01583,2025-08-27,C-0245,US,US East,Hardware,Partner,11,1377.87,0.3500,9851.77,10059.83
O-01584,2025-08-27,C-0641,APAC,Greater China,Hardware,Partner,18,2937.26,0.3500,34365.94,35202.96
O-01585,2025-08-27,C-0673,US,US West,Support & CS,Partner,8,630.75,0.3500,3279.90,2758.48
O-01586,2025-08-27,C-0410,EU,DACH,Hardware,Direct,1,1595.98,0.3500,1037.39,1075.10
O-01587,2025-08-27,C-0062,EU,UK & Ireland,Hardware,Direct,6,3676.54,0.3500,14338.51,15129.24
O-01588,2025-08-27,C-0343,US,US West,Support & CS,Partner,8,1960.17,0.3500,10192.88,8562.80
O-01589,2025-08-27,C-0553,US,US Central,Support & CS,Online,2,2348.76,0.2347,3595.13,2481.62
O-01590,2025-08-27,C-0621,APAC,ANZ,Hardware,Partner,2,3165.19,0.3500,4114.75,4126.64
O-01591,2025-08-27,C-0518,APAC,Southeast Asia,Hardware,Direct,3,1229.62,0.3500,2397.76,2423.25
O-01592,2025-08-27,C-0669,EU,UK & Ireland,Software,Online,18,854.84,0.2748,11158.20,4590.90
O-01593,2025-08-28,C-0085,US,US East,Hardware,Partner,10,1851.27,0.3460,12107.27,11972.20
O-01594,2025-08-28,C-0756,US,US West,Hardware,Partner,9,3710.48,0.3500,21706.31,22319.73
O-01595,2025-08-28,C-0448,EU,UK & Ireland,Services,Partner,35,460.05,0.3401,10625.07,10189.20
O-01596,2025-08-28,C-0564,EU,DACH,Support & CS,Direct,7,340.52,0.3500,1549.37,1357.65
O-01597,2025-08-28,C-0421,EU,Southern Europe,Hardware,Partner,7,3606.72,0.3500,16410.58,16775.57
O-01598,2025-08-28,C-0184,US,US West,Support & CS,Partner,11,1552.92,0.3321,11408.91,9522.37
O-01599,2025-08-28,C-0484,EU,Southern Europe,Support & CS,Partner,7,1676.68,0.3445,7693.15,6468.49
O-01600,2025-08-28,C-0706,APAC,Japan,Software,Partner,10,156.13,0.3327,1041.82,473.50
O-01601,2025-08-28,C-0722,US,US East,Software,Partner,106,636.10,0.3375,44672.12,19916.34
O-01602,2025-08-28,C-0488,US,US Central,Hardware,Partner,16,2878.65,0.3403,30386.76,30276.16
O-01603,2025-08-28,C-0022,APAC,Southeast Asia,Services,Partner,45,548.76,0.3500,16051.23,15647.40
O-01604,2025-08-28,C-0565,EU,Southern Europe,Services,Direct,19,357.14,0.3500,4410.68,4259.42
O-01605,2025-08-28,C-0448,EU,UK & Ireland,Services,Partner,32,373.82,0.3500,7775.46,7445.44
O-01606,2025-08-28,C-0269,EU,UK & Ireland,Software,Direct,86,631.12,0.3500,35279.61,16854.28
O-01607,2025-08-28,C-0387,US,US Central,Services,Partner,39,303.74,0.3500,7699.81,7209.93
O-01608,2025-08-28,C-0659,EU,Benelux & Nordics,Hardware,Direct,16,1363.77,0.3500,14183.21,14668.64
O-01609,2025-08-28,C-0713,US,US Central,Hardware,Partner,16,2544.48,0.3500,26462.59,27194.88
O-01610,2025-08-28,C-0402,APAC,Greater China,Software,Partner,35,716.71,0.3331,16730.17,7596.40
O-01611,2025-08-28,C-0134,EU,UK & Ireland,Services,Online,2,458.88,0.2379,699.43,571.82
O-01612,2025-08-28,C-0199,APAC,ANZ,Software,Partner,53,772.18,0.3457,26779.28,12543.51
O-01613,2025-08-28,C-0193,US,US West,Support & CS,Online,3,1528.59,0.2344,3510.64,2531.91
O-01614,2025-08-28,C-0224,US,US West,Software,Partner,90,829.55,0.3500,48528.68,22305.60
O-01615,2025-08-28,C-0213,APAC,Southeast Asia,Services,Online,38,171.00,0.2601,4807.92,4045.86
O-01616,2025-08-29,C-0688,US,US East,Hardware,Partner,1,503.05,0.3500,326.98,323.21
O-01617,2025-08-29,C-0423,US,US East,Hardware,Direct,17,2706.48,0.3500,29906.60,30001.60
O-01618,2025-08-29,C-0532,EU,DACH,Software,Direct,90,266.18,0.3500,15571.53,7308.00
O-01619,2025-08-29,C-0184,US,US West,Hardware,Online,1,799.41,0.2346,611.86,526.29
O-01620,2025-08-29,C-0125,EU,DACH,Support & CS,Direct,4,838.34,0.3500,2179.68,1925.88
O-01621,2025-08-29,C-0587,EU,UK & Ireland,Software,Partner,78,786.93,0.3500,39897.35,18811.26
O-01622,2025-08-29,C-0663,EU,DACH,Hardware,Direct,16,1284.57,0.3500,13359.53,13843.84
O-01623,2025-08-29,C-0662,EU,DACH,Hardware,Partner,7,930.13,0.3458,4259.28,4295.13
O-01624,2025-08-29,C-0065,EU,DACH,Services,Partner,14,357.70,0.3358,3326.37,3229.24
O-01625,2025-08-29,C-0196,APAC,Japan,Support & CS,Partner,8,1668.70,0.3500,8677.24,7404.40
O-01626,2025-08-29,C-0721,APAC,Southeast Asia,Hardware,Partner,3,912.53,0.3363,1816.81,1816.92
O-01627,2025-08-29,C-0676,APAC,ANZ,Hardware,Online,17,3097.83,0.2742,38223.34,34996.20
O-01628,2025-08-29,C-0134,EU,UK & Ireland,Hardware,Partner,5,3950.42,0.3500,12838.86,13559.75
O-01629,2025-08-29,C-0115,US,US East,Hardware,Partner,15,3348.80,0.3500,32650.80,31861.80
O-01630,2025-08-29,C-0068,EU,UK & Ireland,Services,Partner,5,128.07,0.3500,416.23,404.70
O-01631,2025-08-29,C-0127,EU,UK & Ireland,Hardware,Partner,14,3821.92,0.3500,34779.47,35050.82
O-01632,2025-08-29,C-0256,US,US Central,Hardware,Online,1,4135.01,0.2688,3023.34,2652.36
O-01633,2025-08-29,C-0709,EU,Southern Europe,Services,Online,44,196.72,0.2388,6588.83,5519.80
O-01634,2025-08-29,C-0540,US,US Central,Software,Direct,83,783.23,0.3500,42255.26,19299.99
O-01635,2025-08-29,C-0019,EU,UK & Ireland,Services,Partner,27,635.00,0.3500,11144.25,10950.12
O-01636,2025-08-29,C-0011,EU,DACH,Support & CS,Online,11,976.97,0.2329,8243.80,6018.32
O-01637,2025-08-29,C-0259,EU,Southern Europe,Hardware,Partner,4,647.70,0.3500,1684.02,1767.04
O-01638,2025-08-29,C-0543,APAC,Japan,Services,Partner,42,245.53,0.3500,6702.97,6242.88
O-01639,2025-08-29,C-0568,APAC,ANZ,Hardware,Direct,16,706.26,0.3500,7345.10,7651.36
O-01640,2025-08-29,C-0574,EU,Southern Europe,Support & CS,Partner,6,548.19,0.3500,2137.94,1877.22
O-01641,2025-08-29,C-0142,US,US East,Hardware,Online,5,2363.73,0.2337,9057.03,7499.25
O-01642,2025-08-29,C-0353,APAC,Japan,Hardware,Partner,12,1366.09,0.3500,10655.50,10714.44
O-01643,2025-08-29,C-0060,EU,DACH,Hardware,Partner,13,2730.78,0.3500,23075.09,24392.03
O-01644,2025-08-29,C-0618,EU,DACH,Software,Direct,86,809.81,0.3500,45268.38,21426.04
O-01645,2025-08-29,C-0227,US,US East,Hardware,Partner,2,4066.53,0.3500,5286.49,5237.80
O-01646,2025-08-29,C-0774,US,US East,Services,Partner,45,248.45,0.3500,7267.16,6781.50
O-01647,2025-08-30,C-0213,APAC,Southeast Asia,Hardware,Partner,6,1104.55,0.3388,4381.95,4333.08
O-01648,2025-08-30,C-0740,APAC,ANZ,Hardware,Online,11,414.03,0.2480,3424.81,2938.54
O-01649,2025-08-30,C-0077,EU,UK & Ireland,Hardware,Partner,5,2291.39,0.3500,7447.02,7805.90
O-01650,2025-08-30,C-0519,US,US East,Hardware,Online,12,1068.24,0.2626,9452.31,8194.44
O-01651,2025-08-30,C-0306,APAC,Japan,Services,Partner,38,322.91,0.3500,7975.88,7547.18
O-01652,2025-08-30,C-0207,APAC,Japan,Hardware,Partner,3,2616.18,0.3414,5169.39,5283.24
O-01653,2025-08-30,C-0103,US,US East,Hardware,Partner,2,2069.54,0.3500,2690.40,2649.60
O-01654,2025-08-30,C-0557,EU,DACH,Hardware,Partner,6,3323.98,0.3322,13318.65,13106.04
O-01655,2025-08-30,C-0369,EU,Southern Europe,Services,Online,38,409.98,0.2569,11576.32,9954.48
O-01656,2025-08-30,C-0067,EU,UK & Ireland,Software,Partner,102,604.28,0.3342,41037.52,18383.46
O-01657,2025-08-30,C-0282,APAC,Southeast Asia,Software,Direct,32,875.49,0.3500,18210.19,8562.56
O-01658,2025-08-30,C-0184,US,US West,Services,Direct,35,298.43,0.3500,6789.28,6259.75
O-01659,2025-08-30,C-0042,APAC,ANZ,Hardware,Partner,2,2086.74,0.3500,2712.76,2757.00
O-01660,2025-08-30,C-0712,EU,Southern Europe,Support & CS,Partner,11,2099.57,0.3500,15011.93,13041.49
O-01661,2025-08-30,C-0426,EU,Southern Europe,Services,Online,42,242.16,0.2363,7767.21,6579.30
O-01662,2025-08-30,C-0452,APAC,Southeast Asia,Software,Online,47,243.15,0.2680,8365.37,3481.76
O-01663,2025-08-30,C-0378,EU,Benelux & Nordics,Software,Direct,94,561.86,0.3500,34329.65,15707.40
O-01664,2025-08-30,C-0455,US,US West,Hardware,Partner,7,2004.29,0.3494,9127.70,8914.64
O-01665,2025-08-30,C-0211,EU,UK & Ireland,Support & CS,Partner,6,805.15,0.3500,3140.09,2733.00
O-01666,2025-08-30,C-0063,EU,UK & Ireland,Support & CS,Direct,5,1895.37,0.3500,6159.95,5162.25
O-01667,2025-08-30,C-0726,EU,DACH,Hardware,Partner,6,1150.77,0.3324,4609.64,4544.88
O-01668,2025-08-30,C-0386,US,US East,Support & CS,Partner,2,2185.98,0.3500,2841.77,2331.32
O-01669,2025-08-30,C-0179,EU,DACH,Software,Partner,118,699.80,0.3500,53674.66,25344.04
O-01670,2025-08-30,C-0151,EU,DACH,Services,Partner,4,216.52,0.3479,564.81,557.28
O-01671,2025-08-30,C-0726,EU,DACH,Software,Online,29,240.57,0.2662,5119.11,2150.06
O-01672,2025-08-30,C-0791,US,US West,Software,Partner,54,709.23,0.3500,24893.97,11444.76
O-01673,2025-08-30,C-0375,US,US Central,Hardware,Online,2,2903.03,0.2392,4417.02,3867.44
O-01674,2025-08-30,C-0716,APAC,Southeast Asia,Services,Direct,35,323.28,0.3500,7354.62,6860.70
O-01675,2025-08-30,C-0540,US,US Central,Hardware,Partner,2,2494.91,0.3315,3335.74,3290.66
O-01676,2025-08-30,C-0281,US,US Central,Hardware,Direct,6,3836.80,0.3500,14963.52,14841.54
O-01677,2025-08-30,C-0114,US,US Central,Services,Partner,40,443.26,0.3490,11542.51,10936.80
O-01678,2025-08-30,C-0265,US,US Central,Services,Online,23,616.73,0.2466,10686.73,8413.63
O-01679,2025-08-30,C-0385,US,US West,Software,Direct,11,641.15,0.3500,4584.22,2084.72
O-01680,2025-08-30,C-0794,APAC,ANZ,Hardware,Partner,3,1676.53,0.3500,3269.23,3240.48
O-01681,2025-08-30,C-0055,EU,UK & Ireland,Hardware,Direct,12,3721.86,0.3500,29030.51,29355.00
O-01682,2025-08-30,C-0521,EU,DACH,Support & CS,Partner,9,1067.59,0.3500,6245.40,5517.18
O-01683,2025-08-30,C-0487,EU,Benelux & Nordics,Software,Partner,19,575.85,0.3500,7111.75,3382.38
O-01684,2025-08-30,C-0499,US,US West,Support & CS,Partner,4,1402.55,0.3500,3646.63,3022.52
O-01685,2025-08-31,C-0564,EU,DACH,Hardware,Direct,5,3100.25,0.3500,10075.81,10227.05
O-01686,2025-08-31,C-0184,US,US West,Hardware,Direct,13,2105.86,0.3500,17794.52,17985.76
O-01687,2025-08-31,C-0254,EU,DACH,Software,Partner,94,217.65,0.3500,13298.42,6243.48
O-01688,2025-08-31,C-0797,US,US Central,Services,Online,30,135.67,0.2612,3006.81,2436.00
O-01689,2025-08-31,C-0242,APAC,Japan,Software,Partner,8,623.84,0.3500,3243.97,1476.56
O-01690,2025-08-31,C-0546,EU,Southern Europe,Services,Partner,41,203.36,0.3500,5419.54,5179.94
O-01691,2025-08-31,C-0387,US,US Central,Hardware,Partner,4,1372.93,0.3492,3573.79,3662.96
O-01692,2025-08-31,C-0077,EU,UK & Ireland,Software,Partner,21,131.01,0.3500,1788.29,818.58
O-01693,2025-08-31,C-0703,EU,DACH,Support & CS,Partner,11,275.88,0.3482,1978.15,1676.18
O-01694,2025-08-31,C-0023,US,US East,Support & CS,Online,5,1680.95,0.2746,6096.70,4447.95
O-01695,2025-08-31,C-0713,US,US Central,Hardware,Online,8,1029.00,0.2647,6053.02,5441.60
O-01696,2025-08-31,C-0792,EU,Benelux & Nordics,Support & CS,Direct,2,787.87,0.3500,1024.23,881.50
O-01697,2025-08-31,C-0272,EU,UK & Ireland,Software,Partner,58,891.34,0.3304,34616.63,16027.72
O-01698,2025-08-31,C-0532,EU,DACH,Software,Partner,92,828.95,0.3500,49571.21,22544.60
O-01699,2025-08-31,C-0170,US,US Central,Software,Online,6,775.78,0.2372,3550.69,1389.06
O-01700,2025-08-31,C-0592,EU,UK & Ireland,Hardware,Partner,4,1846.04,0.3470,4822.23,4914.96
O-01701,2025-08-31,C-0150,US,US Central,Services,Partner,3,418.14,0.3500,815.37,778.56
O-01702,2025-08-31,C-0025,APAC,Japan,Support & CS,Direct,3,833.53,0.3500,1625.38,1362.72
O-01703,2025-08-31,C-0614,US,US West,Hardware,Direct,2,3642.10,0.3500,4734.73,4698.36
O-01704,2025-08-31,C-0126,EU,UK & Ireland,Software,Partner,52,391.74,0.3500,13240.81,6237.40
O-01705,2025-08-31,C-0550,APAC,ANZ,Hardware,Online,5,1082.66,0.2304,4166.13,3585.35
O-01706,2025-08-31,C-0356,US,US West,Services,Partner,13,317.67,0.3500,2684.31,2453.10
O-01707,2025-08-31,C-0334,APAC,Japan,Software,Partner,35,182.65,0.3325,4267.10,1880.90
O-01708,2025-08-31,C-0094,EU,Benelux & Nordics,Software,Online,68,648.67,0.2542,32897.17,13364.72
O-01709,2025-08-31,C-0022,APAC,Southeast Asia,Hardware,Partner,12,2725.48,0.3484,21312.67,21719.52
O-01710,2025-08-31,C-0589,EU,DACH,Services,Partner,36,244.63,0.3367,5841.07,5589.36
O-01711,2025-09-01,C-0440,EU,UK & Ireland,Software,Online,40,580.60,0.2579,17235.05,7209.60
O-01712,2025-09-01,C-0335,US,US West,Hardware,Partner,18,3335.66,0.3374,39785.52,38585.16
O-01713,2025-09-01,C-0295,US,US East,Services,Online,8,343.18,0.2575,2038.47,1706.80
O-01714,2025-09-01,C-0486,EU,UK & Ireland,Hardware,Online,12,1278.98,0.2725,11165.52,10278.12
O-01715,2025-09-01,C-0031,US,US Central,Services,Partner,17,251.41,0.3500,2778.08,2616.64
O-01716,2025-09-01,C-0704,US,US West,Software,Online,108,682.78,0.2800,53095.18,22144.32
O-01717,2025-09-01,C-0254,EU,DACH,Software,Direct,52,884.76,0.3500,29904.89,13677.04
O-01718,2025-09-01,C-0345,EU,UK & Ireland,Support & CS,Partner,3,810.46,0.3500,1580.40,1358.28
O-01719,2025-09-01,C-0260,APAC,ANZ,Services,Direct,31,185.76,0.3500,3743.06,3499.28
O-01720,2025-09-01,C-0009,US,US West,Hardware,Partner,7,1610.16,0.3431,7403.74,7152.88
O-01721,2025-09-01,C-0688,US,US East,Hardware,Direct,12,3827.37,0.3500,29853.49,30132.60
O-01722,2025-09-01,C-0275,EU,UK & Ireland,Software,Online,14,292.24,0.2506,3066.05,1242.64
O-01723,2025-09-01,C-0114,US,US Central,Software,Partner,28,823.68,0.3500,14990.98,6653.92
O-01724,2025-09-01,C-0371,EU,Benelux & Nordics,Hardware,Partner,15,1951.96,0.3336,19512.92,20038.50
O-01725,2025-09-01,C-0277,EU,UK & Ireland,Services,Direct,18,513.54,0.3500,6008.42,5647.50
O-01726,2025-09-01,C-0588,EU,DACH,Software,Partner,94,710.70,0.3500,43423.77,20429.96
O-01727,2025-09-01,C-0100,EU,DACH,Hardware,Partner,10,1820.64,0.3500,11834.16,12551.70
O-01728,2025-09-01,C-0334,APAC,Japan,Support & CS,Direct,5,1858.66,0.3500,6040.65,5271.95
O-01729,2025-09-02,C-0488,US,US Central,Hardware,Partner,1,4158.77,0.3469,2716.28,2653.68
O-01730,2025-09-02,C-0627,US,US Central,Hardware,Online,14,2891.88,0.2302,31168.13,26538.26
O-01731,2025-09-02,C-0669,EU,UK & Ireland,Services,Partner,11,282.91,0.3500,2022.81,1928.30
O-01732,2025-09-02,C-0148,EU,Benelux & Nordics,Support & CS,Online,10,880.09,0.2422,6669.31,4837.40
O-01733,2025-09-02,C-0673,US,US West,Hardware,Direct,6,3245.37,0.3500,12656.94,12747.48
O-01734,2025-09-02,C-0403,EU,DACH,Support & CS,Partner,7,689.87,0.3356,3208.28,2677.64
O-01735,2025-09-02,C-0158,US,US West,Software,Online,103,598.78,0.2485,46349.74,18108.43
O-01736,2025-09-02,C-0220,EU,UK & Ireland,Support & CS,Direct,9,1998.61,0.3500,11691.87,10279.44
O-01737,2025-09-02,C-0125,EU,DACH,Hardware,Partner,4,1487.36,0.3327,3970.32,3977.20
O-01738,2025-09-02,C-0500,US,US West,Services,Partner,20,613.06,0.3491,7981.33,7403.60
O-01739,2025-09-02,C-0159,EU,Southern Europe,Software,Online,11,292.68,0.2657,2364.00,959.75
O-01740,2025-09-02,C-0660,EU,Benelux & Nordics,Software,Partner,63,278.20,0.3500,11392.29,5385.24
O-01741,2025-09-02,C-0570,EU,Southern Europe,Hardware,Partner,2,2891.09,0.3500,3758.42,3969.00
O-01742,2025-09-02,C-0301,US,US Central,Software,Online,58,796.18,0.2543,34435.45,13553.44
O-01743,2025-09-02,C-0227,US,US East,Hardware,Direct,13,3911.94,0.3500,33055.89,32662.11
O-01744,2025-09-02,C-0577,US,US East,Hardware,Partner,5,1561.08,0.3448,5114.32,4978.60
O-01745,2025-09-02,C-0015,US,US East,Support & CS,Partner,12,829.54,0.3331,6638.90,5496.00
O-01746,2025-09-02,C-0454,EU,DACH,Software,Partner,83,794.88,0.3500,42883.78,19795.50
O-01747,2025-09-02,C-0683,US,US East,Hardware,Direct,10,1964.34,0.3500,12768.21,13035.10
O-01748,2025-09-02,C-0373,US,US West,Hardware,Direct,13,1130.59,0.3500,9553.49,9386.78
O-01749,2025-09-02,C-0599,EU,UK & Ireland,Services,Online,8,549.03,0.2747,3185.64,2766.56
O-01750,2025-09-02,C-0008,EU,Southern Europe,Hardware,Partner,17,4103.54,0.3500,45344.12,46563.00
O-01751,2025-09-02,C-0557,EU,DACH,Services,Partner,34,425.78,0.3380,9583.60,9085.82
O-01752,2025-09-02,C-0624,US,US West,Software,Partner,32,615.66,0.3448,12908.35,5843.52
O-01753,2025-09-02,C-0658,US,US East,Support & CS,Online,10,366.85,0.2612,2710.36,2028.40
O-01754,2025-09-02,C-0295,US,US East,Hardware,Partner,8,2462.95,0.3323,13156.74,12654.24
O-01755,2025-09-02,C-0659,EU,Benelux & Nordics,Hardware,Partner,9,3525.07,0.3500,20621.66,20632.05
O-01756,2025-09-02,C-0769,US,US West,Services,Partner,33,133.87,0.3500,2871.51,2709.30
O-01757,2025-09-02,C-0201,APAC,Greater China,Support & CS,Online,7,1315.76,0.2578,6836.26,5073.32
O-01758,2025-09-02,C-0132,US,US West,Hardware,Online,1,1308.95,0.2372,998.51,869.61
O-01759,2025-09-02,C-0557,EU,DACH,Hardware,Partner,8,3629.62,0.3500,18874.02,19146.72
O-01760,2025-09-03,C-0667,US,US West,Software,Partner,61,102.61,0.3314,4184.60,1894.05
O-01761,2025-09-03,C-0489,APAC,Greater China,Hardware,Direct,3,3524.64,0.3500,6873.05,6907.14
O-01762,2025-09-03,C-0057,EU,Southern Europe,Hardware,Partner,15,1995.92,0.3488,19495.97,19539.60
O-01763,2025-09-03,C-0623,EU,UK & Ireland,Services,Partner,3,471.32,0.3500,919.07,915.15
O-01764,2025-09-03,C-0629,US,US East,Hardware,Partner,5,3661.39,0.3308,12251.50,12090.25
O-01765,2025-09-03,C-0265,US,US Central,Software,Online,111,560.65,0.2676,45576.63,18450.42
O-01766,2025-09-03,C-0656,APAC,Greater China,Services,Direct,2,195.43,0.3500,254.06,246.52
O-01767,2025-09-03,C-0096,US,US East,Software,Direct,89,223.10,0.3500,12906.33,5802.80
O-01768,2025-09-03,C-0258,EU,UK & Ireland,Support & CS,Partner,4,410.58,0.3331,1095.31,915.60
O-01769,2025-09-03,C-0068,EU,UK & Ireland,Services,Partner,45,402.13,0.3500,11762.30,11664.45
O-01770,2025-09-03,C-0314,EU,DACH,Services,Online,43,479.45,0.2608,15240.09,13162.30
O-01771,2025-09-03,C-0050,EU,Southern Europe,Services,Partner,30,630.67,0.3337,12605.80,11802.90
O-01772,2025-09-03,C-0522,EU,DACH,Hardware,Partner,7,1575.63,0.3432,7243.57,7570.64
O-01773,2025-09-03,C-0564,EU,DACH,Hardware,Direct,2,957.08,0.3500,1244.20,1303.46
O-01774,2025-09-03,C-0761,US,US West,Hardware,Direct,15,3066.73,0.3500,29900.62,30357.60
O-01775,2025-09-03,C-0232,EU,Southern Europe,Software,Partner,89,627.73,0.3455,36562.81,16768.49
O-01776,2025-09-03,C-0767,US,US East,Software,Direct,17,851.92,0.3500,9413.72,4237.93
O-01777,2025-09-03,C-0319,APAC,Japan,Hardware,Online,11,2223.45,0.2775,17670.31,15832.08
O-01778,2025-09-03,C-0555,APAC,Southeast Asia,Software,Partner,30,696.12,0.3364,13858.19,6314.70
O-01779,2025-09-03,C-0343,US,US West,Software,Online,112,479.95,0.2759,38926.08,16138.08
O-01780,2025-09-03,C-0658,US,US East,Hardware,Online,13,1497.27,0.2459,14678.19,12287.34
O-01781,2025-09-03,C-0767,US,US East,Services,Direct,7,570.39,0.3500,2595.27,2426.06
O-01782,2025-09-04,C-0583,EU,Benelux & Nordics,Support & CS,Direct,3,1018.38,0.3500,1985.84,1691.31
O-01783,2025-09-04,C-0721,APAC,Southeast Asia,Hardware,Partner,10,1395.12,0.3500,9068.28,9177.50
O-01784,2025-09-04,C-0043,EU,Southern Europe,Software,Direct,90,807.64,0.3500,47246.94,22327.20
O-01785,2025-09-04,C-0176,APAC,Greater China,Software,Online,13,295.30,0.2482,2886.21,1128.92
O-01786,2025-09-04,C-0358,EU,UK & Ireland,Hardware,Online,15,1981.39,0.2674,21774.86,20287.35
O-01787,2025-09-04,C-0319,APAC,Japan,Hardware,Partner,5,2679.10,0.3310,8961.64,9003.70
O-01788,2025-09-04,C-0601,EU,Southern Europe,Hardware,Online,17,2367.34,0.2389,30629.72,26751.03
O-01789,2025-09-04,C-0026,EU,Southern Europe,Hardware,Partner,18,3447.65,0.3500,40337.51,41338.62
O-01790,2025-09-04,C-0599,EU,UK & Ireland,Support & CS,Partner,3,1879.19,0.3303,3775.28,3120.93
O-01791,2025-09-04,C-0139,EU,UK & Ireland,Support & CS,Online,8,2154.70,0.2355,13178.83,9805.52
O-01792,2025-09-04,C-0225,US,US East,Support & CS,Partner,6,1201.62,0.3431,4735.83,3822.72
O-01793,2025-09-04,C-0205,US,US East,Hardware,Online,15,2032.21,0.2650,22406.62,20315.55
O-01794,2025-09-04,C-0170,US,US Central,Services,Partner,2,483.18,0.3499,628.20,577.80
O-01795,2025-09-04,C-0011,EU,DACH,Services,Partner,36,595.01,0.3493,13937.59,13298.04
O-01796,2025-09-04,C-0581,APAC,Southeast Asia,Software,Partner,22,756.55,0.3313,11129.54,4893.90
O-01797,2025-09-04,C-0235,EU,Southern Europe,Services,Partner,43,321.81,0.3334,9223.71,8602.15
O-01798,2025-09-04,C-0259,EU,Southern Europe,Support & CS,Direct,10,1147.10,0.3500,7456.15,6478.00
O-01799,2025-09-04,C-0500,US,US West,Hardware,Partner,10,4009.75,0.3500,26063.38,26222.90
O-01800,2025-09-04,C-0566,US,US West,Software,Partner,46,346.17,0.3500,10350.48,4832.30
O-01801,2025-09-04,C-0795,EU,DACH,Hardware,Partner,17,3577.01,0.3333,40542.85,40182.90
O-01802,2025-09-04,C-0185,APAC,ANZ,Services,Direct,16,493.94,0.3500,5136.98,4901.60
O-01803,2025-09-04,C-0130,EU,Southern Europe,Hardware,Partner,16,1132.47,0.3409,11942.57,11866.88
O-01804,2025-09-04,C-0724,EU,DACH,Software,Partner,83,67.62,0.3500,3648.10,1717.27
O-01805,2025-09-04,C-0217,EU,UK & Ireland,Hardware,Partner,7,3004.76,0.3500,13671.66,13828.15
O-01806,2025-09-04,C-0219,EU,Benelux & Nordics,Software,Direct,104,313.79,0.3500,21212.20,9750.00
O-01807,2025-09-04,C-0565,EU,Southern Europe,Software,Partner,106,643.24,0.3418,44875.18,20724.06
O-01808,2025-09-05,C-0633,US,US Central,Hardware,Direct,5,2005.75,0.3500,6518.69,6625.35
O-01809,2025-09-05,C-0769,US,US West,Software,Partner,16,73.38,0.3500,763.15,339.84
O-01810,2025-09-05,C-0651,US,US Central,Hardware,Online,16,1994.36,0.2474,24016.38,20217.60
O-01811,2025-09-05,C-0080,EU,Benelux & Nordics,Services,Partner,28,646.48,0.3315,12101.52,11684.40
O-01812,2025-09-05,C-0408,US,US East,Services,Direct,44,482.31,0.3500,13794.07,12946.12
O-01813,2025-09-05,C-0575,US,US West,Software,Direct,45,518.57,0.3500,15168.17,6783.30
O-01814,2025-09-05,C-0518,APAC,Southeast Asia,Hardware,Direct,1,4033.90,0.3500,2622.04,2649.77
O-01815,2025-09-05,C-0008,EU,Southern Europe,Hardware,Partner,4,2369.57,0.3433,6224.44,6361.12
O-01816,2025-09-05,C-0523,US,US West,Support & CS,Partner,10,1965.41,0.3500,12775.17,10756.20
O-01817,2025-09-05,C-0193,US,US West,Hardware,Partner,4,2841.08,0.3500,7386.81,7459.00
O-01818,2025-09-05,C-0781,APAC,Greater China,Software,Direct,24,277.96,0.3500,4336.18,2066.88
O-01819,2025-09-05,C-0688,US,US East,Services,Online,7,285.18,0.2472,1502.84,1247.26
O-01820,2025-09-05,C-0461,EU,Benelux & Nordics,Hardware,Direct,17,1155.80,0.3500,12771.59,13027.78
O-01821,2025-09-05,C-0278,EU,Southern Europe,Hardware,Partner,14,807.49,0.3500,7348.16,7791.84
O-01822,2025-09-05,C-0194,US,US West,Hardware,Partner,8,1556.51,0.3475,8124.61,7924.96
O-01823,2025-09-05,C-0597,APAC,ANZ,Support & CS,Partner,4,711.94,0.3486,1854.92,1606.68
O-01824,2025-09-05,C-0577,US,US East,Support & CS,Online,8,1287.21,0.2443,7782.33,5715.92
O-01825,2025-09-05,C-0560,EU,UK & Ireland,Software,Direct,21,580.09,0.3500,7918.23,3642.24
O-01826,2025-09-05,C-0337,US,US East,Software,Partner,72,517.33,0.3346,24784.86,10728.72
O-01827,2025-09-05,C-0581,APAC,Southeast Asia,Hardware,Partner,2,4125.72,0.3500,5363.44,5590.84
O-01828,2025-09-05,C-0256,US,US Central,Software,Direct,90,627.72,0.3500,36721.62,16425.90
O-01829,2025-09-05,C-0292,APAC,Japan,Support & CS,Direct,6,643.53,0.3500,2509.77,2178.78
O-01830,2025-09-06,C-0337,US,US East,Services,Partner,26,444.10,0.3500,7505.29,7091.24
O-01831,2025-09-06,C-0569,EU,UK & Ireland,Services,Online,1,560.80,0.2306,431.48,344.39
O-01832,2025-09-06,C-0295,US,US East,Hardware,Partner,9,1533.48,0.3500,8970.86,9192.60
O-01833,2025-09-06,C-0515,APAC,Southeast Asia,Hardware,Partner,7,734.52,0.3500,3342.07,3430.56
O-01834,2025-09-06,C-0560,EU,UK & Ireland,Services,Partner,29,133.41,0.3500,2514.78,2484.72
O-01835,2025-09-06,C-0050,EU,Southern Europe,Hardware,Partner,8,2192.97,0.3321,11717.32,11934.88
O-01836,2025-09-06,C-0199,APAC,ANZ,Hardware,Direct,8,2125.95,0.3500,11054.94,10967.60
O-01837,2025-09-06,C-0245,US,US East,Services,Online,28,357.97,0.2619,7398.43,6099.52
O-01838,2025-09-06,C-0099,US,US East,Hardware,Partner,10,1259.65,0.3500,8187.73,8059.50
O-01839,2025-09-06,C-0235,EU,Southern Europe,Services,Partner,5,366.88,0.3394,1211.77,1122.35
O-01840,2025-09-06,C-0159,EU,Southern Europe,Services,Partner,21,150.98,0.3414,2088.08,2030.49
O-01841,2025-09-06,C-0643,EU,DACH,Support & CS,Direct,3,501.18,0.3500,977.30,844.95
O-01842,2025-09-06,C-0335,US,US West,Hardware,Partner,5,4095.20,0.3395,13525.31,13119.60
O-01843,2025-09-06,C-0235,EU,Southern Europe,Software,Partner,75,571.50,0.3500,27860.62,13046.25
O-01844,2025-09-06,C-0780,EU,DACH,Services,Direct,17,131.47,0.3500,1452.74,1395.87
O-01845,2025-09-06,C-0146,US,US West,Hardware,Partner,16,1669.76,0.3500,17365.50,17855.04
O-01846,2025-09-06,C-0343,US,US West,Hardware,Direct,15,862.94,0.3500,8413.67,8344.50
O-01847,2025-09-06,C-0521,EU,DACH,Support & CS,Direct,5,1358.47,0.3500,4415.03,3720.85
O-01848,2025-09-06,C-0074,US,US West,Hardware,Partner,3,3702.00,0.3500,7218.90,7127.43
O-01849,2025-09-06,C-0124,US,US East,Services,Direct,7,133.73,0.3500,608.47,565.11
O-01850,2025-09-06,C-0324,US,US Central,Support & CS,Partner,1,2340.89,0.3500,1521.58,1289.64
O-01851,2025-09-06,C-0381,EU,DACH,Software,Partner,27,411.34,0.3500,7219.02,3419.55
O-01852,2025-09-06,C-0487,EU,Benelux & Nordics,Services,Partner,18,214.99,0.3500,2515.38,2483.82
O-01853,2025-09-06,C-0325,US,US East,Hardware,Partner,15,1838.42,0.3500,17924.60,17953.05
O-01854,2025-09-06,C-0746,US,US West,Software,Partner,58,562.88,0.3319,21810.92,9404.12
O-01855,2025-09-06,C-0134,EU,UK & Ireland,Software,Direct,44,738.09,0.3500,21109.37,9729.72
O-01856,2025-09-07,C-0314,EU,DACH,Hardware,Partner,11,2394.04,0.3448,17253.55,17909.10
O-01857,2025-09-07,C-0095,US,US East,Software,Online,80,723.11,0.2397,43983.56,17169.60
O-01858,2025-09-07,C-0309,EU,UK & Ireland,Hardware,Online,2,2879.68,0.2375,4391.49,3918.98
O-01859,2025-09-07,C-0392,EU,Southern Europe,Hardware,Online,13,2651.69,0.2572,25606.79,22809.28
O-01860,2025-09-07,C-0767,US,US East,Services,Direct,34,358.33,0.3500,7919.09,7588.46
O-01861,2025-09-07,C-0687,APAC,ANZ,Software,Partner,83,441.67,0.3335,24432.23,11370.17
O-01862,2025-09-07,C-0487,EU,Benelux & Nordics,Hardware,Online,17,919.35,0.2420,11846.63,10328.52
O-01863,2025-09-07,C-0530,APAC,Greater China,Hardware,Partner,10,2329.63,0.3333,15530.52,15382.90
O-01864,2025-09-07,C-0162,US,US West,Services,Partner,13,629.19,0.3415,5385.85,4856.93
O-01865,2025-09-07,C-0209,EU,UK & Ireland,Hardware,Direct,1,601.25,0.3500,390.81,396.20
O-01866,2025-09-07,C-0255,EU,UK & Ireland,Services,Online,33,331.88,0.2681,8016.22,6704.94
O-01867,2025-09-07,C-0266,US,US West,Hardware,Partner,18,2623.80,0.3404,31149.88,30607.74
O-01868,2025-09-07,C-0734,US,US West,Hardware,Partner,11,1366.55,0.3320,10040.69,9995.04
O-01869,2025-09-07,C-0336,EU,Benelux & Nordics,Software,Direct,44,424.57,0.3500,12142.70,5671.16
O-01870,2025-09-07,C-0235,EU,Southern Europe,Hardware,Partner,6,674.46,0.3500,2630.39,2698.14
O-01871,2025-09-07,C-0226,EU,UK & Ireland,Hardware,Partner,11,2026.43,0.3500,14488.97,14884.76
O-01872,2025-09-07,C-0519,US,US East,Software,Direct,75,541.75,0.3500,26410.31,12221.25
O-01873,2025-09-07,C-0322,US,US Central,Software,Partner,5,247.15,0.3500,803.24,375.95
O-01874,2025-09-07,C-0703,EU,DACH,Services,Direct,17,608.73,0.3500,6726.47,6344.57
O-01875,2025-09-07,C-0397,US,US East,Hardware,Partner,15,3033.97,0.3500,29581.21,30368.25
O-01876,2025-09-07,C-0722,US,US East,Hardware,Online,17,789.92,0.2717,9779.65,8919.22
O-01877,2025-09-07,C-0224,US,US West,Software,Online,69,676.31,0.2717,33987.04,13978.02
O-01878,2025-09-08,C-0580,EU,Benelux & Nordics,Hardware,Partner,4,3166.82,0.3500,8233.73,8302.24
O-01879,2025-09-08,C-0550,APAC,ANZ,Hardware,Direct,10,2357.14,0.3500,15321.41,15316.00
O-01880,2025-09-08,C-0215,APAC,Japan,Services,Online,41,456.18,0.2575,13886.44,11875.65
O-01881,2025-09-08,C-0184,US,US West,Software,Partner,60,743.62,0.3500,29001.18,12940.80
O-01882,2025-09-08,C-0341,EU,UK & Ireland,Hardware,Partner,11,3240.78,0.3500,23171.58,23945.57
O-01883,2025-09-08,C-0520,APAC,ANZ,Software,Online,76,707.50,0.2494,40361.71,16350.64
O-01884,2025-09-08,C-0541,APAC,ANZ,Services,Online,11,526.48,0.2502,4342.29,3653.21
O-01885,2025-09-08,C-0622,US,US East,Hardware,Partner,10,2512.83,0.3464,16424.83,16133.10
O-01886,2025-09-08,C-0322,US,US Central,Software,Partner,113,771.17,0.3455,57036.23,26206.96
O-01887,2025-09-08,C-0324,US,US Central,Support & CS,Partner,8,1811.78,0.3500,9421.26,7643.44
O-01888,2025-09-08,C-0445,EU,DACH,Services,Direct,39,593.54,0.3500,15046.24,14921.40
O-01889,2025-09-08,C-0632,APAC,Southeast Asia,Software,Online,78,459.73,0.2520,26822.53,10768.68
O-01890,2025-09-08,C-0781,APAC,Greater China,Hardware,Partner,13,2529.10,0.3500,21370.89,22079.98
O-01891,2025-09-08,C-0535,EU,UK & Ireland,Hardware,Partner,8,3561.15,0.3500,18517.98,19253.68
O-01892,2025-09-08,C-0054,EU,UK & Ireland,Hardware,Partner,1,3874.34,0.3398,2557.89,2588.96
O-01893,2025-09-08,C-0118,APAC,Japan,Software,Partner,104,448.32,0.3500,30306.43,14200.16
O-01894,2025-09-08,C-0267,US,US East,Hardware,Partner,1,1565.48,0.3500,1017.56,1009.68
O-01895,2025-09-08,C-0452,APAC,Southeast Asia,Hardware,Direct,11,1305.81,0.3500,9336.54,9314.69
O-01896,2025-09-08,C-0430,EU,UK & Ireland,Software,Direct,50,459.49,0.3500,14933.43,6866.50
O-01897,2025-09-08,C-0170,US,US Central,Software,Partner,47,260.26,0.3301,8194.94,3532.05
O-01898,2025-09-08,C-0594,EU,Benelux & Nordics,Hardware,Partner,4,4194.88,0.3450,10991.18,11019.24
O-01899,2025-09-08,C-0619,APAC,Southeast Asia,Hardware,Partner,8,3861.31,0.3419,20327.87,21099.76
O-01900,2025-09-09,C-0148,EU,Benelux & Nordics,Hardware,Partner,8,474.08,0.3500,2465.22,2466.72
O-01901,2025-09-09,C-0118,APAC,Japan,Hardware,Direct,16,1684.80,0.3500,17521.92,18035.68
O-01902,2025-09-09,C-0696,APAC,Greater China,Hardware,Partner,15,2918.80,0.3374,29007.80,29437.65
O-01903,2025-09-09,C-0184,US,US West,Support & CS,Online,12,1398.29,0.2335,12861.53,8866.56
O-01904,2025-09-09,C-0485,EU,UK & Ireland,Software,Partner,104,379.44,0.3500,25650.14,11916.32
O-01905,2025-09-09,C-0646,EU,DACH,Hardware,Direct,2,776.59,0.3500,1009.57,1013.94
O-01906,2025-09-09,C-0628,APAC,ANZ,Services,Direct,11,195.00,0.3500,1394.25,1312.85
O-01907,2025-09-09,C-0426,EU,Southern Europe,Software,Partner,5,828.77,0.3500,2693.50,1245.25
O-01908,2025-09-09,C-0560,EU,UK & Ireland,Services,Partner,36,521.22,0.3500,12196.55,12148.92
O-01909,2025-09-09,C-0494,APAC,Southeast Asia,Hardware,Partner,8,693.37,0.3366,3679.67,3774.56
O-01910,2025-09-09,C-0291,EU,UK & Ireland,Software,Partner,54,317.83,0.3500,11155.83,5135.94
O-01911,2025-09-09,C-0655,EU,DACH,Hardware,Direct,9,3633.06,0.3500,21253.40,21805.47
O-01912,2025-09-09,C-0784,US,US Central,Support & CS,Partner,1,1343.74,0.3443,881.03,723.57
O-01913,2025-09-09,C-0579,APAC,ANZ,Support & CS,Online,8,1795.88,0.2390,10933.86,7869.76
O-01914,2025-09-09,C-0510,US,US Central,Hardware,Partner,5,3527.72,0.3500,11465.09,11542.15
O-01915,2025-09-09,C-0141,EU,Benelux & Nordics,Support & CS,Partner,11,1104.67,0.3500,7898.39,6611.55
O-01916,2025-09-09,C-0079,EU,DACH,Support & CS,Direct,10,2313.64,0.3500,15038.66,12989.50
O-01917,2025-09-09,C-0043,EU,Southern Europe,Support & CS,Partner,3,1744.27,0.3500,3401.33,2964.03
O-01918,2025-09-09,C-0382,EU,DACH,Software,Partner,85,820.13,0.3500,45312.18,20942.30
O-01919,2025-09-09,C-0488,US,US Central,Hardware,Partner,16,895.81,0.3498,9319.70,9227.52
O-01920,2025-09-09,C-0325,US,US East,Software,Direct,75,64.21,0.3500,3130.24,1408.50
O-01921,2025-09-09,C-0633,US,US Central,Software,Online,9,70.11,0.2775,455.91,188.82
O-01922,2025-09-09,C-0683,US,US East,Services,Partner,39,166.09,0.3500,4210.38,3864.12
O-01923,2025-09-09,C-0124,US,US East,Hardware,Online,6,3507.95,0.2643,15484.76,13591.86
O-01924,2025-09-09,C-0151,EU,DACH,Software,Partner,76,639.97,0.3500,31614.52,15085.24
O-01925,2025-09-09,C-0383,EU,DACH,Support & CS,Partner,4,1616.22,0.3500,4202.17,3518.24
O-01926,2025-09-09,C-0507,EU,DACH,Services,Online,10,528.76,0.2673,3874.10,3415.40
O-01927,2025-09-09,C-0755,EU,Benelux & Nordics,Software,Direct,40,62.92,0.3500,1635.92,772.80
O-01928,2025-09-09,C-0260,APAC,ANZ,Software,Partner,77,760.16,0.3500,38046.01,18149.67
O-01929,2025-09-09,C-0621,APAC,ANZ,Hardware,Direct,5,2575.01,0.3500,8368.78,8526.70
O-01930,2025-09-09,C-0759,EU,UK & Ireland,Hardware,Partner,5,2884.67,0.3500,9375.18,9484.40
O-01931,2025-09-09,C-0619,APAC,Southeast Asia,Hardware,Partner,2,1339.52,0.3500,1741.38,1736.82
O-01932,2025-09-09,C-0623,EU,UK & Ireland,Services,Partner,9,162.88,0.3470,957.20,899.64
O-01933,2025-09-10,C-0430,EU,UK & Ireland,Support & CS,Direct,6,1990.39,0.3500,7762.52,6473.88
O-01934,2025-09-10,C-0753,APAC,ANZ,Hardware,Partner,13,546.05,0.3304,4753.30,4745.39
O-01935,2025-09-10,C-0159,EU,Southern Europe,Hardware,Partner,17,4036.06,0.3459,44878.73,46466.10
O-01936,2025-09-10,C-0030,US,US Central,Software,Partner,55,707.81,0.3500,25304.21,11487.85
O-01937,2025-09-10,C-0199,APAC,ANZ,Software,Online,51,388.10,0.2742,14365.30,5820.12
O-01938,2025-09-10,C-0227,US,US East,Hardware,Partner,6,2960.43,0.3339,11831.13,11314.20
O-01939,2025-09-10,C-0458,EU,Benelux & Nordics,Software,Partner,22,335.01,0.3499,4791.41,2238.50
O-01940,2025-09-10,C-0283,APAC,Southeast Asia,Services,Partner,19,574.12,0.3500,7090.38,6646.77
O-01941,2025-09-10,C-0800,US,US Central,Services,Direct,1,371.52,0.3500,241.49,227.98
O-01942,2025-09-10,C-0208,US,US East,Support & CS,Partner,6,1448.95,0.3500,5650.91,4746.36
O-01943,2025-09-10,C-0488,US,US Central,Hardware,Partner,12,3611.71,0.3500,28171.34,27775.80
O-01944,2025-09-10,C-0599,EU,UK & Ireland,Support & CS,Partner,11,2320.96,0.3500,16594.86,14350.60
O-01945,2025-09-10,C-0090,APAC,Southeast Asia,Software,Partner,89,228.73,0.3500,13232.03,6225.55
O-01946,2025-09-10,C-0274,US,US East,Services,Partner,36,242.09,0.3500,5664.91,5257.08
O-01947,2025-09-10,C-0577,US,US East,Services,Direct,11,643.74,0.3500,4602.74,4389.44
O-01948,2025-09-10,C-0133,US,US West,Services,Partner,40,409.07,0.3500,10635.82,10242.00
O-01949,2025-09-10,C-0709,EU,Southern Europe,Software,Partner,89,82.08,0.3463,4775.66,2238.35
O-01950,2025-09-10,C-0543,APAC,Japan,Hardware,Partner,1,4011.12,0.3500,2607.23,2591.98
O-01951,2025-09-10,C-0765,US,US East,Hardware,Partner,11,2487.12,0.3500,17782.91,17811.97
O-01952,2025-09-10,C-0210,EU,Southern Europe,Software,Partner,79,118.44,0.3327,6243.46,2929.32
O-01953,2025-09-10,C-0332,EU,Benelux & Nordics,Services,Direct,40,503.92,0.3500,13101.92,12743.60
O-01954,2025-09-10,C-0767,US,US East,Hardware,Direct,1,1669.55,0.3500,1085.21,1053.30
O-01955,2025-09-10,C-0292,APAC,Japan,Hardware,Partner,7,3943.89,0.3500,17944.70,18513.11
O-01956,2025-09-11,C-0183,US,US East,Software,Partner,66,382.41,0.3470,16480.20,7598.58
O-01957,2025-09-11,C-0238,EU,DACH,Software,Partner,29,112.88,0.3500,2127.79,980.78
O-01958,2025-09-11,C-0341,EU,UK & Ireland,Software,Partner,76,812.03,0.3500,40114.28,19088.16
O-01959,2025-09-11,C-0109,US,US East,Hardware,Partner,16,712.34,0.3457,7457.51,7602.40
O-01960,2025-09-11,C-0566,US,US West,Hardware,Direct,2,954.24,0.3500,1240.51,1220.60
O-01961,2025-09-11,C-0089,US,US West,Software,Partner,56,783.16,0.3500,28507.02,13270.88
O-01962,2025-09-11,C-0157,US,US West,Services,Partner,42,123.75,0.3452,3403.10,3096.66
O-01963,2025-09-11,C-0023,US,US East,Software,Direct,104,141.62,0.3500,9573.51,4252.56
O-01964,2025-09-11,C-0004,EU,Southern Europe,Hardware,Partner,4,1422.83,0.3331,3795.56,3887.52
O-01965,2025-09-11,C-0198,EU,Southern Europe,Hardware,Direct,10,4093.64,0.3500,26608.66,28039.80
O-01966,2025-09-11,C-0674,EU,DACH,Software,Partner,14,766.05,0.3500,6971.05,3231.20
O-01967,2025-09-11,C-0505,APAC,Greater China,Hardware,Direct,6,1111.76,0.3500,4335.86,4479.30
O-01968,2025-09-11,C-0289,US,US West,Services,Partner,3,168.34,0.3500,328.26,299.85
O-01969,2025-09-11,C-0636,APAC,Japan,Services,Partner,1,472.02,0.3500,306.81,297.18
O-01970,2025-09-11,C-0216,APAC,Japan,Support & CS,Direct,11,1664.00,0.3500,11897.60,9910.56
O-01971,2025-09-11,C-0282,APAC,Southeast Asia,Software,Partner,74,754.04,0.3500,36269.32,16840.92
O-01972,2025-09-11,C-0212,APAC,ANZ,Services,Partner,18,572.44,0.3500,6697.55,6560.46
O-01973,2025-09-11,C-0040,EU,Southern Europe,Software,Partner,95,226.93,0.3500,14012.93,6634.80
O-01974,2025-09-11,C-0519,US,US East,Hardware,Direct,6,510.62,0.3500,1991.42,1958.82
O-01975,2025-09-11,C-0205,US,US East,Software,Online,8,64.96,0.2377,396.17,154.32
O-01976,2025-09-11,C-0560,EU,UK & Ireland,Hardware,Direct,17,813.81,0.3500,8992.60,9058.96
O-01977,2025-09-11,C-0335,US,US West,Services,Partner,34,346.30,0.3318,7867.29,7290.28
O-01978,2025-09-11,C-0428,US,US East,Software,Direct,85,241.83,0.3500,13361.11,6222.00
O-01979,2025-09-11,C-0032,EU,Southern Europe,Hardware,Partner,8,3141.80,0.3500,16337.36,16989.92
O-01980,2025-09-11,C-0347,US,US East,Support & CS,Partner,3,1629.03,0.3500,3176.61,2686.32
O-01981,2025-09-11,C-0148,EU,Benelux & Nordics,Software,Online,57,204.61,0.2347,8926.10,3601.83
O-01982,2025-09-11,C-0212,APAC,ANZ,Hardware,Partner,17,3567.98,0.3500,39426.18,40901.15
O-01983,2025-09-12,C-0699,US,US Central,Software,Partner,21,486.68,0.3500,6643.18,3058.86
O-01984,2025-09-12,C-0028,APAC,Greater China,Support & CS,Partner,10,2370.96,0.3500,15411.24,12750.10
O-01985,2025-09-12,C-0375,US,US Central,Hardware,Partner,18,2859.91,0.3500,33460.95,34086.60
O-01986,2025-09-12,C-0499,US,US West,Software,Partner,83,371.56,0.3500,20045.66,9081.03
O-01987,2025-09-12,C-0318,US,US East,Software,Partner,36,572.88,0.3382,13647.83,5969.52
O-01988,2025-09-12,C-0646,EU,DACH,Hardware,Partner,11,2081.01,0.3500,14879.22,15560.38
O-01989,2025-09-12,C-0693,EU,Southern Europe,Services,Partner,4,371.22,0.3500,965.17,913.68
O-01990,2025-09-12,C-0780,EU,DACH,Software,Partner,71,526.74,0.3500,24309.05,11243.56
O-01991,2025-09-12,C-0691,US,US East,Hardware,Partner,18,2523.71,0.3500,29527.41,30194.10
O-01992,2025-09-12,C-0394,EU,DACH,Hardware,Direct,12,3194.74,0.3500,24918.97,25459.92
O-01993,2025-09-12,C-0286,US,US East,Hardware,Online,16,3912.15,0.2526,46780.66,39582.40
O-01994,2025-09-12,C-0074,US,US West,Support & CS,Partner,11,259.60,0.3495,1857.64,1550.78
O-01995,2025-09-12,C-0716,APAC,Southeast Asia,Hardware,Direct,2,1446.55,0.3500,1880.52,1917.34
O-01996,2025-09-12,C-0676,APAC,ANZ,Services,Partner,45,576.46,0.3409,17096.24,16398.90
O-01997,2025-09-12,C-0664,APAC,Japan,Software,Partner,84,83.45,0.3500,4556.37,2166.36
O-01998,2025-09-12,C-0756,US,US West,Hardware,Direct,2,4034.90,0.3500,5245.37,5377.30
O-01999,2025-09-12,C-0673,US,US West,Software,Partner,39,733.62,0.3483,18645.76,8238.75
O-02000,2025-09-12,C-0537,EU,UK & Ireland,Hardware,Partner,6,3037.82,0.3500,11847.50,12492.42
O-02001,2025-09-13,C-0491,US,US East,Services,Partner,26,531.39,0.3500,8980.49,8601.58
O-02002,2025-09-13,C-0702,EU,DACH,Hardware,Partner,13,822.63,0.3500,6951.22,7260.89
O-02003,2025-09-13,C-0688,US,US East,Software,Direct,10,547.61,0.3500,3559.47,1618.60
O-02004,2025-09-13,C-0350,EU,Benelux & Nordics,Software,Direct,87,103.39,0.3500,5846.70,2716.14
O-02005,2025-09-13,C-0797,US,US Central,Support & CS,Partner,3,692.54,0.3371,1377.21,1110.39
O-02006,2025-09-13,C-0651,US,US Central,Services,Direct,19,300.78,0.3500,3714.63,3529.44
O-02007,2025-09-13,C-0670,APAC,Greater China,Services,Partner,10,235.98,0.3411,1554.95,1455.50
O-02008,2025-09-13,C-0266,US,US West,Software,Online,119,131.39,0.2317,12012.02,4662.42
O-02009,2025-09-13,C-0199,APAC,ANZ,Hardware,Partner,7,357.62,0.3310,1674.66,1665.30
O-02010,2025-09-13,C-0041,US,US Central,Hardware,Partner,12,598.93,0.3351,4778.83,4661.40
O-02011,2025-09-13,C-0249,EU,DACH,Software,Direct,98,461.64,0.3500,29406.47,13728.82
O-02012,2025-09-13,C-0537,EU,UK & Ireland,Hardware,Direct,3,1780.39,0.3500,3471.76,3584.40
O-02013,2025-09-13,C-0326,EU,Benelux & Nordics,Software,Partner,26,400.19,0.3500,6763.21,3169.40
O-02014,2025-09-13,C-0274,US,US East,Services,Partner,31,620.95,0.3500,12512.14,11606.40
O-02015,2025-09-13,C-0546,EU,Southern Europe,Hardware,Partner,14,1375.94,0.3500,12521.05,13127.94
O-02016,2025-09-13,C-0139,EU,UK & Ireland,Software,Direct,80,530.03,0.3500,27561.56,13004.80
O-02017,2025-09-13,C-0518,APAC,Southeast Asia,Support & CS,Direct,5,1454.28,0.3500,4726.41,4073.95
O-02018,2025-09-13,C-0660,EU,Benelux & Nordics,Hardware,Partner,9,1463.78,0.3363,8743.13,8661.60
O-02019,2025-09-13,C-0347,US,US East,Hardware,Online,16,3600.75,0.2745,41797.48,37445.44
O-02020,2025-09-13,C-0581,APAC,Southeast Asia,Software,Online,53,787.61,0.2779,30144.53,12495.81
O-02021,2025-09-13,C-0093,US,US West,Hardware,Online,8,1919.41,0.2585,11386.70,10031.68
O-02022,2025-09-13,C-0646,EU,DACH,Software,Partner,99,138.68,0.3500,8924.06,4281.75
O-02023,2025-09-13,C-0113,US,US East,Hardware,Partner,15,2248.06,0.3500,21918.59,21404.70
O-02024,2025-09-13,C-0395,US,US West,Support & CS,Partner,5,1347.25,0.3453,4410.20,3643.20
O-02025,2025-09-14,C-0668,EU,DACH,Hardware,Partner,4,2091.90,0.3420,5505.67,5625.12
O-02026,2025-09-14,C-0440,EU,UK & Ireland,Hardware,Partner,15,2113.33,0.3500,20604.97,21743.25
O-02027,2025-09-14,C-0515,APAC,Southeast Asia,Hardware,Partner,10,4082.98,0.3500,26539.37,27885.20
O-02028,2025-09-14,C-0153,EU,DACH,Services,Direct,9,581.34,0.3500,3400.84,3355.38
O-02029,2025-09-14,C-0381,EU,DACH,Support & CS,Partner,10,1666.79,0.3500,10834.14,9543.50
O-02030,2025-09-14,C-0762,EU,Benelux & Nordics,Support & CS,Partner,9,430.15,0.3500,2516.38,2173.32
O-02031,2025-09-14,C-0702,EU,DACH,Software,Online,36,208.98,0.2305,5789.44,2293.56
O-02032,2025-09-14,C-0284,EU,Southern Europe,Software,Partner,79,113.82,0.3420,5916.34,2678.89
O-02033,2025-09-14,C-0532,EU,DACH,Services,Partner,38,624.46,0.3322,15846.73,14740.96
O-02034,2025-09-14,C-0151,EU,DACH,Hardware,Direct,16,823.95,0.3500,8569.08,8648.80
O-02035,2025-09-14,C-0068,EU,UK & Ireland,Support & CS,Partner,1,1298.07,0.3345,863.88,744.09
O-02036,2025-09-14,C-0711,US,US Central,Hardware,Direct,2,2567.31,0.3500,3337.50,3344.82
O-02037,2025-09-14,C-0344,EU,UK & Ireland,Support & CS,Partner,3,2296.53,0.3500,4478.23,3768.39
O-02038,2025-09-14,C-0546,EU,Southern Europe,Software,Partner,59,746.20,0.3311,29446.98,13333.41
O-02039,2025-09-14,C-0258,EU,UK & Ireland,Software,Partner,74,376.80,0.3500,18124.08,8702.40
O-02040,2025-09-14,C-0136,EU,UK & Ireland,Software,Partner,59,485.17,0.3417,18842.73,8799.26
O-02041,2025-09-14,C-0089,US,US West,Hardware,Direct,15,3414.68,0.3500,33293.13,33000.90
O-02042,2025-09-14,C-0537,EU,UK & Ireland,Software,Direct,116,227.22,0.3500,17132.39,7944.84
O-02043,2025-09-14,C-0621,APAC,ANZ,Hardware,Direct,17,440.84,0.3500,4871.28,4965.36
O-02044,2025-09-14,C-0432,APAC,ANZ,Software,Partner,110,766.29,0.3500,54789.74,25180.10
O-02045,2025-09-14,C-0341,EU,UK & Ireland,Software,Partner,21,317.22,0.3500,4330.05,2008.23
O-02046,2025-09-14,C-0616,US,US Central,Hardware,Partner,4,595.81,0.3500,1549.11,1594.12
O-02047,2025-09-14,C-0347,US,US East,Hardware,Direct,14,3782.13,0.3500,34417.38,33485.90
O-02048,2025-09-15,C-0204,US,US Central,Services,Partner,6,494.57,0.3500,1928.82,1788.66
O-02049,2025-09-15,C-0438,APAC,Southeast Asia,Hardware,Direct,16,2978.54,0.3500,30976.82,32330.24
O-02050,2025-09-15,C-0794,APAC,ANZ,Support & CS,Partner,3,1770.50,0.3500,3452.47,2988.09
O-02051,2025-09-15,C-0719,APAC,Southeast Asia,Services,Partner,25,372.79,0.3500,6057.84,5646.00
O-02052,2025-09-15,C-0755,EU,Benelux & Nordics,Hardware,Partner,4,4182.15,0.3500,10873.59,10940.08
O-02053,2025-09-15,C-0794,APAC,ANZ,Services,Online,9,646.33,0.2666,4266.27,3541.14
O-02054,2025-09-15,C-0250,EU,Benelux & Nordics,Support & CS,Direct,5,1236.65,0.3500,4019.11,3549.00
O-02055,2025-09-15,C-0139,EU,UK & Ireland,Hardware,Partner,1,3684.63,0.3500,2395.01,2508.43
O-02056,2025-09-15,C-0374,APAC,ANZ,Services,Partner,3,647.74,0.3500,1263.09,1194.42
O-02057,2025-09-15,C-0721,APAC,Southeast Asia,Hardware,Direct,6,3005.34,0.3500,11720.83,11777.70
O-02058,2025-09-15,C-0289,US,US West,Hardware,Online,11,459.64,0.2313,3886.62,3193.96
O-02059,2025-09-15,C-0041,US,US Central,Services,Direct,31,373.77,0.3500,7531.47,6879.83
O-02060,2025-09-15,C-0219,EU,Benelux & Nordics,Software,Direct,39,794.79,0.3500,20147.93,9284.34
O-02061,2025-09-15,C-0500,US,US West,Services,Partner,5,295.65,0.3500,960.86,878.20
O-02062,2025-09-15,C-0363,EU,DACH,Software,Direct,92,386.81,0.3500,23131.24,10626.00
O-02063,2025-09-15,C-0305,EU,UK & Ireland,Hardware,Online,9,1773.71,0.2533,11919.14,10840.05
O-02064,2025-09-15,C-0682,APAC,Southeast Asia,Hardware,Online,12,2500.82,0.2350,22957.77,19782.60
O-02065,2025-09-15,C-0345,EU,UK & Ireland,Software,Partner,47,457.39,0.3328,14342.95,6523.13
O-02066,2025-09-15,C-0691,US,US East,Support & CS,Online,11,845.34,0.2661,6824.71,5141.62
O-02067,2025-09-15,C-0380,US,US West,Support & CS,Partner,12,675.95,0.3500,5272.41,4286.88
O-02068,2025-09-15,C-0201,APAC,Greater China,Software,Partner,86,879.39,0.3471,49376.82,23117.66
O-02069,2025-09-15,C-0150,US,US Central,Services,Partner,44,361.10,0.3500,10327.46,9547.12
O-02070,2025-09-15,C-0268,EU,UK & Ireland,Hardware,Partner,16,3022.82,0.3500,31437.33,31557.44
O-02071,2025-09-15,C-0132,US,US West,Software,Direct,111,244.12,0.3500,17613.26,7989.78
O-02072,2025-09-15,C-0632,APAC,Southeast Asia,Software,Direct,45,767.70,0.3500,22455.23,10181.70
O-02073,2025-09-15,C-0153,EU,DACH,Software,Direct,14,879.86,0.3500,8006.73,3850.00
O-02074,2025-09-15,C-0773,US,US East,Hardware,Online,7,2680.07,0.2431,14198.88,11884.60
O-02075,2025-09-15,C-0520,APAC,ANZ,Software,Direct,90,688.50,0.3500,40277.25,18504.00
O-02076,2025-09-15,C-0574,EU,Southern Europe,Services,Online,37,318.18,0.2494,8836.54,7586.48
O-02077,2025-09-15,C-0781,APAC,Greater China,Software,Partner,44,492.69,0.3417,14270.67,6438.08
O-02078,2025-09-15,C-0323,APAC,Southeast Asia,Software,Partner,105,602.42,0.3500,41115.17,18872.70
O-02079,2025-09-15,C-0756,US,US West,Software,Partner,28,489.42,0.3382,9069.11,3994.76
O-02080,2025-09-15,C-0238,EU,DACH,Services,Partner,32,584.87,0.3367,12414.61,11783.68
O-02081,2025-09-15,C-0198,EU,Southern Europe,Support & CS,Partner,8,1159.61,0.3485,6043.94,5052.32
O-02082,2025-09-16,C-0547,EU,UK & Ireland,Software,Partner,96,729.05,0.3500,45492.72,20830.08
O-02083,2025-09-16,C-0507,EU,DACH,Hardware,Online,2,1681.51,0.2335,2577.63,2241.56
O-02084,2025-09-16,C-0599,EU,UK & Ireland,Services,Partner,29,396.07,0.3500,7465.92,7139.22
O-02085,2025-09-16,C-0171,EU,Southern Europe,Software,Partner,19,868.85,0.3500,10730.30,5106.25
O-02086,2025-09-16,C-0133,US,US West,Software,Direct,12,432.44,0.3500,3373.03,1516.32
O-02087,2025-09-16,C-0550,APAC,ANZ,Software,Partner,40,136.74,0.3395,3612.67,1682.00
O-02088,2025-09-16,C-0668,EU,DACH,Hardware,Direct,9,3922.05,0.3500,22943.99,24342.84
O-02089,2025-09-16,C-0060,EU,DACH,Hardware,Direct,11,1079.45,0.3500,7718.07,7952.89
O-02090,2025-09-16,C-0445,EU,DACH,Software,Direct,108,530.62,0.3500,37249.52,17143.92
O-02091,2025-09-16,C-0126,EU,UK & Ireland,Software,Online,86,315.72,0.2707,19801.55,8079.70
O-02092,2025-09-16,C-0371,EU,Benelux & Nordics,Services,Partner,35,611.63,0.3388,14153.45,13163.85
O-02093,2025-09-16,C-0143,US,US Central,Services,Direct,29,584.18,0.3500,11011.79,10146.81
O-02094,2025-09-16,C-0389,EU,DACH,Hardware,Partner,14,2868.69,0.3500,26105.08,26203.24
O-02095,2025-09-16,C-0338,EU,UK & Ireland,Software,Partner,63,450.42,0.3500,18444.70,8826.30
O-02096,2025-09-16,C-0722,US,US East,Support & CS,Partner,4,1989.23,0.3500,5172.00,4422.96
O-02097,2025-09-16,C-0022,APAC,Southeast Asia,Support & CS,Direct,1,984.44,0.3500,639.89,530.26
O-02098,2025-09-16,C-0679,US,US East,Services,Partner,23,504.77,0.3325,7749.90,7109.76
O-02099,2025-09-16,C-0550,APAC,ANZ,Support & CS,Direct,9,1967.92,0.3500,11512.33,9867.42
O-02100,2025-09-16,C-0301,US,US Central,Support & CS,Partner,4,983.99,0.3500,2558.37,2175.12
O-02101,2025-09-16,C-0639,EU,UK & Ireland,Hardware,Partner,2,4074.92,0.3500,5297.40,5354.74
O-02102,2025-09-16,C-0150,US,US Central,Software,Partner,108,437.23,0.3369,31309.78,13748.40
O-02103,2025-09-16,C-0024,EU,UK & Ireland,Software,Partner,83,272.41,0.3498,14700.47,7012.67
O-02104,2025-09-16,C-0507,EU,DACH,Services,Direct,35,231.56,0.3500,5267.99,5027.75
O-02105,2025-09-16,C-0681,EU,DACH,Software,Partner,107,871.67,0.3440,61181.97,28919.96
O-02106,2025-09-16,C-0472,EU,Southern Europe,Hardware,Direct,13,806.04,0.3500,6811.04,7161.44
O-02107,2025-09-16,C-0064,EU,UK & Ireland,Software,Partner,103,189.53,0.3500,12689.03,5985.33
O-02108,2025-09-16,C-0789,APAC,Greater China,Hardware,Partner,13,2344.25,0.3500,19808.91,19941.74
O-02109,2025-09-17,C-0140,EU,Southern Europe,Software,Direct,58,833.15,0.3500,31409.75,14712.86
O-02110,2025-09-17,C-0249,EU,DACH,Hardware,Partner,16,3434.24,0.3500,35716.10,37740.96
O-02111,2025-09-17,C-0127,EU,UK & Ireland,Services,Direct,31,130.50,0.3500,2629.58,2599.97
O-02112,2025-09-17,C-0271,EU,DACH,Support & CS,Direct,2,2241.65,0.3500,2914.15,2483.74
O-02113,2025-09-17,C-0301,US,US Central,Hardware,Partner,2,3640.35,0.3500,4732.45,4637.84
O-02114,2025-09-17,C-0749,EU,DACH,Hardware,Partner,1,1665.66,0.3500,1082.68,1085.28
O-02115,2025-09-17,C-0464,US,US East,Hardware,Partner,6,3941.23,0.3500,15370.80,14942.88
O-02116,2025-09-17,C-0709,EU,Southern Europe,Services,Online,6,323.78,0.2676,1422.72,1231.92
O-02117,2025-09-17,C-0393,EU,Southern Europe,Hardware,Partner,4,668.07,0.3500,1736.98,1740.44
O-02118,2025-09-17,C-0617,APAC,ANZ,Software,Online,13,510.63,0.2662,4871.24,1970.15
O-02119,2025-09-17,C-0060,EU,DACH,Support & CS,Online,10,1779.29,0.2361,13591.96,9908.80
O-02120,2025-09-17,C-0360,EU,DACH,Software,Online,73,799.16,0.2462,43978.27,17381.30
O-02121,2025-09-17,C-0416,EU,Benelux & Nordics,Hardware,Partner,15,364.28,0.3500,3551.73,3604.95
O-02122,2025-09-17,C-0352,US,US West,Support & CS,Direct,12,315.47,0.3500,2460.67,2069.88
O-02123,2025-09-17,C-0395,US,US West,Software,Partner,110,732.96,0.3500,52406.64,23912.90
O-02124,2025-09-17,C-0204,US,US Central,Software,Partner,112,232.11,0.3357,17270.32,7758.24
O-02125,2025-09-17,C-0187,EU,Benelux & Nordics,Hardware,Partner,16,2410.03,0.3500,25064.31,26573.28
O-02126,2025-09-17,C-0800,US,US Central,Hardware,Partner,17,2998.05,0.3500,33128.45,33193.18
O-02127,2025-09-17,C-0673,US,US West,Software,Partner,20,284.93,0.3396,3763.19,1662.00
O-02128,2025-09-17,C-0734,US,US West,Support & CS,Online,7,1034.51,0.2380,5518.04,4022.41
O-02129,2025-09-17,C-0732,APAC,Japan,Hardware,Partner,1,1576.04,0.3500,1024.43,1054.09
O-02130,2025-09-17,C-0214,US,US West,Software,Partner,14,393.34,0.3500,3579.39,1647.94
O-02131,2025-09-17,C-0194,US,US West,Hardware,Online,3,1120.38,0.2543,2506.29,2173.02
O-02132,2025-09-17,C-0534,EU,UK & Ireland,Services,Partner,30,274.66,0.3393,5444.15,5083.50
O-02133,2025-09-17,C-0538,APAC,Greater China,Software,Partner,99,462.41,0.3380,30304.85,13988.70
O-02134,2025-09-17,C-0072,APAC,ANZ,Services,Partner,10,471.48,0.3500,3064.62,2971.70
O-02135,2025-09-17,C-0696,APAC,Greater China,Software,Partner,117,689.04,0.3408,53143.07,24025.95
O-02136,2025-09-17,C-0285,US,US West,Hardware,Partner,9,2927.35,0.3363,17485.14,17021.70
O-02137,2025-09-17,C-0050,EU,Southern Europe,Hardware,Partner,14,1259.40,0.3417,11606.23,12106.92
O-02138,2025-09-17,C-0118,APAC,Japan,Hardware,Direct,17,3334.44,0.3500,36845.56,37378.07
O-02139,2025-09-18,C-0111,APAC,ANZ,Hardware,Partner,7,2103.41,0.3316,9840.99,9565.29
O-02140,2025-09-18,C-0800,US,US Central,Support & CS,Direct,3,376.66,0.3500,734.49,600.48
O-02141,2025-09-18,C-0064,EU,UK & Ireland,Software,Partner,30,176.95,0.3500,3450.53,1654.50
O-02142,2025-09-18,C-0600,EU,Benelux & Nordics,Software,Online,14,534.86,0.2787,5401.04,2318.54
O-02143,2025-09-18,C-0649,EU,DACH,Hardware,Partner,3,680.14,0.3304,1366.20,1396.59
O-02144,2025-09-18,C-0794,APAC,ANZ,Hardware,Online,13,2127.64,0.2576,20535.45,17902.69
O-02145,2025-09-18,C-0130,EU,Southern Europe,Services,Partner,8,238.72,0.3500,1241.34,1195.36
O-02146,2025-09-18,C-0291,EU,UK & Ireland,Hardware,Partner,17,992.97,0.3500,10972.32,11062.41
O-02147,2025-09-18,C-0587,EU,UK & Ireland,Hardware,Direct,4,2028.34,0.3500,5273.68,5440.36
O-02148,2025-09-18,C-0599,EU,UK & Ireland,Hardware,Partner,17,2233.31,0.3500,24678.08,24908.06
O-02149,2025-09-18,C-0482,APAC,Greater China,Support & CS,Online,6,1994.56,0.2434,9054.72,6643.08
O-02150,2025-09-18,C-0670,APAC,Greater China,Software,Partner,23,545.55,0.3383,8302.70,3726.92
O-02151,2025-09-18,C-0655,EU,DACH,Services,Partner,15,365.69,0.3500,3565.48,3438.45
O-02152,2025-09-18,C-0794,APAC,ANZ,Services,Partner,41,442.91,0.3408,11971.52,11354.54
O-02153,2025-09-18,C-0311,EU,DACH,Support & CS,Partner,6,264.42,0.3430,1042.27,868.68
O-02154,2025-09-18,C-0584,EU,DACH,Software,Direct,105,364.61,0.3500,24884.63,11951.10
O-02155,2025-09-18,C-0666,US,US East,Hardware,Online,14,3186.89,0.2777,32228.51,28147.28
O-02156,2025-09-18,C-0052,EU,Benelux & Nordics,Software,Partner,16,480.34,0.3365,5099.47,2293.28
O-02157,2025-09-18,C-0600,EU,Benelux & Nordics,Services,Partner,34,130.15,0.3412,2915.09,2705.72
O-02158,2025-09-18,C-0291,EU,UK & Ireland,Hardware,Partner,4,1898.29,0.3368,5035.51,5119.52
O-02159,2025-09-18,C-0603,EU,UK & Ireland,Hardware,Partner,18,3352.19,0.3500,39220.62,40293.54
O-02160,2025-09-18,C-0343,US,US West,Hardware,Partner,4,450.71,0.3487,1174.12,1182.76
O-02161,2025-09-18,C-0324,US,US Central,Software,Direct,64,479.99,0.3500,19967.58,9059.20
O-02162,2025-09-18,C-0468,EU,Southern Europe,Support & CS,Direct,3,2019.06,0.3500,3937.17,3454.14
O-02163,2025-09-18,C-0347,US,US East,Services,Partner,25,463.00,0.3500,7523.75,6939.25
O-02164,2025-09-18,C-0147,APAC,Greater China,Software,Direct,31,450.98,0.3500,9087.25,4156.79
O-02165,2025-09-18,C-0609,EU,DACH,Hardware,Partner,8,3771.25,0.3466,19712.03,20372.16
O-02166,2025-09-19,C-0074,US,US West,Services,Online,20,362.49,0.2382,5523.01,4331.20
O-02167,2025-09-19,C-0352,US,US West,Software,Online,80,376.55,0.2341,23070.65,8678.40
O-02168,2025-09-19,C-0595,EU,Benelux & Nordics,Hardware,Direct,14,3879.19,0.3500,35300.63,36774.50
O-02169,2025-09-19,C-0306,APAC,Japan,Hardware,Direct,11,1128.84,0.3500,8071.21,8074.99
O-02170,2025-09-19,C-0285,US,US West,Software,Partner,51,729.41,0.3500,24179.94,10839.54
O-02171,2025-09-19,C-0065,EU,DACH,Hardware,Partner,11,1065.83,0.3340,7807.76,8033.08
O-02172,2025-09-19,C-0485,EU,UK & Ireland,Software,Direct,10,734.24,0.3500,4772.56,2261.00
O-02173,2025-09-19,C-0692,US,US East,Hardware,Partner,17,3943.17,0.3500,43572.03,44735.50
O-02174,2025-09-19,C-0077,EU,UK & Ireland,Hardware,Partner,17,3303.01,0.3500,36498.26,36547.11
O-02175,2025-09-19,C-0370,EU,UK & Ireland,Hardware,Partner,17,2714.61,0.3500,29996.44,31439.63
O-02176,2025-09-19,C-0466,US,US East,Software,Online,65,542.58,0.2447,26638.67,10680.80
O-02177,2025-09-19,C-0519,US,US East,Hardware,Online,2,1915.20,0.2574,2844.47,2540.62
O-02178,2025-09-19,C-0490,US,US West,Hardware,Partner,18,2294.21,0.3322,27575.97,27472.50
O-02179,2025-09-19,C-0689,APAC,Japan,Hardware,Partner,13,2363.44,0.3500,19971.07,20547.41
O-02180,2025-09-19,C-0589,EU,DACH,Hardware,Partner,7,2808.79,0.3453,12872.48,13553.75
O-02181,2025-09-19,C-0011,EU,DACH,Software,Partner,111,711.21,0.3500,51313.80,24451.08
O-02182,2025-09-19,C-0349,APAC,Greater China,Hardware,Online,13,1396.30,0.2537,13546.94,12362.61
O-02183,2025-09-19,C-0402,APAC,Greater China,Hardware,Partner,14,460.35,0.3415,4243.69,4148.48
O-02184,2025-09-19,C-0680,APAC,Southeast Asia,Hardware,Direct,5,719.06,0.3500,2336.94,2412.90
O-02185,2025-09-19,C-0699,US,US Central,Hardware,Partner,5,1285.52,0.3500,4177.94,4211.20
O-02186,2025-09-19,C-0683,US,US East,Support & CS,Partner,3,1821.27,0.3500,3551.48,2959.41
O-02187,2025-09-19,C-0198,EU,Southern Europe,Software,Partner,55,406.33,0.3446,14647.80,6761.70
O-02188,2025-09-19,C-0138,EU,DACH,Support & CS,Direct,2,1610.93,0.3500,2094.21,1821.68
O-02189,2025-09-19,C-0398,EU,DACH,Services,Partner,3,272.03,0.3500,530.46,517.05
O-02190,2025-09-19,C-0712,EU,Southern Europe,Support & CS,Direct,10,420.41,0.3500,2732.67,2350.70
O-02191,2025-09-19,C-0780,EU,DACH,Software,Partner,112,743.50,0.3500,54126.80,24615.36
O-02192,2025-09-19,C-0222,US,US Central,Support & CS,Partner,4,862.12,0.3500,2241.51,1838.36
O-02193,2025-09-19,C-0609,EU,DACH,Support & CS,Partner,11,731.26,0.3500,5228.51,4562.14
O-02194,2025-09-20,C-0194,US,US West,Hardware,Partner,3,2614.43,0.3500,5098.14,4984.95
O-02195,2025-09-20,C-0323,APAC,Southeast Asia,Services,Partner,44,252.38,0.3500,7218.07,7029.88
O-02196,2025-09-20,C-0051,APAC,Japan,Services,Partner,45,368.27,0.3457,10843.83,10413.90
O-02197,2025-09-20,C-0361,US,US East,Support & CS,Partner,10,459.41,0.3445,3011.30,2486.10
O-02198,2025-09-20,C-0019,EU,UK & Ireland,Software,Partner,101,849.90,0.3351,57072.71,25978.21
O-02199,2025-09-20,C-0711,US,US Central,Hardware,Partner,18,3905.30,0.3500,45692.01,46140.48
O-02200,2025-09-20,C-0159,EU,Southern Europe,Services,Online,1,645.24,0.2382,491.56,394.78
O-02201,2025-09-20,C-0208,US,US East,Services,Partner,1,580.66,0.3382,384.28,349.30
O-02202,2025-09-20,C-0274,US,US East,Support & CS,Partner,3,1665.00,0.3356,3318.82,2731.41
O-02203,2025-09-20,C-0778,US,US West,Software,Direct,14,408.84,0.3500,3720.44,1663.48
O-02204,2025-09-20,C-0520,APAC,ANZ,Software,Partner,93,176.52,0.3500,10670.63,4927.14
O-02205,2025-09-20,C-0380,US,US West,Hardware,Partner,13,4037.69,0.3500,34118.48,33982.65
O-02206,2025-09-20,C-0778,US,US West,Services,Online,27,260.29,0.2473,5289.79,4412.34
O-02207,2025-09-20,C-0187,EU,Benelux & Nordics,Software,Online,106,303.42,0.2478,24193.22,10065.76
O-02208,2025-09-20,C-0055,EU,UK & Ireland,Software,Direct,76,440.67,0.3500,21769.10,10387.68
O-02209,2025-09-20,C-0628,APAC,ANZ,Software,Direct,62,389.87,0.3500,15711.76,7432.56
O-02210,2025-09-20,C-0751,US,US West,Hardware,Partner,14,1283.03,0.3500,11675.57,11543.84
O-02211,2025-09-20,C-0108,APAC,Greater China,Hardware,Direct,16,1853.24,0.3500,19273.70,19966.72
O-02212,2025-09-20,C-0587,EU,UK & Ireland,Software,Partner,88,223.32,0.3500,12773.90,5987.52
O-02213,2025-09-20,C-0591,EU,DACH,Software,Partner,17,126.76,0.3500,1400.70,648.04
O-02214,2025-09-20,C-0172,EU,DACH,Software,Partner,71,737.62,0.3500,34041.16,16242.67
O-02215,2025-09-20,C-0025,APAC,Japan,Services,Direct,29,434.78,0.3500,8195.60,7743.58
O-02216,2025-09-20,C-0761,US,US West,Hardware,Direct,11,3218.68,0.3500,23013.56,23010.68
O-02217,2025-09-20,C-0765,US,US East,Software,Partner,93,472.70,0.3500,28574.72,13188.33
O-02218,2025-09-20,C-0137,EU,DACH,Software,Partner,58,148.06,0.3500,5581.86,2593.76
O-02219,2025-09-20,C-0134,EU,UK & Ireland,Hardware,Direct,9,795.00,0.3500,4650.75,4928.49
O-02220,2025-09-20,C-0656,APAC,Greater China,Services,Partner,34,445.78,0.3384,10027.51,9221.48
O-02221,2025-09-20,C-0767,US,US East,Software,Partner,104,631.44,0.3431,43139.38,18909.28
O-02222,2025-09-21,C-0550,APAC,ANZ,Hardware,Partner,14,602.01,0.3314,5634.67,5635.14
O-02223,2025-09-21,C-0334,APAC,Japan,Software,Partner,98,416.23,0.3500,26513.85,12576.34
O-02224,2025-09-21,C-0455,US,US West,Software,Direct,102,784.93,0.3500,52040.86,23795.58
O-02225,2025-09-21,C-0531,APAC,Japan,Software,Partner,99,651.09,0.3500,41897.64,19187.19
O-02226,2025-09-21,C-0397,US,US East,Hardware,Direct,18,3143.62,0.3500,36780.35,36576.90
O-02227,2025-09-21,C-0505,APAC,Greater China,Services,Partner,30,235.72,0.3500,4596.54,4383.60
O-02228,2025-09-21,C-0283,APAC,Southeast Asia,Software,Online,75,279.35,0.2378,15969.11,6150.00
O-02229,2025-09-21,C-0691,US,US East,Services,Online,17,169.22,0.2333,2205.68,1790.78
O-02230,2025-09-21,C-0761,US,US West,Support & CS,Partner,6,1308.39,0.3500,5102.72,4266.00
O-02231,2025-09-21,C-0209,EU,UK & Ireland,Software,Direct,57,629.04,0.3500,23305.93,10989.60
O-02232,2025-09-21,C-0328,US,US Central,Hardware,Online,3,3069.72,0.2312,7080.12,5838.60
O-02233,2025-09-21,C-0546,EU,Southern Europe,Hardware,Partner,2,3414.97,0.3500,4439.46,4574.16
O-02234,2025-09-21,C-0353,APAC,Japan,Services,Partner,6,375.76,0.3500,1465.46,1412.16
O-02235,2025-09-21,C-0019,EU,UK & Ireland,Support & CS,Partner,1,459.45,0.3428,301.96,256.56
O-02236,2025-09-21,C-0740,APAC,ANZ,Services,Partner,41,284.46,0.3500,7580.86,7464.46
O-02237,2025-09-21,C-0008,EU,Southern Europe,Support & CS,Partner,4,537.95,0.3500,1398.67,1197.64
O-02238,2025-09-21,C-0553,US,US Central,Hardware,Partner,14,2039.71,0.3486,18602.27,19086.62
O-02239,2025-09-22,C-0304,APAC,Southeast Asia,Software,Partner,103,430.54,0.3359,29450.70,13089.24
O-02240,2025-09-22,C-0646,EU,DACH,Software,Partner,40,271.72,0.3500,7064.72,3264.80
O-02241,2025-09-22,C-0570,EU,Southern Europe,Services,Online,21,241.93,0.2355,3884.03,3144.96
O-02242,2025-09-22,C-0186,APAC,ANZ,Hardware,Partner,14,1309.17,0.3500,11913.45,12327.42
O-02243,2025-09-22,C-0579,APAC,ANZ,Hardware,Partner,5,1347.38,0.3500,4378.99,4525.75
O-02244,2025-09-22,C-0486,EU,UK & Ireland,Hardware,Direct,11,3707.53,0.3500,26508.84,26902.15
O-02245,2025-09-22,C-0527,US,US West,Services,Partner,40,464.59,0.3395,12273.64,11058.40
O-02246,2025-09-22,C-0721,APAC,Southeast Asia,Services,Online,45,276.36,0.2644,9148.63,7684.65
O-02247,2025-09-22,C-0689,APAC,Japan,Software,Partner,33,60.82,0.3500,1304.59,605.55
O-02248,2025-09-22,C-0787,US,US West,Support & CS,Direct,8,630.42,0.3500,3278.18,2707.68
O-02249,2025-09-22,C-0148,EU,Benelux & Nordics,Hardware,Direct,11,1540.92,0.3500,11017.58,11415.36
O-02250,2025-09-22,C-0306,APAC,Japan,Hardware,Online,4,513.64,0.2614,1517.40,1347.20
O-02251,2025-09-22,C-0111,APAC,ANZ,Hardware,Partner,17,1188.43,0.3342,13452.23,13631.96
O-02252,2025-09-22,C-0543,APAC,Japan,Support & CS,Direct,10,509.47,0.3500,3311.56,2830.70
O-02253,2025-09-22,C-0575,US,US West,Hardware,Direct,3,3611.89,0.3500,7043.19,7055.40
O-02254,2025-09-22,C-0301,US,US Central,Software,Direct,104,302.38,0.3500,20440.89,9501.44
O-02255,2025-09-22,C-0142,US,US East,Support & CS,Partner,4,804.31,0.3500,2091.21,1788.40
O-02256,2025-09-22,C-0485,EU,UK & Ireland,Hardware,Direct,8,4127.47,0.3500,21462.84,21596.96
O-02257,2025-09-22,C-0150,US,US Central,Software,Partner,65,216.64,0.3500,9153.04,4139.85
O-02258,2025-09-22,C-0041,US,US Central,Software,Direct,20,644.82,0.3500,8382.66,3827.20
O-02259,2025-09-22,C-0407,EU,UK & Ireland,Software,Partner,56,73.39,0.3490,2675.48,1235.36
O-02260,2025-09-22,C-0497,US,US Central,Services,Direct,35,369.50,0.3500,8406.12,7820.40
O-02261,2025-09-22,C-0641,APAC,Greater China,Hardware,Direct,17,3670.66,0.3500,40560.79,40348.48
O-02262,2025-09-22,C-0689,APAC,Japan,Hardware,Direct,3,560.22,0.3500,1092.43,1144.02
O-02263,2025-09-22,C-0369,EU,Southern Europe,Software,Partner,46,614.15,0.3500,18363.08,8454.34
O-02264,2025-09-22,C-0272,EU,UK & Ireland,Hardware,Partner,9,496.48,0.3300,2993.57,3004.11
O-02265,2025-09-22,C-0051,APAC,Japan,Software,Partner,79,624.08,0.3500,32046.51,15243.84
O-02266,2025-09-22,C-0743,US,US Central,Support & CS,Partner,11,878.79,0.3461,6320.72,5221.15
O-02267,2025-09-22,C-0548,US,US Central,Hardware,Direct,18,963.06,0.3500,11267.80,11178.54
O-02268,2025-09-22,C-0790,EU,UK & Ireland,Hardware,Partner,3,4092.05,0.3500,7979.50,8161.26
O-02269,2025-09-22,C-0031,US,US Central,Hardware,Online,17,614.07,0.2742,7576.56,6584.44
O-02270,2025-09-22,C-0643,EU,DACH,Hardware,Partner,16,3721.19,0.3500,38700.38,39202.72
O-02271,2025-09-22,C-0774,US,US East,Software,Direct,49,680.12,0.3500,21661.82,9903.88
O-02272,2025-09-22,C-0242,APAC,Japan,Hardware,Direct,16,2308.78,0.3500,24011.31,24820.32
O-02273,2025-09-23,C-0343,US,US West,Software,Partner,94,514.79,0.3352,32168.93,14167.68
O-02274,2025-09-23,C-0591,EU,DACH,Support & CS,Partner,3,2055.73,0.3500,4008.67,3440.79
O-02275,2025-09-23,C-0794,APAC,ANZ,Software,Partner,12,431.71,0.3500,3367.34,1522.56
O-02276,2025-09-23,C-0107,US,US Central,Support & CS,Online,6,1946.35,0.2477,8785.88,6284.04
O-02277,2025-09-23,C-0311,EU,DACH,Software,Direct,24,295.76,0.3500,4613.86,2223.84
O-02278,2025-09-23,C-0687,APAC,ANZ,Software,Partner,10,756.85,0.3500,4919.53,2320.00
O-02279,2025-09-23,C-0285,US,US West,Software,Direct,21,565.22,0.3500,7715.25,3484.95
O-02280,2025-09-23,C-0744,US,US East,Software,Partner,101,892.12,0.3500,58567.68,26239.80
O-02281,2025-09-23,C-0048,EU,Southern Europe,Software,Direct,38,653.27,0.3500,16135.77,7521.34
O-02282,2025-09-23,C-0723,EU,UK & Ireland,Hardware,Partner,8,1116.10,0.3500,5803.72,5997.60
O-02283,2025-09-23,C-0533,APAC,Japan,Support & CS,Partner,4,2119.10,0.3500,5509.66,4708.24
O-02284,2025-09-23,C-0579,APAC,ANZ,Software,Partner,32,80.12,0.3500,1666.50,794.88
O-02285,2025-09-23,C-0709,EU,Southern Europe,Hardware,Online,17,1447.43,0.2711,17935.15,16053.61
O-02286,2025-09-23,C-0692,US,US East,Hardware,Partner,14,3929.40,0.3329,36696.99,35037.80
O-02287,2025-09-23,C-0685,US,US East,Software,Partner,27,391.20,0.3500,6865.56,3147.93
O-02288,2025-09-23,C-0426,EU,Southern Europe,Hardware,Partner,4,2538.23,0.3500,6599.40,6919.64
O-02289,2025-09-23,C-0079,EU,DACH,Hardware,Partner,13,365.66,0.3373,3150.39,3094.13
O-02290,2025-09-23,C-0336,EU,Benelux & Nordics,Software,Partner,40,671.97,0.3310,17981.28,8262.80
O-02291,2025-09-23,C-0015,US,US East,Services,Online,6,501.56,0.2327,2308.99,1812.48
O-02292,2025-09-23,C-0795,EU,DACH,Hardware,Online,3,2809.78,0.2408,6399.78,5792.85
O-02293,2025-09-23,C-0193,US,US West,Hardware,Partner,2,2567.03,0.3500,3337.14,3338.18
O-02294,2025-09-23,C-0052,EU,Benelux & Nordics,Software,Online,78,260.44,0.2380,15478.70,6043.44
O-02295,2025-09-23,C-0629,US,US East,Software,Online,117,167.13,0.2519,14629.19,5909.67
O-02296,2025-09-23,C-0603,EU,UK & Ireland,Software,Partner,33,518.23,0.3500,11116.03,5142.72
O-02297,2025-09-23,C-0107,US,US Central,Software,Direct,81,644.58,0.3500,33937.14,15096.78
O-02298,2025-09-24,C-0673,US,US West,Hardware,Partner,5,1863.31,0.3462,6091.41,5884.05
O-02299,2025-09-24,C-0365,APAC,ANZ,Hardware,Online,8,429.83,0.2311,2643.80,2288.88
O-02300,2025-09-24,C-0500,US,US West,Software,Direct,107,443.99,0.3500,30879.50,13710.98
O-02301,2025-09-24,C-0708,EU,DACH,Software,Partner,80,588.28,0.3374,31181.84,14004.00
O-02302,2025-09-24,C-0157,US,US West,Hardware,Partner,2,3483.85,0.3500,4529.01,4662.66
O-02303,2025-09-24,C-0192,APAC,Japan,Hardware,Direct,18,1610.41,0.3500,18841.80,18946.44
O-02304,2025-09-24,C-0789,APAC,Greater China,Hardware,Partner,6,2226.27,0.3500,8682.45,8782.14
O-02305,2025-09-24,C-0045,US,US East,Services,Partner,25,274.56,0.3500,4461.60,4164.25
O-02306,2025-09-24,C-0426,EU,Southern Europe,Hardware,Online,6,744.00,0.2397,3394.12,2993.94
O-02307,2025-09-24,C-0522,EU,DACH,Hardware,Online,6,1879.45,0.2617,8325.22,7422.48
O-02308,2025-09-24,C-0157,US,US West,Support & CS,Online,7,2017.23,0.2628,10409.33,7532.49
O-02309,2025-09-24,C-0762,EU,Benelux & Nordics,Hardware,Direct,12,1989.79,0.3500,15520.36,16001.88
O-02310,2025-09-24,C-0566,US,US West,Support & CS,Online,5,2252.50,0.2712,8207.72,6065.90
O-02311,2025-09-24,C-0575,US,US West,Software,Partner,74,423.28,0.3500,20359.77,9502.34
O-02312,2025-09-24,C-0108,APAC,Greater China,Hardware,Partner,10,3088.66,0.3500,20076.29,20968.50
O-02313,2025-09-24,C-0500,US,US West,Hardware,Online,6,3798.85,0.2756,16512.27,14924.88
O-02314,2025-09-24,C-0373,US,US West,Hardware,Partner,10,2393.14,0.3500,15555.41,15294.10
O-02315,2025-09-24,C-0540,US,US Central,Software,Direct,83,92.37,0.3500,4983.36,2294.12
O-02316,2025-09-24,C-0660,EU,Benelux & Nordics,Services,Partner,39,592.35,0.3500,15016.07,14609.40
O-02317,2025-09-24,C-0765,US,US East,Software,Online,22,83.33,0.2306,1410.55,528.88
O-02318,2025-09-24,C-0437,US,US West,Support & CS,Online,5,1006.18,0.2564,3740.89,2667.30
O-02319,2025-09-24,C-0755,EU,Benelux & Nordics,Hardware,Direct,14,1506.23,0.3500,13706.69,14050.54
O-02320,2025-09-24,C-0533,APAC,Japan,Hardware,Partner,4,1998.27,0.3500,5195.50,5179.20
O-02321,2025-09-24,C-0740,APAC,ANZ,Hardware,Partner,13,3687.21,0.3500,31156.92,31466.63
O-02322,2025-09-24,C-0034,US,US East,Hardware,Partner,16,3533.21,0.3500,36745.38,36127.04
O-02323,2025-09-24,C-0294,EU,Southern Europe,Hardware,Direct,14,1643.22,0.3500,14953.30,14994.56
O-02324,2025-09-24,C-0755,EU,Benelux & Nordics,Hardware,Partner,11,1773.99,0.3500,12684.03,13185.48
O-02325,2025-09-24,C-0780,EU,DACH,Services,Partner,45,631.78,0.3500,18479.56,18198.00
O-02326,2025-09-25,C-0175,EU,UK & Ireland,Support & CS,Direct,4,1805.17,0.3500,4693.44,3966.56
O-02327,2025-09-25,C-0033,EU,Benelux & Nordics,Software,Direct,23,571.86,0.3500,8549.31,4080.20
O-02328,2025-09-25,C-0112,EU,UK & Ireland,Support & CS,Partner,2,301.83,0.3343,401.85,330.66
O-02329,2025-09-25,C-0060,EU,DACH,Hardware,Online,17,2857.51,0.2769,35128.78,31707.89
O-02330,2025-09-25,C-0180,EU,UK & Ireland,Software,Direct,60,583.69,0.3500,22763.91,10845.60
O-02331,2025-09-25,C-0762,EU,Benelux & Nordics,Support & CS,Partner,6,651.19,0.3500,2539.64,2210.28
O-02332,2025-09-25,C-0668,EU,DACH,Support & CS,Direct,8,1564.11,0.3500,8133.37,6851.36
O-02333,2025-09-25,C-0399,EU,DACH,Services,Partner,2,552.12,0.3500,717.76,714.52
O-02334,2025-09-25,C-0421,EU,Southern Europe,Software,Direct,92,614.75,0.3500,36762.05,17340.16
O-02335,2025-09-25,C-0722,US,US East,Hardware,Direct,5,1593.92,0.3500,5180.24,5204.55
O-02336,2025-09-25,C-0458,EU,Benelux & Nordics,Services,Direct,45,539.63,0.3500,15784.18,15022.80
O-02337,2025-09-25,C-0450,US,US East,Support & CS,Partner,5,1110.50,0.3500,3609.12,3052.90
O-02338,2025-09-25,C-0275,EU,UK & Ireland,Services,Partner,5,506.16,0.3500,1645.02,1624.35
O-02339,2025-09-25,C-0424,EU,Benelux & Nordics,Support & CS,Direct,5,699.51,0.3500,2273.41,1916.50
O-02340,2025-09-25,C-0604,EU,Southern Europe,Hardware,Direct,8,1245.62,0.3500,6477.22,6745.36
O-02341,2025-09-25,C-0573,APAC,Southeast Asia,Support & CS,Partner,12,649.76,0.3500,5068.13,4254.48
O-02342,2025-09-25,C-0711,US,US Central,Software,Online,77,859.17,0.2534,49390.79,19229.21
O-02343,2025-09-25,C-0123,APAC,Japan,Hardware,Partner,1,2925.42,0.3315,1955.78,1982.10
O-02344,2025-09-25,C-0592,EU,UK & Ireland,Support & CS,Partner,10,1941.03,0.3500,12616.69,10810.00
O-02345,2025-09-25,C-0141,EU,Benelux & Nordics,Support & CS,Partner,3,347.78,0.3333,695.59,595.89
O-02346,2025-09-25,C-0501,US,US West,Software,Online,78,742.02,0.2544,43152.06,16668.60
O-02347,2025-09-25,C-0724,EU,DACH,Services,Direct,1,179.89,0.3500,116.93,114.09
O-02348,2025-09-25,C-0676,APAC,ANZ,Support & CS,Partner,11,746.79,0.3500,5339.55,4546.19
O-02349,2025-09-26,C-0676,APAC,ANZ,Software,Partner,112,689.45,0.3500,50191.96,23313.92
O-02350,2025-09-26,C-0614,US,US West,Support & CS,Partner,5,1817.91,0.3500,5908.21,4952.65
O-02351,2025-09-26,C-0581,APAC,Southeast Asia,Support & CS,Direct,11,2001.96,0.3500,14314.01,12444.96
O-02352,2025-09-26,C-0032,EU,Southern Europe,Software,Direct,91,853.44,0.3500,50480.98,23865.66
O-02353,2025-09-26,C-0666,US,US East,Support & CS,Online,1,1087.35,0.2794,783.50,597.91
O-02354,2025-09-26,C-0323,APAC,Southeast Asia,Hardware,Partner,14,3597.39,0.3500,32736.25,33909.54
O-02355,2025-09-26,C-0169,EU,Benelux & Nordics,Software,Partner,37,635.24,0.3435,15431.13,7001.51
O-02356,2025-09-26,C-0616,US,US Central,Software,Partner,115,369.85,0.3500,27646.29,12873.10
O-02357,2025-09-26,C-0548,US,US Central,Services,Online,30,137.98,0.2646,3044.32,2478.30
O-02358,2025-09-26,C-0532,EU,DACH,Software,Partner,20,686.93,0.3448,9000.88,4262.40
O-02359,2025-09-26,C-0268,EU,UK & Ireland,Support & CS,Direct,12,1943.86,0.3500,15162.11,12656.64
O-02360,2025-09-26,C-0309,EU,UK & Ireland,Hardware,Direct,2,2336.08,0.3500,3036.90,3188.04
O-02361,2025-09-26,C-0519,US,US East,Software,Direct,82,432.01,0.3500,23026.13,10180.30
O-02362,2025-09-26,C-0392,EU,Southern Europe,Services,Partner,13,589.83,0.3487,4994.11,4684.16
O-02363,2025-09-26,C-0136,EU,UK & Ireland,Software,Partner,91,455.60,0.3484,27016.85,12466.09
O-02364,2025-09-26,C-0577,US,US East,Services,Partner,20,461.33,0.3500,5997.29,5559.40
O-02365,2025-09-26,C-0326,EU,Benelux & Nordics,Software,Partner,45,334.55,0.3500,9785.59,4640.85
O-02366,2025-09-27,C-0763,APAC,ANZ,Hardware,Direct,5,970.83,0.3500,3155.20,3315.15
O-02367,2025-09-27,C-0144,EU,Benelux & Nordics,Services,Partner,1,126.80,0.3500,82.42,80.87
O-02368,2025-09-27,C-0090,APAC,Southeast Asia,Support & CS,Online,11,917.81,0.2372,7701.28,5623.97
O-02369,2025-09-27,C-0458,EU,Benelux & Nordics,Support & CS,Partner,2,1607.48,0.3500,2089.72,1778.10
O-02370,2025-09-27,C-0294,EU,Southern Europe,Software,Direct,7,684.09,0.3500,3112.61,1471.61
O-02371,2025-09-27,C-0216,APAC,Japan,Hardware,Partner,14,2969.52,0.3500,27022.63,28240.80
O-02372,2025-09-27,C-0040,EU,Southern Europe,Services,Online,45,526.58,0.2364,18093.29,15081.30
O-02373,2025-09-27,C-0471,US,US East,Hardware,Partner,18,611.65,0.3400,7266.33,6958.08
O-02374,2025-09-27,C-0588,EU,DACH,Hardware,Direct,14,3301.52,0.3500,30043.83,30733.08
O-02375,2025-09-27,C-0627,US,US Central,Hardware,Online,5,997.27,0.2677,3651.51,3176.00
O-02376,2025-09-27,C-0680,APAC,Southeast Asia,Hardware,Direct,5,602.99,0.3500,1959.72,1995.40
O-02377,2025-09-27,C-0700,EU,UK & Ireland,Software,Direct,11,494.64,0.3500,3536.68,1698.29
O-02378,2025-09-27,C-0150,US,US Central,Software,Partner,46,261.66,0.3382,7965.74,3534.18
O-02379,2025-09-27,C-0651,US,US Central,Support & CS,Partner,9,1390.77,0.3319,8362.26,6781.86
O-02380,2025-09-27,C-0395,US,US West,Hardware,Direct,11,1428.63,0.3500,10214.70,9976.78
O-02381,2025-09-27,C-0268,EU,UK & Ireland,Software,Partner,47,738.79,0.3500,22570.03,10670.41
O-02382,2025-09-27,C-0236,US,US East,Hardware,Partner,5,3286.24,0.3500,10680.28,10737.20
O-02383,2025-09-27,C-0519,US,US East,Hardware,Partner,8,654.43,0.3500,3403.04,3376.48
O-02384,2025-09-27,C-0399,EU,DACH,Support & CS,Online,2,1509.71,0.2741,2191.72,1698.78
O-02385,2025-09-27,C-0108,APAC,Greater China,Hardware,Partner,17,1361.95,0.3311,15487.78,15222.65
O-02386,2025-09-27,C-0611,APAC,Japan,Hardware,Partner,11,3645.84,0.3500,26067.76,27181.88
O-02387,2025-09-27,C-0277,EU,UK & Ireland,Software,Direct,56,248.71,0.3500,9053.04,4346.72
O-02388,2025-09-27,C-0535,EU,UK & Ireland,Hardware,Online,4,2052.46,0.2606,6070.16,5445.48
O-02389,2025-09-27,C-0700,EU,UK & Ireland,Software,Online,49,361.96,0.2619,13090.51,5357.17
O-02390,2025-09-27,C-0454,EU,DACH,Services,Partner,37,420.97,0.3481,10154.19,10007.02
O-02391,2025-09-27,C-0137,EU,DACH,Hardware,Partner,15,3005.80,0.3500,29306.55,29537.25
O-02392,2025-09-27,C-0486,EU,UK & Ireland,Hardware,Partner,10,2054.73,0.3500,13355.75,13438.20
O-02393,2025-09-27,C-0387,US,US Central,Software,Partner,95,114.74,0.3500,7085.19,3283.20
O-02394,2025-09-28,C-0133,US,US West,Hardware,Direct,12,1523.96,0.3500,11886.89,11741.76
O-02395,2025-09-28,C-0556,US,US West,Software,Online,28,749.03,0.2721,15266.42,6214.88
O-02396,2025-09-28,C-0398,EU,DACH,Support & CS,Partner,12,1272.84,0.3457,9994.22,8683.92
O-02397,2025-09-28,C-0172,EU,DACH,Support & CS,Direct,11,256.56,0.3500,1834.40,1586.86
O-02398,2025-09-28,C-0195,APAC,Southeast Asia,Hardware,Partner,4,1062.08,0.3500,2761.41,2871.92
O-02399,2025-09-28,C-0488,US,US Central,Software,Online,94,597.31,0.2718,40888.91,16468.80
O-02400,2025-09-28,C-0664,APAC,Japan,Hardware,Direct,2,3422.06,0.3500,4448.68,4566.48
O-02401,2025-09-28,C-0507,EU,DACH,Software,Direct,40,543.31,0.3500,14126.06,6677.60
O-02402,2025-09-28,C-0319,APAC,Japan,Services,Direct,16,234.19,0.3500,2435.58,2357.12
O-02403,2025-09-28,C-0519,US,US East,Hardware,Partner,8,2635.91,0.3500,13706.73,13300.32
O-02404,2025-09-28,C-0619,APAC,Southeast Asia,Hardware,Partner,11,3187.89,0.3340,23354.21,23379.29
O-02405,2025-09-28,C-0208,US,US East,Support & CS,Direct,6,2220.18,0.3500,8658.70,7130.58
O-02406,2025-09-28,C-0702,EU,DACH,Hardware,Direct,11,2043.92,0.3500,14614.03,14932.61
O-02407,2025-09-28,C-0343,US,US West,Software,Partner,34,790.01,0.3500,17459.22,7786.68
O-02408,2025-09-28,C-0403,EU,DACH,Hardware,Partner,9,2374.02,0.3500,13888.02,14556.69
O-02409,2025-09-28,C-0385,US,US West,Hardware,Partner,15,593.23,0.3454,5825.18,5874.45
O-02410,2025-09-28,C-0048,EU,Southern Europe,Hardware,Partner,7,4179.46,0.3500,19016.54,19488.49
O-02411,2025-09-28,C-0109,US,US East,Software,Online,77,412.99,0.2593,23555.59,9221.52
O-02412,2025-09-28,C-0364,EU,DACH,Services,Partner,31,497.13,0.3500,10017.17,9845.29
O-02413,2025-09-28,C-0594,EU,Benelux & Nordics,Support & CS,Partner,4,1086.06,0.3482,2831.39,2441.76
O-02414,2025-09-28,C-0426,EU,Southern Europe,Software,Partner,117,684.52,0.3500,52057.75,24871.86
O-02415,2025-09-28,C-0051,APAC,Japan,Software,Online,23,415.17,0.2504,7157.79,2865.34
O-02416,2025-09-28,C-0532,EU,DACH,Software,Partner,85,212.33,0.3429,11859.70,5464.65
O-02417,2025-09-28,C-0626,EU,DACH,Software,Direct,46,885.02,0.3500,26462.10,12031.76
O-02418,2025-09-29,C-0726,EU,DACH,Hardware,Partner,2,2739.36,0.3500,3561.17,3723.28
O-02419,2025-09-29,C-0282,APAC,Southeast Asia,Services,Direct,13,333.43,0.3500,2817.48,2705.69
O-02420,2025-09-29,C-0666,US,US East,Support & CS,Partner,12,510.67,0.3500,3983.23,3379.32
O-02421,2025-09-29,C-0553,US,US Central,Services,Direct,13,275.04,0.3500,2324.09,2183.09
O-02422,2025-09-29,C-0113,US,US East,Software,Partner,93,485.88,0.3500,29371.45,13474.77
O-02423,2025-09-29,C-0410,EU,DACH,Software,Partner,23,444.96,0.3315,6841.67,3158.13
O-02424,2025-09-29,C-0440,EU,UK & Ireland,Software,Direct,61,76.61,0.3500,3037.59,1452.41
O-02425,2025-09-29,C-0553,US,US Central,Support & CS,Direct,11,1169.29,0.3500,8360.42,6815.71
O-02426,2025-09-29,C-0373,US,US West,Support & CS,Direct,10,2347.39,0.3500,15258.03,12446.10
O-02427,2025-09-29,C-0448,EU,UK & Ireland,Hardware,Direct,6,1827.32,0.3500,7126.55,7183.26
O-02428,2025-09-29,C-0621,APAC,ANZ,Hardware,Partner,9,1684.72,0.3442,9943.51,10086.57
O-02429,2025-09-29,C-0314,EU,DACH,Software,Direct,5,307.54,0.3500,999.51,480.45
O-02430,2025-09-29,C-0780,EU,DACH,Services,Direct,5,463.63,0.3500,1506.80,1438.75
O-02431,2025-09-29,C-0310,US,US Central,Software,Online,16,709.67,0.2555,8453.68,3355.68
O-02432,2025-09-29,C-0766,EU,DACH,Hardware,Partner,9,1868.96,0.3500,10933.42,11252.34
O-02433,2025-09-29,C-0462,EU,Benelux & Nordics,Support & CS,Partner,5,380.90,0.3475,1242.78,1081.45
O-02434,2025-09-29,C-0245,US,US East,Support & CS,Partner,11,678.28,0.3361,4953.39,4106.08
O-02435,2025-09-29,C-0597,APAC,ANZ,Services,Partner,10,133.87,0.3326,893.45,851.40
O-02436,2025-09-29,C-0192,APAC,Japan,Hardware,Partner,17,3969.92,0.3308,45166.35,45695.83
O-02437,2025-09-29,C-0392,EU,Southern Europe,Software,Partner,100,843.32,0.3500,54815.80,25570.00
O-02438,2025-09-29,C-0710,US,US East,Hardware,Online,12,519.57,0.2496,4678.92,4030.08
O-02439,2025-09-29,C-0009,US,US West,Support & CS,Partner,3,732.48,0.3500,1428.34,1188.39
O-02440,2025-09-29,C-0746,US,US West,Hardware,Direct,7,3342.66,0.3500,15209.10,15606.01
O-02441,2025-09-29,C-0157,US,US West,Hardware,Direct,9,1567.08,0.3500,9167.42,9287.64
O-02442,2025-09-29,C-0162,US,US West,Software,Partner,100,274.83,0.3351,18273.44,8052.00
O-02443,2025-09-30,C-0330,US,US West,Hardware,Online,15,3716.06,0.2344,42676.35,36732.60
O-02444,2025-09-30,C-0769,US,US West,Hardware,Partner,15,680.09,0.3500,6630.88,6779.70
O-02445,2025-09-30,C-0683,US,US East,Hardware,Direct,10,492.52,0.3500,3201.38,3204.40
O-02446,2025-09-30,C-0359,EU,DACH,Hardware,Online,17,3993.43,0.2761,49143.17,44796.53
O-02447,2025-09-30,C-0072,APAC,ANZ,Hardware,Direct,13,2323.63,0.3500,19634.67,19841.38
O-02448,2025-09-30,C-0423,US,US East,Services,Direct,18,419.47,0.3500,4907.80,4739.04
O-02449,2025-09-30,C-0472,EU,Southern Europe,Services,Partner,42,322.73,0.3500,8810.53,8739.36
O-02450,2025-09-30,C-0663,EU,DACH,Support & CS,Partner,6,989.71,0.3500,3859.87,3238.14
O-02451,2025-09-30,C-0740,APAC,ANZ,Hardware,Direct,16,4075.99,0.3500,42390.30,43690.08
O-02452,2025-09-30,C-0744,US,US East,Hardware,Partner,3,2432.28,0.3500,4742.95,4798.53
O-02453,2025-09-30,C-0445,EU,DACH,Software,Direct,16,749.95,0.3500,7799.48,3648.64
O-02454,2025-09-30,C-0731,EU,DACH,Hardware,Partner,6,2756.22,0.3325,11038.19,11237.58
O-02455,2025-09-30,C-0124,US,US East,Support & CS,Partner,3,763.85,0.3476,1494.94,1206.39
O-02456,2025-09-30,C-0011,EU,DACH,Software,Online,57,183.54,0.2592,7749.80,3271.23
O-02457,2025-09-30,C-0365,APAC,ANZ,Software,Direct,60,818.13,0.3500,31907.07,14389.20
O-02458,2025-09-30,C-0395,US,US West,Hardware,Partner,5,1770.11,0.3472,5778.04,5788.40
O-02459,2025-09-30,C-0140,EU,Southern Europe,Support & CS,Direct,7,1596.99,0.3500,7266.30,6133.68
O-02460,2025-09-30,C-0147,APAC,Greater China,Hardware,Direct,17,1247.72,0.3500,13787.31,14279.32
O-02461,2025-09-30,C-0193,US,US West,Support & CS,Direct,5,947.21,0.3500,3078.43,2500.50
O-02462,2025-09-30,C-0042,APAC,ANZ,Hardware,Direct,8,1662.85,0.3500,8646.82,8951.92
O-02463,2025-09-30,C-0213,APAC,Southeast Asia,Hardware,Partner,11,969.95,0.3442,6996.85,6894.58
O-02464,2025-09-30,C-0455,US,US West,Services,Online,32,539.22,0.2309,13270.18,10562.24
O-02465,2025-09-30,C-0538,APAC,Greater China,Services,Online,15,224.30,0.2660,2469.42,2043.90
O-02466,2025-09-30,C-0546,EU,Southern Europe,Support & CS,Direct,12,790.66,0.3500,6167.15,5165.40
O-02467,2025-09-30,C-0535,EU,UK & Ireland,Software,Direct,67,170.24,0.3500,7413.95,3380.15
O-02468,2025-09-30,C-0662,EU,DACH,Services,Direct,37,541.17,0.3500,13015.14,12683.60
O-02469,2025-10-01,C-0523,US,US West,Software,Direct,103,613.55,0.3500,41077.17,18761.45
O-02470,2025-10-01,C-0594,EU,Benelux & Nordics,Services,Direct,29,397.01,0.3500,7483.64,7079.77
O-02471,2025-10-01,C-0340,EU,DACH,Software,Partner,53,859.50,0.3500,29609.78,13557.93
O-02472,2025-10-01,C-0535,EU,UK & Ireland,Software,Direct,119,799.46,0.3500,61838.23,28364.84
O-02473,2025-10-01,C-0719,APAC,Southeast Asia,Software,Online,7,323.31,0.2740,1642.98,677.60
O-02474,2025-10-01,C-0666,US,US East,Hardware,Partner,1,2919.10,0.3396,1927.69,1934.41
O-02475,2025-10-01,C-0797,US,US Central,Software,Partner,100,625.69,0.3358,41558.54,18359.00
O-02476,2025-10-01,C-0763,APAC,ANZ,Software,Direct,6,512.84,0.3500,2000.08,901.32
O-02477,2025-10-01,C-0577,US,US East,Services,Partner,27,333.09,0.3332,5997.19,5576.58
O-02478,2025-10-01,C-0534,EU,UK & Ireland,Software,Partner,45,647.19,0.3500,18930.31,8622.00
O-02479,2025-10-01,C-0063,EU,UK & Ireland,Services,Partner,22,375.71,0.3500,5372.65,5214.22
O-02480,2025-10-01,C-0090,APAC,Southeast Asia,Services,Direct,36,323.38,0.3500,7567.09,7092.00
O-02481,2025-10-01,C-0438,APAC,Southeast Asia,Services,Direct,37,433.53,0.3500,10426.40,9883.44
O-02482,2025-10-01,C-0465,EU,DACH,Support & CS,Direct,6,808.59,0.3500,3153.50,2743.20
O-02483,2025-10-01,C-0265,US,US Central,Services,Direct,3,472.83,0.3500,922.02,883.26
O-02484,2025-10-01,C-0452,APAC,Southeast Asia,Services,Direct,9,380.25,0.3500,2224.46,2179.44
O-02485,2025-10-01,C-0064,EU,UK & Ireland,Software,Online,100,167.67,0.2552,12488.47,4961.00
O-02486,2025-10-01,C-0249,EU,DACH,Software,Direct,102,733.52,0.3500,48632.38,23123.40
O-02487,2025-10-01,C-0764,APAC,Greater China,Support & CS,Partner,10,1631.51,0.3500,10604.82,9186.50
O-02488,2025-10-01,C-0273,EU,DACH,Hardware,Partner,18,3180.17,0.3500,37207.99,37935.00
O-02489,2025-10-01,C-0726,EU,DACH,Hardware,Partner,10,3108.36,0.3500,20204.34,20230.10
O-02490,2025-10-01,C-0669,EU,UK & Ireland,Hardware,Online,6,4124.39,0.2437,18715.37,16744.20
O-02491,2025-10-01,C-0655,EU,DACH,Software,Partner,20,733.58,0.3500,9536.54,4462.80
O-02492,2025-10-02,C-0327,EU,Benelux & Nordics,Support & CS,Partner,10,2395.71,0.3302,16046.31,13588.20
O-02493,2025-10-02,C-0601,EU,Southern Europe,Hardware,Direct,2,1729.54,0.3500,2248.40,2375.78
O-02494,2025-10-02,C-0560,EU,UK & Ireland,Software,Partner,55,193.94,0.3500,6933.36,3292.85
O-02495,2025-10-02,C-0722,US,US East,Software,Partner,119,546.34,0.3302,43549.92,19036.43
O-02496,2025-10-02,C-0565,EU,Southern Europe,Software,Direct,50,497.36,0.3500,16164.20,7555.00
O-02497,2025-10-02,C-0575,US,US West,Hardware,Online,1,450.09,0.2531,336.19,294.63
O-02498,2025-10-02,C-0034,US,US East,Support & CS,Online,2,2184.24,0.2404,3318.13,2357.78
O-02499,2025-10-02,C-0206,APAC,Japan,Services,Partner,27,482.97,0.3500,8476.12,8051.13
O-02500,2025-10-02,C-0089,US,US West,Hardware,Partner,11,3748.22,0.3478,26889.74,26314.64
O-02501,2025-10-02,C-0325,US,US East,Services,Online,19,205.96,0.2326,3003.13,2403.31
O-02502,2025-10-02,C-0407,EU,UK & Ireland,Hardware,Online,4,1911.64,0.2795,5509.02,5040.44
O-02503,2025-10-02,C-0761,US,US West,Services,Online,2,400.57,0.2468,603.44,479.88
O-02504,2025-10-02,C-0386,US,US East,Support & CS,Direct,9,924.52,0.3500,5408.44,4541.58
O-02505,2025-10-02,C-0348,EU,UK & Ireland,Services,Direct,41,296.06,0.3500,7890.00,7449.70
O-02506,2025-10-02,C-0116,US,US East,Services,Direct,45,409.80,0.3500,11986.65,11375.55
O-02507,2025-10-02,C-0057,EU,Southern Europe,Software,Partner,69,623.86,0.3452,28186.40,13103.79
O-02508,2025-10-02,C-0039,US,US West,Hardware,Direct,16,903.94,0.3500,9400.98,9223.36
O-02509,2025-10-02,C-0381,EU,DACH,Services,Partner,33,566.62,0.3466,12217.31,11519.64
O-02510,2025-10-02,C-0364,EU,DACH,Hardware,Partner,15,761.62,0.3500,7425.80,7826.25
O-02511,2025-10-02,C-0025,APAC,Japan,Software,Direct,11,140.71,0.3500,1006.08,476.96
O-02512,2025-10-02,C-0134,EU,UK & Ireland,Hardware,Direct,8,2702.16,0.3500,14051.23,14378.72
O-02513,2025-10-02,C-0093,US,US West,Services,Direct,13,261.58,0.3500,2210.35,2077.53
O-02514,2025-10-03,C-0466,US,US East,Software,Direct,34,855.86,0.3500,18914.51,8802.94
O-02515,2025-10-03,C-0026,EU,Southern Europe,Hardware,Direct,2,1656.25,0.3500,2153.12,2248.46
O-02516,2025-10-03,C-0277,EU,UK & Ireland,Software,Partner,100,851.29,0.3500,55333.85,25342.00
O-02517,2025-10-03,C-0651,US,US Central,Hardware,Partner,7,3856.91,0.3500,17548.94,17777.20
O-02518,2025-10-03,C-0219,EU,Benelux & Nordics,Software,Online,120,462.37,0.2548,41347.08,16854.00
O-02519,2025-10-03,C-0022,APAC,Southeast Asia,Hardware,Online,14,394.42,0.2685,4039.25,3586.38
O-02520,2025-10-03,C-0065,EU,DACH,Services,Partner,1,582.83,0.3425,383.21,357.02
O-02521,2025-10-03,C-0681,EU,DACH,Services,Direct,8,131.28,0.3500,682.66,651.84
O-02522,2025-10-03,C-0696,APAC,Greater China,Hardware,Direct,13,2257.13,0.3500,19072.75,19328.27
O-02523,2025-10-03,C-0032,EU,Southern Europe,Support & CS,Partner,7,1478.06,0.3500,6725.17,5917.59
O-02524,2025-10-03,C-0693,EU,Southern Europe,Support & CS,Partner,6,1871.61,0.3500,7299.28,6290.22
O-02525,2025-10-03,C-0242,APAC,Japan,Support & CS,Direct,11,2167.03,0.3500,15494.26,13470.38
O-02526,2025-10-03,C-0505,APAC,Greater China,Software,Online,52,834.28,0.2631,31968.85,13191.88
O-02527,2025-10-03,C-0227,US,US East,Hardware,Direct,9,4092.44,0.3500,23940.77,24544.44
O-02528,2025-10-03,C-0620,EU,Southern Europe,Software,Partner,27,217.44,0.3500,3816.07,1777.68
O-02529,2025-10-03,C-0372,US,US East,Hardware,Direct,4,4035.39,0.3500,10492.01,10586.56
O-02530,2025-10-03,C-0255,EU,UK & Ireland,Hardware,Partner,12,2571.94,0.3500,20061.13,20074.68
O-02531,2025-10-03,C-0719,APAC,Southeast Asia,Hardware,Direct,16,3897.35,0.3500,40532.44,40374.08
O-02532,2025-10-03,C-0388,US,US East,Support & CS,Partner,5,370.64,0.3500,1204.58,1010.35
O-02533,2025-10-03,C-0051,APAC,Japan,Services,Direct,2,137.06,0.3500,178.18,171.40
O-02534,2025-10-03,C-0746,US,US West,Software,Partner,95,475.25,0.3500,29346.69,13274.35
O-02535,2025-10-03,C-0478,EU,UK & Ireland,Software,Direct,57,630.70,0.3500,23367.44,11131.53
O-02536,2025-10-03,C-0658,US,US East,Hardware,Partner,2,2668.73,0.3333,3558.36,3444.74
O-02537,2025-10-03,C-0325,US,US East,Software,Partner,103,522.89,0.3321,35972.74,16324.47
O-02538,2025-10-03,C-0719,APAC,Southeast Asia,Hardware,Partner,7,1691.88,0.3500,7698.05,7861.91
O-02539,2025-10-04,C-0209,EU,UK & Ireland,Services,Partner,13,414.37,0.3500,3501.43,3361.54
O-02540,2025-10-04,C-0096,US,US East,Software,Online,21,331.67,0.2696,5087.54,2103.36
O-02541,2025-10-04,C-0319,APAC,Japan,Hardware,Partner,9,1146.66,0.3302,6912.50,6874.74
O-02542,2025-10-04,C-0124,US,US East,Hardware,Partner,4,4175.13,0.3500,10855.34,11003.08
O-02543,2025-10-04,C-0663,EU,DACH,Software,Partner,57,589.90,0.3500,21855.79,10199.01
O-02544,2025-10-04,C-0045,US,US East,Hardware,Partner,4,2986.34,0.3500,7764.48,7781.64
O-02545,2025-10-04,C-0623,EU,UK & Ireland,Software,Online,21,568.57,0.2539,8908.99,3730.65
O-02546,2025-10-04,C-0678,APAC,Greater China,Software,Partner,56,508.45,0.3500,18507.58,8641.92
O-02547,2025-10-04,C-0065,EU,DACH,Services,Partner,40,278.10,0.3500,7230.60,6854.80
O-02548,2025-10-04,C-0234,APAC,Japan,Software,Partner,66,243.65,0.3500,10452.59,4895.22
O-02549,2025-10-04,C-0583,EU,Benelux & Nordics,Hardware,Online,11,1720.66,0.2679,13856.71,12785.41
O-02550,2025-10-04,C-0281,US,US Central,Software,Partner,62,152.39,0.3500,6141.32,2783.80
O-02551,2025-10-04,C-0222,US,US Central,Services,Partner,31,635.99,0.3500,12815.20,12094.34
O-02552,2025-10-04,C-0150,US,US Central,Hardware,Partner,8,1171.61,0.3500,6092.37,6198.24
O-02553,2025-10-04,C-0045,US,US East,Hardware,Direct,15,843.14,0.3500,8220.61,8080.95
O-02554,2025-10-04,C-0379,APAC,Greater China,Hardware,Partner,18,3021.57,0.3467,35530.83,35422.38
O-02555,2025-10-04,C-0666,US,US East,Software,Partner,88,428.67,0.3500,24519.92,10911.12
O-02556,2025-10-04,C-0374,APAC,ANZ,Hardware,Direct,9,3335.90,0.3500,19515.02,19772.28
O-02557,2025-10-04,C-0171,EU,Southern Europe,Hardware,Partner,1,2677.45,0.3500,1740.34,1838.97
O-02558,2025-10-04,C-0443,US,US West,Services,Online,34,172.65,0.2678,4298.11,3643.44
O-02559,2025-10-04,C-0305,EU,UK & Ireland,Support & CS,Direct,6,1254.23,0.3500,4891.50,4289.88
O-02560,2025-10-04,C-0040,EU,Southern Europe,Support & CS,Direct,6,2345.38,0.3500,9146.98,7748.58
O-02561,2025-10-04,C-0663,EU,DACH,Hardware,Partner,18,1511.15,0.3500,17680.46,18270.36
O-02562,2025-10-04,C-0053,APAC,Japan,Software,Direct,8,801.10,0.3500,4165.72,1933.52
O-02563,2025-10-04,C-0004,EU,Southern Europe,Software,Online,20,116.76,0.2329,1791.34,698.00
O-02564,2025-10-04,C-0380,US,US West,Software,Partner,67,824.22,0.3500,35894.78,16778.81
O-02565,2025-10-04,C-0748,APAC,Southeast Asia,Software,Partner,66,166.57,0.3350,7310.80,3303.96
O-02566,2025-10-04,C-0632,APAC,Southeast Asia,Software,Online,42,262.79,0.2609,8158.00,3284.82
O-02567,2025-10-04,C-0339,EU,DACH,Services,Partner,37,494.30,0.3500,11887.92,11645.75
O-02568,2025-10-04,C-0751,US,US West,Hardware,Partner,15,2106.61,0.3500,20539.45,19993.65
O-02569,2025-10-04,C-0373,US,US West,Software,Partner,77,625.17,0.3500,31289.76,14308.14
O-02570,2025-10-04,C-0581,APAC,Southeast Asia,Hardware,Partner,17,578.65,0.3500,6394.08,6353.07
O-02571,2025-10-05,C-0641,APAC,Greater China,Software,Partner,31,668.92,0.3322,13848.10,6069.80
O-02572,2025-10-05,C-0535,EU,UK & Ireland,Software,Partner,82,886.20,0.3500,47234.46,22289.24
O-02573,2025-10-05,C-0051,APAC,Japan,Services,Partner,10,582.81,0.3500,3788.26,3523.30
O-02574,2025-10-05,C-0076,APAC,Southeast Asia,Services,Partner,44,644.58,0.3500,18434.99,17903.60
O-02575,2025-10-05,C-0643,EU,DACH,Services,Partner,39,499.88,0.3425,12817.42,12613.77
O-02576,2025-10-05,C-0044,US,US West,Software,Partner,17,109.19,0.3369,1230.87,561.00
O-02577,2025-10-05,C-0105,APAC,Greater China,Services,Direct,23,583.37,0.3500,8721.38,8610.28
O-02578,2025-10-05,C-0222,US,US Central,Support & CS,Partner,2,2386.04,0.3500,3101.85,2521.40
O-02579,2025-10-05,C-0692,US,US East,Software,Online,101,435.66,0.2741,31940.35,13200.70
O-02580,2025-10-05,C-0682,APAC,Southeast Asia,Services,Partner,37,371.72,0.3373,9114.15,8431.56
O-02581,2025-10-05,C-0353,APAC,Japan,Services,Partner,1,313.60,0.3500,203.84,190.73
O-02582,2025-10-05,C-0339,EU,DACH,Software,Partner,32,497.53,0.3500,10348.62,4859.84
O-02583,2025-10-05,C-0482,APAC,Greater China,Hardware,Direct,17,1160.59,0.3500,12824.52,13007.38
O-02584,2025-10-05,C-0744,US,US East,Support & CS,Online,3,498.55,0.2586,1108.82,793.41
O-02585,2025-10-05,C-0780,EU,DACH,Services,Partner,8,424.85,0.3500,2209.22,2184.08
O-02586,2025-10-05,C-0348,EU,UK & Ireland,Services,Partner,23,620.60,0.3454,9344.20,8951.83
O-02587,2025-10-05,C-0259,EU,Southern Europe,Services,Partner,25,148.92,0.3500,2419.95,2283.50
O-02588,2025-10-05,C-0428,US,US East,Hardware,Partner,7,636.30,0.3500,2895.16,2844.17
O-02589,2025-10-05,C-0072,APAC,ANZ,Hardware,Partner,9,2023.39,0.3479,11875.78,11969.55
O-02590,2025-10-05,C-0199,APAC,ANZ,Software,Direct,26,291.99,0.3500,4934.63,2280.98
O-02591,2025-10-05,C-0474,APAC,Southeast Asia,Support & CS,Partner,9,2350.25,0.3500,13748.96,11646.99
O-02592,2025-10-05,C-0576,EU,Benelux & Nordics,Support & CS,Direct,7,861.63,0.3500,3920.42,3334.31
O-02593,2025-10-05,C-0546,EU,Southern Europe,Software,Online,11,329.15,0.2732,2631.42,1106.38
O-02594,2025-10-06,C-0068,EU,UK & Ireland,Hardware,Direct,10,470.53,0.3500,3058.44,3234.80
O-02595,2025-10-06,C-0761,US,US West,Software,Partner,63,773.52,0.3427,32032.57,14675.22
O-02596,2025-10-06,C-0007,EU,Southern Europe,Hardware,Partner,4,3781.90,0.3321,10103.33,10322.16
O-02597,2025-10-06,C-0373,US,US West,Software,Direct,39,194.78,0.3500,4937.67,2299.44
O-02598,2025-10-06,C-0153,EU,DACH,Services,Partner,33,462.17,0.3500,9913.55,9460.11
O-02599,2025-10-06,C-0614,US,US West,Software,Direct,30,268.16,0.3500,5229.12,2440.20
O-02600,2025-10-06,C-0472,EU,Southern Europe,Services,Partner,1,263.61,0.3310,176.34,162.57
O-02601,2025-10-06,C-0079,EU,DACH,Support & CS,Partner,5,588.87,0.3500,1913.83,1631.05
O-02602,2025-10-06,C-0689,APAC,Japan,Hardware,Direct,8,1867.34,0.3500,9710.17,9865.28
O-02603,2025-10-06,C-0628,APAC,ANZ,Services,Partner,18,212.42,0.3495,2487.07,2350.80
O-02604,2025-10-06,C-0691,US,US East,Hardware,Direct,2,3623.80,0.3500,4710.94,4629.04
O-02605,2025-10-06,C-0725,EU,Southern Europe,Software,Partner,58,452.49,0.3340,17478.11,8037.64
O-02606,2025-10-06,C-0055,EU,UK & Ireland,Hardware,Direct,12,1931.60,0.3500,15066.48,15114.96
O-02607,2025-10-06,C-0501,US,US West,Software,Partner,10,685.94,0.3500,4458.61,1979.40
O-02608,2025-10-06,C-0687,APAC,ANZ,Hardware,Partner,7,3109.61,0.3495,14159.58,14316.89
O-02609,2025-10-06,C-0675,APAC,Japan,Support & CS,Partner,2,1719.58,0.3481,2241.92,1869.86
O-02610,2025-10-06,C-0766,EU,DACH,Support & CS,Direct,2,551.68,0.3500,717.18,608.56
O-02611,2025-10-06,C-0731,EU,DACH,Hardware,Partner,10,1910.66,0.3500,12419.29,13003.90
O-02612,2025-10-06,C-0029,US,US West,Hardware,Partner,3,673.74,0.3500,1313.79,1322.07
O-02613,2025-10-06,C-0370,EU,UK & Ireland,Software,Direct,116,427.37,0.3500,32223.70,14667.04
O-02614,2025-10-06,C-0052,EU,Benelux & Nordics,Software,Direct,24,651.80,0.3500,10168.08,4898.40
O-02615,2025-10-06,C-0754,EU,DACH,Software,Direct,17,363.34,0.3500,4014.91,1849.60
O-02616,2025-10-06,C-0469,EU,UK & Ireland,Software,Partner,43,174.55,0.3431,4930.74,2298.35
O-02617,2025-10-06,C-0383,EU,DACH,Software,Direct,68,787.11,0.3500,34790.26,16666.12
O-02618,2025-10-06,C-0566,US,US West,Services,Partner,40,241.55,0.3312,6461.52,5808.00
O-02619,2025-10-06,C-0639,EU,UK & Ireland,Hardware,Partner,11,578.11,0.3500,4133.49,4169.55
O-02620,2025-10-07,C-0172,EU,DACH,Services,Partner,34,645.72,0.3442,14397.83,13478.28
O-02621,2025-10-07,C-0519,US,US East,Hardware,Partner,11,2613.08,0.3354,19103.17,18139.55
O-02622,2025-10-07,C-0625,EU,DACH,Services,Online,23,187.55,0.2648,3171.20,2672.37
O-02623,2025-10-07,C-0397,US,US East,Software,Partner,57,654.12,0.3366,24734.13,10916.07
O-02624,2025-10-07,C-0666,US,US East,Software,Online,23,562.99,0.2570,9620.80,3902.64
O-02625,2025-10-07,C-0625,EU,DACH,Support & CS,Partner,12,1894.41,0.3500,14776.40,12615.60
O-02626,2025-10-07,C-0443,US,US West,Software,Direct,38,287.85,0.3500,7109.90,3211.38
O-02627,2025-10-07,C-0191,US,US East,Support & CS,Direct,3,1018.84,0.3500,1986.74,1675.41
O-02628,2025-10-07,C-0250,EU,Benelux & Nordics,Hardware,Online,13,3593.42,0.2448,35277.50,31764.59
O-02629,2025-10-07,C-0014,US,US West,Hardware,Direct,3,3842.24,0.3500,7492.37,7285.68
O-02630,2025-10-07,C-0039,US,US West,Hardware,Direct,12,2232.31,0.3500,17412.02,17144.52
O-02631,2025-10-07,C-0734,US,US West,Hardware,Online,6,862.66,0.2697,3780.21,3375.54
O-02632,2025-10-07,C-0533,APAC,Japan,Services,Direct,44,285.16,0.3500,8155.58,7692.52
O-02633,2025-10-07,C-0397,US,US East,Software,Partner,119,195.81,0.3500,15145.90,6786.57
O-02634,2025-10-07,C-0538,APAC,Greater China,Support & CS,Partner,10,1068.91,0.3500,6947.92,5868.40
O-02635,2025-10-07,C-0639,EU,UK & Ireland,Hardware,Partner,9,507.19,0.3318,3050.18,3049.65
O-02636,2025-10-07,C-0604,EU,Southern Europe,Software,Partner,35,195.31,0.3500,4443.30,2102.10
O-02637,2025-10-07,C-0486,EU,UK & Ireland,Software,Partner,78,462.59,0.3500,23453.31,11058.84
O-02638,2025-10-07,C-0575,US,US West,Support & CS,Direct,3,354.28,0.3500,690.85,580.83
O-02639,2025-10-07,C-0501,US,US West,Services,Direct,8,210.44,0.3500,1094.29,1046.16
O-02640,2025-10-07,C-0681,EU,DACH,Software,Direct,78,231.65,0.3500,11744.66,5389.02
O-02641,2025-10-07,C-0650,EU,DACH,Hardware,Direct,4,4168.76,0.3500,10838.78,10941.68
O-02642,2025-10-07,C-0559,EU,DACH,Services,Direct,37,193.19,0.3500,4646.22,4623.52
O-02643,2025-10-07,C-0677,US,US East,Software,Partner,27,550.31,0.3468,9705.78,4369.68
O-02644,2025-10-07,C-0366,US,US West,Services,Direct,15,146.50,0.3500,1428.38,1379.40
O-02645,2025-10-07,C-0055,EU,UK & Ireland,Software,Partner,115,80.51,0.3500,6018.12,2849.70
O-02646,2025-10-07,C-0326,EU,Benelux & Nordics,Hardware,Partner,11,2594.81,0.3500,18552.89,18604.74
O-02647,2025-10-07,C-0186,APAC,ANZ,Software,Partner,96,341.53,0.3500,21311.47,9979.20
O-02648,2025-10-07,C-0472,EU,Southern Europe,Support & CS,Partner,9,1073.54,0.3500,6280.21,5293.08
O-02649,2025-10-08,C-0057,EU,Southern Europe,Software,Partner,90,326.23,0.3472,19166.89,8872.20
O-02650,2025-10-08,C-0688,US,US East,Software,Direct,70,890.99,0.3500,40540.05,18834.20
O-02651,2025-10-08,C-0022,APAC,Southeast Asia,Software,Online,14,596.65,0.2638,6149.71,2512.72
O-02652,2025-10-08,C-0207,APAC,Japan,Hardware,Partner,9,2130.40,0.3500,12462.84,12820.77
O-02653,2025-10-08,C-0636,APAC,Japan,Software,Direct,74,600.29,0.3500,28873.95,13100.22
O-02654,2025-10-08,C-0161,APAC,ANZ,Software,Online,34,403.95,0.2383,10460.98,4033.42
O-02655,2025-10-08,C-0279,US,US East,Hardware,Direct,11,1351.88,0.3500,9665.94,9802.87
O-02656,2025-10-08,C-0025,APAC,Japan,Hardware,Online,1,2941.09,0.2384,2239.95,1997.62
O-02657,2025-10-08,C-0056,US,US East,Hardware,Online,15,675.07,0.2554,7539.67,6546.90
O-02658,2025-10-08,C-0696,APAC,Greater China,Services,Online,31,130.06,0.2329,3092.92,2476.90
O-02659,2025-10-08,C-0338,EU,UK & Ireland,Services,Online,5,258.38,0.2480,971.48,803.15
O-02660,2025-10-08,C-0530,APAC,Greater China,Hardware,Direct,18,2005.49,0.3500,23464.23,24479.64
O-02661,2025-10-08,C-0017,US,US Central,Software,Partner,72,180.60,0.3500,8452.08,3736.08
O-02662,2025-10-08,C-0086,EU,UK & Ireland,Support & CS,Direct,8,592.57,0.3500,3081.36,2593.36
O-02663,2025-10-08,C-0614,US,US West,Hardware,Direct,10,393.69,0.3500,2558.99,2570.50
O-02664,2025-10-08,C-0740,APAC,ANZ,Software,Online,28,331.41,0.2738,6738.55,2715.44
O-02665,2025-10-08,C-0620,EU,Southern Europe,Hardware,Partner,2,2761.96,0.3500,3590.55,3715.48
O-02666,2025-10-08,C-0581,APAC,Southeast Asia,Hardware,Direct,3,850.13,0.3500,1657.75,1699.56
O-02667,2025-10-08,C-0052,EU,Benelux & Nordics,Software,Partner,97,264.29,0.3303,17168.14,8037.42
O-02668,2025-10-08,C-0120,EU,Benelux & Nordics,Software,Direct,20,870.45,0.3500,11315.85,5440.20
O-02669,2025-10-08,C-0107,US,US Central,Software,Partner,77,890.98,0.3500,44593.55,20466.60
O-02670,2025-10-08,C-0103,US,US East,Hardware,Partner,16,957.20,0.3500,9954.88,10237.12
O-02671,2025-10-08,C-0469,EU,UK & Ireland,Hardware,Direct,17,2779.82,0.3500,30717.01,31555.06
O-02672,2025-10-08,C-0005,EU,DACH,Software,Partner,117,203.33,0.3371,15770.55,7135.83
O-02673,2025-10-08,C-0310,US,US Central,Software,Partner,117,134.88,0.3500,10257.62,4622.67
O-02674,2025-10-09,C-0184,US,US West,Hardware,Partner,2,441.25,0.3346,587.22,588.80
O-02675,2025-10-09,C-0600,EU,Benelux & Nordics,Services,Partner,21,184.03,0.3500,2512.01,2438.73
O-02676,2025-10-09,C-0569,EU,UK & Ireland,Services,Partner,32,338.36,0.3500,7037.89,6675.84
O-02677,2025-10-09,C-0657,US,US Central,Hardware,Partner,10,2864.28,0.3384,18950.96,18129.30
O-02678,2025-10-09,C-0258,EU,UK & Ireland,Support & CS,Direct,7,2193.97,0.3500,9982.56,8541.26
O-02679,2025-10-09,C-0107,US,US Central,Hardware,Online,8,793.47,0.2748,4603.69,4145.28
O-02680,2025-10-09,C-0574,EU,Southern Europe,Software,Online,47,368.11,0.2556,12878.49,5424.27
O-02681,2025-10-09,C-0764,APAC,Greater China,Services,Direct,33,279.30,0.3500,5990.98,5912.28
O-02682,2025-10-09,C-0518,APAC,Southeast Asia,Software,Partner,16,93.96,0.3500,977.18,448.64
O-02683,2025-10-09,C-0222,US,US Central,Services,Online,14,235.79,0.2348,2525.83,1986.46
O-02684,2025-10-09,C-0636,APAC,Japan,Support & CS,Direct,1,1744.85,0.3500,1134.15,956.19
O-02685,2025-10-09,C-0023,US,US East,Software,Online,38,850.87,0.2744,23460.70,9713.94
O-02686,2025-10-09,C-0179,EU,DACH,Software,Online,21,782.41,0.2566,12215.30,5136.81
O-02687,2025-10-09,C-0270,APAC,Japan,Hardware,Direct,14,2581.29,0.3500,23489.74,23606.38
O-02688,2025-10-09,C-0032,EU,Southern Europe,Software,Partner,40,328.35,0.3406,8660.55,4066.00
O-02689,2025-10-09,C-0314,EU,DACH,Software,Partner,77,771.17,0.3500,38597.06,18035.71
O-02690,2025-10-09,C-0378,EU,Benelux & Nordics,Hardware,Partner,12,1011.55,0.3500,7890.09,8352.36
O-02691,2025-10-09,C-0096,US,US East,Support & CS,Direct,9,449.18,0.3500,2627.70,2131.56
O-02692,2025-10-09,C-0474,APAC,Southeast Asia,Software,Online,89,319.80,0.2730,20691.72,8546.67
O-02693,2025-10-09,C-0390,EU,Benelux & Nordics,Hardware,Direct,5,2194.95,0.3500,7133.59,7402.40
O-02694,2025-10-09,C-0570,EU,Southern Europe,Software,Online,112,696.75,0.2624,57557.90,23499.84
O-02695,2025-10-09,C-0023,US,US East,Hardware,Online,1,1254.27,0.2764,907.60,795.61
O-02696,2025-10-09,C-0785,US,US East,Hardware,Partner,1,2781.43,0.3500,1807.93,1770.26
O-02697,2025-10-09,C-0076,APAC,Southeast Asia,Services,Partner,13,628.30,0.3475,5329.49,4975.23
O-02698,2025-10-09,C-0352,US,US West,Hardware,Direct,14,4079.18,0.3500,37120.54,37606.10
O-02699,2025-10-09,C-0667,US,US West,Software,Online,119,636.01,0.2391,57587.62,22377.95
O-02700,2025-10-09,C-0285,US,US West,Services,Partner,24,256.18,0.3500,3996.41,3831.12
O-02701,2025-10-09,C-0365,APAC,ANZ,Hardware,Partner,17,4073.19,0.3439,45434.52,46028.01
O-02702,2025-10-09,C-0272,EU,UK & Ireland,Software,Direct,16,262.48,0.3500,2729.79,1249.44
O-02703,2025-10-09,C-0606,US,US West,Support & CS,Partner,5,565.67,0.3500,1838.43,1499.15
O-02704,2025-10-09,C-0712,EU,Southern Europe,Support & CS,Direct,3,2392.24,0.3500,4664.87,4036.08
O-02705,2025-10-10,C-0432,APAC,ANZ,Software,Partner,73,374.75,0.3500,17781.89,8157.02
O-02706,2025-10-10,C-0601,EU,Southern Europe,Hardware,Direct,4,3138.58,0.3500,8160.31,8536.52
O-02707,2025-10-10,C-0363,EU,DACH,Services,Direct,5,402.03,0.3500,1306.60,1294.05
O-02708,2025-10-10,C-0759,EU,UK & Ireland,Hardware,Online,6,2410.57,0.2788,10431.18,9454.74
O-02709,2025-10-10,C-0556,US,US West,Software,Partner,90,851.52,0.3500,49813.92,22896.00
O-02710,2025-10-10,C-0382,EU,DACH,Software,Partner,78,529.20,0.3500,26830.44,12806.04
O-02711,2025-10-10,C-0114,US,US Central,Support & CS,Partner,9,353.91,0.3500,2070.37,1698.75
O-02712,2025-10-10,C-0625,EU,DACH,Hardware,Online,10,2748.19,0.2485,20651.43,18509.70
O-02713,2025-10-10,C-0385,US,US West,Services,Partner,12,129.53,0.3500,1010.33,943.44
O-02714,2025-10-10,C-0464,US,US East,Support & CS,Online,8,1498.99,0.2652,8812.10,6329.28
O-02715,2025-10-10,C-0485,EU,UK & Ireland,Services,Partner,45,130.00,0.3463,3824.02,3754.35
O-02716,2025-10-10,C-0382,EU,DACH,Software,Direct,63,73.78,0.3500,3021.29,1411.83
O-02717,2025-10-10,C-0583,EU,Benelux & Nordics,Hardware,Partner,5,467.34,0.3397,1542.98,1543.85
O-02718,2025-10-10,C-0771,EU,UK & Ireland,Services,Partner,34,326.88,0.3500,7224.05,6827.54
O-02719,2025-10-10,C-0591,EU,DACH,Hardware,Partner,4,1835.61,0.3422,4830.20,4925.48
O-02720,2025-10-10,C-0666,US,US East,Services,Direct,33,163.41,0.3500,3505.14,3363.36
O-02721,2025-10-10,C-0637,APAC,Greater China,Hardware,Partner,5,3929.33,0.3500,12770.32,12947.65
O-02722,2025-10-10,C-0627,US,US Central,Services,Online,28,290.28,0.2734,5906.07,5108.88
O-02723,2025-10-10,C-0314,EU,DACH,Software,Partner,29,174.24,0.3500,3284.42,1512.64
O-02724,2025-10-10,C-0691,US,US East,Software,Partner,54,443.93,0.3500,15581.94,7274.88
O-02725,2025-10-10,C-0002,APAC,Japan,Services,Partner,5,126.35,0.3446,414.04,386.55
O-02726,2025-10-10,C-0185,APAC,ANZ,Software,Online,35,750.97,0.2569,19532.45,8034.60
O-02727,2025-10-10,C-0169,EU,Benelux & Nordics,Services,Direct,40,202.16,0.3500,5256.16,5226.80
O-02728,2025-10-10,C-0158,US,US West,Support & CS,Online,1,1879.96,0.2698,1372.76,1005.35
O-02729,2025-10-10,C-0612,EU,UK & Ireland,Services,Direct,7,549.70,0.3500,2501.14,2476.60
O-02730,2025-10-10,C-0029,US,US West,Hardware,Direct,2,4033.89,0.3500,5244.06,5113.60
O-02731,2025-10-10,C-0616,US,US Central,Hardware,Online,3,2983.20,0.2552,6665.53,5923.23
O-02732,2025-10-10,C-0311,EU,DACH,Software,Partner,51,528.03,0.3500,17504.19,8392.56
O-02733,2025-10-10,C-0530,APAC,Greater China,Software,Partner,60,308.62,0.3500,12036.18,5627.40
O-02734,2025-10-11,C-0328,US,US Central,Software,Partner,11,599.50,0.3500,4286.43,1903.77
O-02735,2025-10-11,C-0379,APAC,Greater China,Services,Partner,1,291.37,0.3500,189.39,176.67
O-02736,2025-10-11,C-0682,APAC,Southeast Asia,Software,Partner,100,324.89,0.3454,21267.27,9833.00
O-02737,2025-10-11,C-0194,US,US West,Software,Partner,10,808.70,0.3500,5256.55,2319.40
O-02738,2025-10-11,C-0317,US,US East,Hardware,Partner,16,3326.06,0.3444,34890.89,34101.76
O-02739,2025-10-11,C-0105,APAC,Greater China,Support & CS,Direct,11,1257.86,0.3500,8993.70,7734.10
O-02740,2025-10-11,C-0159,EU,Southern Europe,Software,Partner,100,225.17,0.3389,14885.23,6844.00
O-02741,2025-10-11,C-0369,EU,Southern Europe,Hardware,Partner,1,3109.77,0.3459,2033.96,2059.71
O-02742,2025-10-11,C-0651,US,US Central,Services,Partner,31,178.34,0.3500,3593.55,3448.75
O-02743,2025-10-11,C-0771,EU,UK & Ireland,Services,Online,1,494.55,0.2597,366.14,304.08
O-02744,2025-10-11,C-0295,US,US East,Hardware,Partner,6,3166.10,0.3451,12440.90,12659.64
O-02745,2025-10-11,C-0781,APAC,Greater China,Hardware,Partner,7,1175.39,0.3380,5446.68,5354.72
O-02746,2025-10-11,C-0010,APAC,Southeast Asia,Services,Direct,2,318.57,0.3500,414.14,402.00
O-02747,2025-10-11,C-0085,US,US East,Hardware,Partner,14,519.78,0.3500,4730.00,4804.94
O-02748,2025-10-11,C-0425,EU,Benelux & Nordics,Support & CS,Direct,3,1803.55,0.3500,3516.92,3065.13
O-02749,2025-10-11,C-0777,EU,UK & Ireland,Hardware,Partner,1,376.67,0.3424,247.71,244.77
O-02750,2025-10-11,C-0568,APAC,ANZ,Software,Direct,59,674.77,0.3500,25877.43,12153.41
O-02751,2025-10-12,C-0165,EU,Benelux & Nordics,Hardware,Partner,7,3428.32,0.3500,15598.86,15993.53
O-02752,2025-10-12,C-0743,US,US Central,Software,Direct,81,808.67,0.3500,42576.48,19576.89
O-02753,2025-10-12,C-0012,US,US East,Software,Direct,110,295.02,0.3500,21093.93,9831.80
O-02754,2025-10-12,C-0391,EU,DACH,Software,Partner,87,123.75,0.3500,6998.06,3238.14
O-02755,2025-10-12,C-0474,APAC,Southeast Asia,Support & CS,Direct,11,1674.46,0.3500,11972.39,9938.50
O-02756,2025-10-12,C-0752,EU,Benelux & Nordics,Services,Partner,26,610.62,0.3500,10319.48,10272.86
O-02757,2025-10-12,C-0514,EU,UK & Ireland,Hardware,Partner,10,3142.60,0.3500,20426.90,20675.90
O-02758,2025-10-12,C-0077,EU,UK & Ireland,Services,Direct,6,594.33,0.3500,2317.89,2306.46
O-02759,2025-10-12,C-0716,APAC,Southeast Asia,Hardware,Partner,10,3586.66,0.3500,23313.29,24030.10
O-02760,2025-10-12,C-0206,APAC,Japan,Software,Partner,118,227.35,0.3500,17437.74,7972.08
O-02761,2025-10-12,C-0360,EU,DACH,Software,Partner,25,393.28,0.3306,6581.68,2990.50
O-02762,2025-10-12,C-0359,EU,DACH,Services,Online,6,519.97,0.2786,2250.59,1944.24
O-02763,2025-10-12,C-0388,US,US East,Software,Partner,59,144.14,0.3500,5527.77,2532.28
O-02764,2025-10-12,C-0721,APAC,Southeast Asia,Software,Partner,101,895.15,0.3424,59452.43,27522.50
O-02765,2025-10-12,C-0216,APAC,Japan,Hardware,Partner,11,1980.82,0.3482,14201.88,14674.88
O-02766,2025-10-12,C-0376,EU,DACH,Hardware,Online,3,3427.24,0.2768,7435.34,6953.73
O-02767,2025-10-12,C-0267,US,US East,Hardware,Partner,10,2172.22,0.3500,14119.43,14259.20
O-02768,2025-10-12,C-0497,US,US Central,Software,Online,47,738.03,0.2367,26476.92,10307.10
O-02769,2025-10-12,C-0268,EU,UK & Ireland,Software,Direct,54,884.74,0.3500,31054.37,14821.92
O-02770,2025-10-12,C-0499,US,US West,Software,Partner,63,345.75,0.3460,14245.56,6296.85
O-02771,2025-10-12,C-0633,US,US Central,Hardware,Online,8,1187.10,0.2465,7155.86,6184.08
O-02772,2025-10-12,C-0040,EU,Southern Europe,Hardware,Partner,17,2043.97,0.3500,22585.87,22744.47
O-02773,2025-10-12,C-0443,US,US West,Software,Partner,119,829.02,0.3500,64124.70,28344.61
O-02774,2025-10-12,C-0403,EU,DACH,Support & CS,Partner,2,2254.57,0.3500,2930.94,2515.36
O-02775,2025-10-12,C-0382,EU,DACH,Software,Online,21,185.54,0.2772,2816.34,1200.57
O-02776,2025-10-12,C-0217,EU,UK & Ireland,Services,Partner,30,618.21,0.3490,12073.48,11584.50
O-02777,2025-10-12,C-0649,EU,DACH,Hardware,Partner,17,3663.85,0.3310,41669.07,40767.53
O-02778,2025-10-12,C-0056,US,US East,Hardware,Partner,4,1844.53,0.3417,4856.70,4760.64
O-02779,2025-10-12,C-0624,US,US West,Software,Direct,24,794.38,0.3500,12392.33,5610.48
O-02780,2025-10-12,C-0625,EU,DACH,Hardware,Online,15,2837.74,0.2405,32330.58,27979.05
O-02781,2025-10-12,C-0078,EU,UK & Ireland,Services,Direct,30,205.87,0.3500,4014.47,3867.90
O-02782,2025-10-12,C-0029,US,US West,Hardware,Direct,7,695.14,0.3500,3162.89,3154.41
O-02783,2025-10-12,C-0227,US,US East,Services,Partner,29,502.01,0.3404,9602.41,8710.44
O-02784,2025-10-12,C-0584,EU,DACH,Hardware,Online,9,4145.18,0.2550,27791.63,25029.45
O-02785,2025-10-13,C-0186,APAC,ANZ,Software,Online,40,429.16,0.2427,12999.85,5203.60
O-02786,2025-10-13,C-0684,US,US East,Software,Direct,46,392.25,0.3500,11728.27,5439.50
O-02787,2025-10-13,C-0564,EU,DACH,Services,Online,33,596.25,0.2382,14989.19,12168.75
O-02788,2025-10-13,C-0275,EU,UK & Ireland,Support & CS,Partner,11,1594.18,0.3419,11540.88,9526.22
O-02789,2025-10-13,C-0017,US,US Central,Hardware,Partner,6,521.69,0.3305,2095.59,2061.12
O-02790,2025-10-13,C-0003,US,US West,Hardware,Partner,13,1900.99,0.3500,16063.37,15789.80
O-02791,2025-10-13,C-0548,US,US Central,Hardware,Direct,17,2827.77,0.3500,31246.86,31784.39
O-02792,2025-10-13,C-0729,US,US East,Hardware,Partner,9,1291.91,0.3500,7557.67,7498.89
O-02793,2025-10-13,C-0690,US,US Central,Hardware,Online,14,1757.01,0.2471,18519.99,15684.48
O-02794,2025-10-13,C-0777,EU,UK & Ireland,Hardware,Partner,15,1762.33,0.3438,17346.16,17188.65
O-02795,2025-10-13,C-0398,EU,DACH,Software,Direct,71,421.81,0.3500,19466.53,9234.97
O-02796,2025-10-13,C-0382,EU,DACH,Services,Partner,12,513.00,0.3500,4001.40,3815.16
O-02797,2025-10-13,C-0344,EU,UK & Ireland,Support & CS,Partner,1,715.92,0.3500,465.35,397.00
O-02798,2025-10-13,C-0726,EU,DACH,Software,Online,33,505.47,0.2761,12074.91,5043.06
O-02799,2025-10-13,C-0387,US,US Central,Hardware,Partner,12,1882.85,0.3322,15089.27,14443.20
O-02800,2025-10-13,C-0378,EU,Benelux & Nordics,Hardware,Partner,1,3252.56,0.3500,2114.16,2217.63
O-02801,2025-10-13,C-0384,US,US West,Hardware,Partner,7,2294.95,0.3500,10442.02,10367.84
O-02802,2025-10-13,C-0762,EU,Benelux & Nordics,Hardware,Direct,15,1869.45,0.3500,18227.14,18403.95
O-02803,2025-10-13,C-0624,US,US West,Software,Partner,46,320.62,0.3500,9586.54,4398.52
O-02804,2025-10-13,C-0521,EU,DACH,Hardware,Partner,18,3659.66,0.3500,42818.02,44780.76
O-02805,2025-10-13,C-0597,APAC,ANZ,Software,Online,92,805.43,0.2475,55756.84,21993.52
O-02806,2025-10-13,C-0651,US,US Central,Services,Partner,41,607.14,0.3500,16180.28,14972.79
O-02807,2025-10-13,C-0579,APAC,ANZ,Hardware,Direct,14,2403.96,0.3500,21876.04,21694.40
O-02808,2025-10-13,C-0750,US,US Central,Software,Partner,8,234.29,0.3500,1218.31,565.68
O-02809,2025-10-13,C-0622,US,US East,Hardware,Online,12,3115.00,0.2695,27305.99,23815.92
O-02810,2025-10-13,C-0531,APAC,Japan,Software,Partner,98,710.24,0.3500,45242.29,20708.38
O-02811,2025-10-13,C-0784,US,US Central,Hardware,Partner,10,1732.55,0.3500,11261.58,11299.90
O-02812,2025-10-14,C-0235,EU,Southern Europe,Support & CS,Partner,4,1360.19,0.3500,3536.49,3097.56
O-02813,2025-10-14,C-0322,US,US Central,Services,Partner,13,477.81,0.3425,4084.07,3849.17
O-02814,2025-10-14,C-0395,US,US West,Hardware,Direct,16,3211.10,0.3500,33395.44,34209.44
O-02815,2025-10-14,C-0096,US,US East,Support & CS,Partner,6,1630.38,0.3337,6517.90,5426.46
O-02816,2025-10-14,C-0517,EU,UK & Ireland,Hardware,Partner,12,4098.28,0.3424,32338.62,32838.48
O-02817,2025-10-14,C-0397,US,US East,Software,Partner,108,524.35,0.3500,36809.37,16352.28
O-02818,2025-10-14,C-0636,APAC,Japan,Hardware,Partner,14,747.92,0.3500,6806.07,6990.62
O-02819,2025-10-14,C-0120,EU,Benelux & Nordics,Hardware,Direct,10,1210.10,0.3500,7865.65,8012.70
O-02820,2025-10-14,C-0360,EU,DACH,Hardware,Partner,9,2896.44,0.3500,16944.17,17819.10
O-02821,2025-10-14,C-0578,APAC,ANZ,Support & CS,Partner,5,1718.03,0.3500,5583.60,4788.00
O-02822,2025-10-14,C-0443,US,US West,Software,Direct,108,237.93,0.3500,16702.69,7725.24
O-02823,2025-10-14,C-0501,US,US West,Software,Partner,62,584.84,0.3500,23569.05,10682.60
O-02824,2025-10-14,C-0161,APAC,ANZ,Support & CS,Partner,6,1279.62,0.3500,4990.52,4239.60
O-02825,2025-10-14,C-0691,US,US East,Software,Direct,100,641.49,0.3500,41696.85,18512.00
O-02826,2025-10-14,C-0022,APAC,Southeast Asia,Hardware,Partner,2,2180.53,0.3471,2847.20,2873.14
O-02827,2025-10-14,C-0774,US,US East,Hardware,Direct,13,4086.41,0.3500,34530.16,35000.81
O-02828,2025-10-14,C-0099,US,US East,Hardware,Direct,9,1048.17,0.3500,6131.79,6249.69
O-02829,2025-10-15,C-0656,APAC,Greater China,Hardware,Online,11,2221.67,0.2633,18003.92,16239.30
O-02830,2025-10-15,C-0748,APAC,Southeast Asia,Hardware,Partner,18,673.66,0.3500,7881.82,7874.46
O-02831,2025-10-15,C-0191,US,US East,Services,Direct,12,127.59,0.3500,995.20,953.88
O-02832,2025-10-15,C-0621,APAC,ANZ,Hardware,Partner,10,781.72,0.3500,5081.18,5173.10
O-02833,2025-10-15,C-0456,EU,Southern Europe,Services,Partner,39,377.42,0.3500,9567.60,9042.93
O-02834,2025-10-15,C-0356,US,US West,Support & CS,Partner,10,834.76,0.3500,5425.94,4516.80
O-02835,2025-10-15,C-0265,US,US Central,Hardware,Partner,14,3231.40,0.3500,29405.74,29324.12
O-02836,2025-10-15,C-0703,EU,DACH,Hardware,Partner,11,2853.40,0.3309,21001.46,20518.85
O-02837,2025-10-15,C-0782,EU,Benelux & Nordics,Support & CS,Partner,6,2131.96,0.3500,8314.64,7049.40
O-02838,2025-10-15,C-0328,US,US Central,Software,Online,105,355.93,0.2649,27473.07,11224.50
O-02839,2025-10-15,C-0583,EU,Benelux & Nordics,Services,Online,40,223.96,0.2485,6732.03,5778.00
O-02840,2025-10-15,C-0553,US,US Central,Support & CS,Partner,1,373.48,0.3500,242.76,206.35
O-02841,2025-10-15,C-0172,EU,DACH,Hardware,Partner,6,1228.37,0.3385,4875.35,4799.10
O-02842,2025-10-15,C-0681,EU,DACH,Hardware,Partner,4,1980.30,0.3500,5148.78,5329.24
O-02843,2025-10-15,C-0800,US,US Central,Services,Direct,15,641.76,0.3500,6257.16,5840.10
O-02844,2025-10-15,C-0682,APAC,Southeast Asia,Services,Online,39,122.38,0.2595,3534.12,3006.12
O-02845,2025-10-15,C-0288,EU,DACH,Services,Partner,43,154.34,0.3500,4313.80,4056.19
O-02846,2025-10-15,C-0341,EU,UK & Ireland,Software,Online,104,430.84,0.2426,33939.03,13455.52
O-02847,2025-10-15,C-0732,APAC,Japan,Hardware,Direct,1,4149.75,0.3500,2697.34,2685.26
O-02848,2025-10-16,C-0222,US,US Central,Software,Partner,100,76.62,0.3441,5025.84,2321.00
O-02849,2025-10-16,C-0113,US,US East,Support & CS,Online,3,2103.31,0.2648,4639.31,3316.95
O-02850,2025-10-16,C-0612,EU,UK & Ireland,Hardware,Partner,5,354.66,0.3412,1168.22,1168.45
O-02851,2025-10-16,C-0053,APAC,Japan,Software,Partner,57,413.66,0.3500,15326.10,7141.53
O-02852,2025-10-16,C-0347,US,US East,Software,Partner,11,197.23,0.3500,1410.19,645.26
O-02853,2025-10-16,C-0542,US,US West,Services,Online,29,201.67,0.2639,4305.14,3599.19
O-02854,2025-10-16,C-0576,EU,Benelux & Nordics,Hardware,Partner,7,903.69,0.3500,4111.79,4329.15
O-02855,2025-10-16,C-0360,EU,DACH,Software,Partner,83,571.07,0.3500,30809.23,14472.71
O-02856,2025-10-16,C-0044,US,US West,Hardware,Partner,17,3509.91,0.3500,38784.51,37780.29
O-02857,2025-10-16,C-0780,EU,DACH,Hardware,Partner,12,1199.83,0.3500,9358.67,9404.76
O-02858,2025-10-16,C-0540,US,US Central,Software,Partner,6,797.17,0.3320,3195.09,1384.20
O-02859,2025-10-16,C-0424,EU,Benelux & Nordics,Services,Partner,42,562.81,0.3500,15364.71,14943.18
O-02860,2025-10-16,C-0265,US,US Central,Services,Partner,29,330.26,0.3500,6225.40,5994.59
O-02861,2025-10-16,C-0205,US,US East,Software,Direct,52,783.19,0.3500,26471.82,11729.64
O-02862,2025-10-16,C-0042,APAC,ANZ,Hardware,Online,17,3263.03,0.2367,42341.11,36027.25
O-02863,2025-10-16,C-0093,US,US West,Software,Partner,9,369.59,0.3500,2162.10,985.95
O-02864,2025-10-16,C-0274,US,US East,Hardware,Direct,8,2161.92,0.3500,11241.98,11398.80
O-02865,2025-10-16,C-0211,EU,UK & Ireland,Services,Partner,25,252.71,0.3500,4106.54,4047.50
O-02866,2025-10-16,C-0547,EU,UK & Ireland,Services,Partner,14,302.87,0.3500,2756.12,2695.00
O-02867,2025-10-16,C-0459,EU,UK & Ireland,Hardware,Partner,11,2385.10,0.3376,17379.78,17409.59
O-02868,2025-10-16,C-0578,APAC,ANZ,Hardware,Online,8,2518.97,0.2572,14968.55,13041.28
O-02869,2025-10-16,C-0206,APAC,Japan,Hardware,Online,18,1299.73,0.2427,17716.00,15890.58
O-02870,2025-10-16,C-0748,APAC,Southeast Asia,Hardware,Partner,11,2520.55,0.3500,18021.93,17904.48
O-02871,2025-10-16,C-0402,APAC,Greater China,Software,Online,53,897.29,0.2603,35176.96,14600.44
O-02872,2025-10-16,C-0022,APAC,Southeast Asia,Hardware,Direct,9,2705.70,0.3500,15828.34,15692.85
O-02873,2025-10-16,C-0260,APAC,ANZ,Software,Partner,93,608.78,0.3356,37618.24,17357.52
O-02874,2025-10-16,C-0089,US,US West,Services,Partner,31,612.07,0.3447,12434.01,11292.99
O-02875,2025-10-17,C-0118,APAC,Japan,Support & CS,Partner,2,2309.77,0.3385,3055.80,2563.76
O-02876,2025-10-17,C-0283,APAC,Southeast Asia,Support & CS,Direct,11,1381.45,0.3500,9877.37,8409.06
O-02877,2025-10-17,C-0070,US,US West,Hardware,Partner,13,1442.70,0.3417,12347.38,12309.44
O-02878,2025-10-17,C-0274,US,US East,Support & CS,Partner,11,1406.14,0.3500,10053.90,8161.67
O-02879,2025-10-17,C-0467,US,US Central,Support & CS,Partner,11,2092.77,0.3500,14963.31,12646.70
O-02880,2025-10-17,C-0137,EU,DACH,Hardware,Partner,4,1522.72,0.3500,3959.07,4068.68
O-02881,2025-10-17,C-0454,EU,DACH,Services,Partner,39,588.10,0.3400,15137.63,14702.61
O-02882,2025-10-17,C-0618,EU,DACH,Software,Partner,87,723.37,0.3500,40906.57,19218.30
O-02883,2025-10-17,C-0268,EU,UK & Ireland,Support & CS,Partner,5,1428.07,0.3500,4641.23,4080.55
O-02884,2025-10-17,C-0111,APAC,ANZ,Software,Direct,110,209.78,0.3500,14999.27,7103.80
O-02885,2025-10-17,C-0148,EU,Benelux & Nordics,Software,Online,48,328.33,0.2776,11384.19,4700.64
O-02886,2025-10-17,C-0383,EU,DACH,Hardware,Partner,9,1995.87,0.3500,11675.84,11824.11
O-02887,2025-10-17,C-0275,EU,UK & Ireland,Hardware,Partner,13,406.57,0.3500,3435.52,3551.99
O-02888,2025-10-17,C-0116,US,US East,Support & CS,Partner,7,644.84,0.3353,3000.43,2450.84
O-02889,2025-10-17,C-0444,EU,DACH,Hardware,Partner,15,2347.73,0.3382,23304.52,24262.80
O-02890,2025-10-17,C-0700,EU,UK & Ireland,Software,Partner,60,290.09,0.3500,11313.51,5187.60
O-02891,2025-10-17,C-0778,US,US West,Hardware,Online,13,3603.34,0.2482,35218.37,31159.05
O-02892,2025-10-17,C-0592,EU,UK & Ireland,Software,Partner,105,547.12,0.3500,37340.94,17913.00
O-02893,2025-10-17,C-0763,APAC,ANZ,Services,Online,28,282.65,0.2329,6071.21,4966.36
O-02894,2025-10-17,C-0172,EU,DACH,Services,Partner,45,357.55,0.3500,10458.34,10073.25
O-02895,2025-10-17,C-0774,US,US East,Hardware,Online,2,969.85,0.2781,1400.28,1293.40
O-02896,2025-10-17,C-0654,APAC,ANZ,Hardware,Direct,7,2219.73,0.3500,10099.77,10127.81
O-02897,2025-10-17,C-0402,APAC,Greater China,Software,Partner,66,731.28,0.3500,31371.91,14541.12
O-02898,2025-10-17,C-0658,US,US East,Support & CS,Online,7,2370.35,0.2670,12161.59,9009.42
O-02899,2025-10-17,C-0017,US,US Central,Hardware,Online,13,3529.65,0.2760,33222.00,29385.20
O-02900,2025-10-17,C-0252,EU,Southern Europe,Software,Partner,95,800.90,0.3400,50215.54,23282.60
O-02901,2025-10-17,C-0267,US,US East,Software,Online,5,661.25,0.2366,2524.06,964.55
O-02902,2025-10-17,C-0351,EU,UK & Ireland,Software,Partner,31,661.17,0.3500,13322.58,6294.86
O-02903,2025-10-17,C-0372,US,US East,Software,Partner,15,422.10,0.3500,4115.48,1816.05
O-02904,2025-10-17,C-0283,APAC,Southeast Asia,Hardware,Partner,10,1611.57,0.3500,10475.20,10944.20
O-02905,2025-10-18,C-0166,EU,UK & Ireland,Services,Partner,6,573.91,0.3365,2284.75,2187.30
O-02906,2025-10-18,C-0323,APAC,Southeast Asia,Hardware,Partner,11,3604.20,0.3500,25770.03,25629.45
O-02907,2025-10-18,C-0043,EU,Southern Europe,Software,Online,26,563.29,0.2648,10766.88,4360.20
O-02908,2025-10-18,C-0225,US,US East,Hardware,Partner,14,3936.08,0.3436,36171.48,34946.80
O-02909,2025-10-18,C-0658,US,US East,Services,Direct,7,441.87,0.3500,2010.51,1896.58
O-02910,2025-10-18,C-0311,EU,DACH,Support & CS,Direct,9,2053.40,0.3500,12012.39,10024.20
O-02911,2025-10-18,C-0612,EU,UK & Ireland,Services,Partner,2,127.81,0.3500,166.15,161.88
O-02912,2025-10-18,C-0150,US,US Central,Hardware,Partner,16,2198.68,0.3500,22866.27,23274.56
O-02913,2025-10-18,C-0011,EU,DACH,Support & CS,Partner,6,2103.31,0.3343,8401.53,7190.04
O-02914,2025-10-18,C-0540,US,US Central,Hardware,Partner,11,2248.63,0.3500,16077.70,16140.41
O-02915,2025-10-18,C-0072,APAC,ANZ,Hardware,Direct,18,2940.95,0.3500,34409.11,35221.50
O-02916,2025-10-18,C-0068,EU,UK & Ireland,Services,Partner,12,196.03,0.3500,1529.03,1487.76
O-02917,2025-10-18,C-0382,EU,DACH,Hardware,Online,9,2095.16,0.2564,14020.83,12691.80
O-02918,2025-10-18,C-0491,US,US East,Hardware,Partner,3,2417.05,0.3500,4713.25,4618.35
O-02919,2025-10-18,C-0465,EU,DACH,Hardware,Online,18,3578.10,0.2371,49137.20,42818.76
O-02920,2025-10-18,C-0343,US,US West,Hardware,Direct,2,2183.79,0.3500,2838.93,2793.86
O-02921,2025-10-18,C-0018,EU,DACH,Software,Direct,82,517.46,0.3500,27580.62,12695.24
O-02922,2025-10-18,C-0189,APAC,ANZ,Support & CS,Partner,4,679.37,0.3500,1766.36,1528.72
O-02923,2025-10-18,C-0599,EU,UK & Ireland,Services,Partner,37,589.91,0.3323,14573.83,13692.22
O-02924,2025-10-18,C-0205,US,US East,Hardware,Partner,6,2072.91,0.3500,8084.35,8234.64
O-02925,2025-10-18,C-0387,US,US Central,Support & CS,Partner,1,2373.23,0.3500,1542.60,1275.29
O-02926,2025-10-18,C-0269,EU,UK & Ireland,Software,Partner,108,647.54,0.3435,45911.91,20921.76
O-02927,2025-10-18,C-0472,EU,Southern Europe,Hardware,Online,2,922.30,0.2513,1381.02,1246.44
O-02928,2025-10-18,C-0020,APAC,ANZ,Software,Online,64,809.30,0.2699,37815.91,15245.44
O-02929,2025-10-18,C-0003,US,US West,Support & CS,Partner,12,687.66,0.3500,5363.75,4392.84
O-02930,2025-10-18,C-0755,EU,Benelux & Nordics,Services,Direct,25,237.95,0.3500,3866.69,3766.50
O-02931,2025-10-18,C-0132,US,US West,Hardware,Direct,9,1336.13,0.3500,7816.36,7787.61
O-02932,2025-10-18,C-0290,EU,Southern Europe,Hardware,Partner,10,3390.55,0.3500,22038.58,23190.10
O-02933,2025-10-19,C-0264,APAC,Greater China,Support & CS,Online,11,707.42,0.2720,5664.75,4244.90
O-02934,2025-10-19,C-0597,APAC,ANZ,Services,Partner,37,437.33,0.3500,10517.79,9942.27
O-02935,2025-10-19,C-0778,US,US West,Hardware,Partner,5,2082.27,0.3500,6767.38,6873.50
O-02936,2025-10-19,C-0424,EU,Benelux & Nordics,Support & CS,Direct,9,1487.78,0.3500,8703.51,7477.29
O-02937,2025-10-19,C-0749,EU,DACH,Software,Partner,97,63.59,0.3483,4019.82,1832.33
O-02938,2025-10-19,C-0023,US,US East,Software,Online,18,582.51,0.2466,7899.06,3006.72
O-02939,2025-10-19,C-0165,EU,Benelux & Nordics,Software,Online,26,109.31,0.2670,2083.12,872.56
O-02940,2025-10-19,C-0378,EU,Benelux & Nordics,Software,Partner,54,208.42,0.3361,7471.80,3477.06
O-02941,2025-10-19,C-0146,US,US West,Hardware,Direct,9,983.49,0.3500,5753.42,5664.24
O-02942,2025-10-19,C-0196,APAC,Japan,Support & CS,Partner,9,612.25,0.3500,3581.66,3007.35
O-02943,2025-10-19,C-0366,US,US West,Software,Online,93,615.10,0.2597,42351.20,16566.09
O-02944,2025-10-19,C-0207,APAC,Japan,Hardware,Direct,17,2268.41,0.3500,25065.93,26138.86
O-02945,2025-10-19,C-0562,US,US Central,Services,Online,31,505.25,0.2453,11821.03,9420.90
O-02946,2025-10-19,C-0251,APAC,Japan,Hardware,Direct,10,1423.31,0.3500,9251.51,9658.00
O-02947,2025-10-19,C-0597,APAC,ANZ,Hardware,Partner,18,2176.33,0.3500,25463.06,25675.92
O-02948,2025-10-19,C-0320,US,US East,Services,Partner,21,429.58,0.3500,5863.77,5645.85
O-02949,2025-10-19,C-0050,EU,Southern Europe,Software,Partner,119,139.89,0.3395,10994.71,5074.16
O-02950,2025-10-19,C-0349,APAC,Greater China,Support & CS,Online,11,2308.28,0.2766,18368.13,14358.85
O-02951,2025-10-19,C-0309,EU,UK & Ireland,Services,Partner,32,631.74,0.3500,13140.19,12939.20
O-02952,2025-10-19,C-0794,APAC,ANZ,Software,Partner,28,821.14,0.3500,14944.75,6746.32
O-02953,2025-10-19,C-0248,US,US Central,Software,Online,65,540.81,0.2416,26660.64,10142.60
O-02954,2025-10-19,C-0028,APAC,Greater China,Software,Online,37,559.75,0.2543,15444.93,6217.48
O-02955,2025-10-19,C-0657,US,US Central,Software,Partner,50,803.40,0.3500,26110.50,11740.50
O-02956,2025-10-19,C-0573,APAC,Southeast Asia,Support & CS,Partner,7,916.24,0.3500,4168.89,3539.41
O-02957,2025-10-19,C-0382,EU,DACH,Hardware,Direct,3,881.78,0.3500,1719.47,1751.49
O-02958,2025-10-20,C-0602,US,US East,Software,Partner,21,430.35,0.3485,5887.98,2623.32
O-02959,2025-10-20,C-0660,EU,Benelux & Nordics,Services,Direct,3,601.30,0.3500,1172.53,1110.63
O-02960,2025-10-20,C-0401,US,US East,Support & CS,Direct,5,944.02,0.3500,3068.07,2507.75
O-02961,2025-10-20,C-0523,US,US West,Services,Partner,37,523.11,0.3329,12910.86,11815.58
O-02962,2025-10-20,C-0118,APAC,Japan,Support & CS,Online,8,2086.87,0.2549,12438.60,9246.00
O-02963,2025-10-20,C-0024,EU,UK & Ireland,Hardware,Online,2,3900.03,0.2403,5925.69,5284.64
O-02964,2025-10-20,C-0677,US,US East,Hardware,Partner,6,4057.70,0.3494,15839.09,15596.88
O-02965,2025-10-20,C-0761,US,US West,Services,Direct,43,535.59,0.3500,14969.74,14033.91
O-02966,2025-10-20,C-0689,APAC,Japan,Software,Direct,48,85.17,0.3500,2657.30,1253.28
O-02967,2025-10-20,C-0225,US,US East,Services,Direct,22,569.32,0.3500,8141.28,7425.00
O-02968,2025-10-20,C-0319,APAC,Japan,Hardware,Online,15,2676.63,0.2612,29660.55,26677.35
O-02969,2025-10-20,C-0678,APAC,Greater China,Hardware,Partner,8,1222.56,0.3450,6406.17,6439.12
O-02970,2025-10-20,C-0268,EU,UK & Ireland,Services,Online,4,317.39,0.2370,968.68,776.28
O-02971,2025-10-20,C-0364,EU,DACH,Hardware,Direct,2,3585.60,0.3500,4661.28,4689.16
O-02972,2025-10-20,C-0651,US,US Central,Services,Direct,32,509.56,0.3500,10598.85,9773.76
O-02973,2025-10-20,C-0127,EU,UK & Ireland,Hardware,Direct,12,4083.92,0.3500,31854.58,33518.88
O-02974,2025-10-20,C-0614,US,US West,Support & CS,Partner,6,2007.90,0.3500,7830.81,6447.90
O-02975,2025-10-20,C-0693,EU,Southern Europe,Support & CS,Online,1,719.60,0.2564,535.11,393.24
O-02976,2025-10-20,C-0208,US,US East,Software,Partner,81,882.94,0.3500,46486.79,20996.01
O-02977,2025-10-20,C-0525,EU,Benelux & Nordics,Hardware,Partner,2,2225.38,0.3371,2950.48,3067.94
O-02978,2025-10-20,C-0363,EU,DACH,Hardware,Online,8,3706.74,0.2316,22786.98,19329.84
O-02979,2025-10-20,C-0277,EU,UK & Ireland,Hardware,Partner,5,3992.45,0.3500,12975.46,13494.00
O-02980,2025-10-20,C-0060,EU,DACH,Software,Direct,79,327.43,0.3500,16813.53,8035.88
O-02981,2025-10-20,C-0142,US,US East,Services,Online,26,219.72,0.2453,4311.15,3528.98
O-02982,2025-10-20,C-0437,US,US West,Hardware,Online,14,3678.98,0.2548,38381.50,34344.38
O-02983,2025-10-20,C-0517,EU,UK & Ireland,Hardware,Direct,8,1235.90,0.3500,6426.68,6732.16
O-02984,2025-10-20,C-0050,EU,Southern Europe,Software,Direct,90,789.82,0.3500,46204.47,21993.30
O-02985,2025-10-20,C-0166,EU,UK & Ireland,Services,Direct,31,451.96,0.3500,9106.99,8730.84
O-02986,2025-10-20,C-0759,EU,UK & Ireland,Services,Partner,27,512.96,0.3363,9192.22,8583.03
O-02987,2025-10-20,C-0337,US,US East,Support & CS,Partner,8,1557.52,0.3458,8151.15,6864.64
O-02988,2025-10-20,C-0684,US,US East,Services,Direct,15,122.01,0.3500,1189.60,1137.60
O-02989,2025-10-20,C-0791,US,US West,Hardware,Partner,5,1962.88,0.3423,6455.37,6332.40
O-02990,2025-10-21,C-0690,US,US Central,Services,Direct,14,623.76,0.3500,5676.22,5399.66
O-02991,2025-10-21,C-0320,US,US East,Services,Partner,37,453.81,0.3500,10914.13,10320.41
O-02992,2025-10-21,C-0015,US,US East,Hardware,Online,7,700.10,0.2325,3761.05,3168.20
O-02993,2025-10-21,C-0133,US,US West,Hardware,Partner,3,1593.76,0.3364,3172.97,3158.22
O-02994,2025-10-21,C-0719,APAC,Southeast Asia,Hardware,Partner,7,4028.14,0.3500,18328.04,19077.45
O-02995,2025-10-21,C-0148,EU,Benelux & Nordics,Software,Partner,100,843.79,0.3403,55666.58,26094.00
O-02996,2025-10-21,C-0639,EU,UK & Ireland,Hardware,Partner,16,2641.80,0.3500,27474.72,28123.68
O-02997,2025-10-21,C-0518,APAC,Southeast Asia,Hardware,Partner,18,2823.80,0.3500,33038.46,33881.58
O-02998,2025-10-21,C-0704,US,US West,Software,Partner,106,801.52,0.3402,56058.00,25579.92
O-02999,2025-10-21,C-0764,APAC,Greater China,Services,Partner,37,441.82,0.3425,10748.06,10236.05
O-03000,2025-10-21,C-0326,EU,Benelux & Nordics,Software,Partner,44,105.06,0.3500,3004.72,1439.68
O-03001,2025-10-21,C-0704,US,US West,Support & CS,Online,6,1755.89,0.2570,7827.92,5573.76
O-03002,2025-10-21,C-0166,EU,UK & Ireland,Hardware,Partner,18,3942.11,0.3392,46892.45,46631.88
O-03003,2025-10-21,C-0165,EU,Benelux & Nordics,Services,Partner,2,228.19,0.3500,296.65,287.12
O-03004,2025-10-21,C-0766,EU,DACH,Software,Partner,69,816.00,0.3500,36597.60,17494.95
O-03005,2025-10-21,C-0260,APAC,ANZ,Services,Online,18,230.49,0.2372,3164.88,2643.66
O-03006,2025-10-21,C-0621,APAC,ANZ,Software,Online,9,532.42,0.2675,3510.16,1453.86
O-03007,2025-10-21,C-0336,EU,Benelux & Nordics,Software,Partner,83,555.08,0.3415,30338.67,13843.57
O-03008,2025-10-21,C-0675,APAC,Japan,Services,Direct,25,413.31,0.3500,6716.29,6346.00
O-03009,2025-10-21,C-0174,APAC,Southeast Asia,Services,Partner,8,586.46,0.3500,3049.59,3010.48
O-03010,2025-10-21,C-0287,US,US East,Software,Partner,66,567.40,0.3500,24341.46,11257.62
O-03011,2025-10-21,C-0111,APAC,ANZ,Services,Partner,16,164.38,0.3432,1727.40,1624.80
O-03012,2025-10-21,C-0352,US,US West,Hardware,Partner,3,3805.52,0.3500,7420.76,7208.85
O-03013,2025-10-21,C-0260,APAC,ANZ,Hardware,Partner,8,3837.23,0.3361,20379.12,20002.56
O-03014,2025-10-21,C-0265,US,US Central,Hardware,Partner,12,787.29,0.3394,6240.97,6210.24
O-03015,2025-10-21,C-0031,US,US Central,Hardware,Online,15,4133.26,0.2669,45454.33,40209.30
O-03016,2025-10-21,C-0151,EU,DACH,Services,Online,22,624.29,0.2535,10253.17,8748.74
O-03017,2025-10-22,C-0002,APAC,Japan,Support & CS,Partner,1,1678.90,0.3433,1102.50,939.15
O-03018,2025-10-22,C-0256,US,US Central,Software,Partner,25,548.59,0.3373,9088.67,4043.25
O-03019,2025-10-22,C-0214,US,US West,Hardware,Direct,5,2288.02,0.3500,7436.07,7568.90
O-03020,2025-10-22,C-0306,APAC,Japan,Services,Partner,24,432.88,0.3500,6752.93,6604.32
O-03021,2025-10-22,C-0619,APAC,Southeast Asia,Support & CS,Direct,4,350.97,0.3500,912.52,777.52
O-03022,2025-10-22,C-0339,EU,DACH,Software,Partner,118,280.08,0.3387,21855.12,10273.08
O-03023,2025-10-22,C-0394,EU,DACH,Services,Partner,10,647.83,0.3398,4276.74,4097.60
O-03024,2025-10-22,C-0264,APAC,Greater China,Software,Online,86,529.69,0.2413,34561.25,13840.84
O-03025,2025-10-22,C-0312,US,US West,Support & CS,Direct,4,1665.06,0.3500,4329.16,3535.28
O-03026,2025-10-22,C-0478,EU,UK & Ireland,Hardware,Online,8,1386.17,0.2319,8517.91,7579.68
O-03027,2025-10-22,C-0689,APAC,Japan,Software,Partner,43,380.46,0.3332,10908.63,4998.75
O-03028,2025-10-22,C-0739,US,US Central,Software,Online,7,401.09,0.2748,2036.14,829.29
O-03029,2025-10-22,C-0743,US,US Central,Hardware,Partner,9,733.86,0.3408,4354.14,4234.68
O-03030,2025-10-22,C-0458,EU,Benelux & Nordics,Services,Direct,9,601.58,0.3500,3519.24,3320.28
O-03031,2025-10-22,C-0380,US,US West,Support & CS,Direct,2,2291.65,0.3500,2979.15,2456.92
O-03032,2025-10-22,C-0353,APAC,Japan,Services,Partner,25,503.49,0.3500,8181.71,7693.50
O-03033,2025-10-22,C-0774,US,US East,Hardware,Partner,10,1329.46,0.3500,8641.49,8563.20
O-03034,2025-10-22,C-0746,US,US West,Services,Partner,21,525.35,0.3500,7171.03,6861.33
O-03035,2025-10-22,C-0587,EU,UK & Ireland,Services,Partner,4,190.36,0.3480,496.47,493.00
O-03036,2025-10-22,C-0752,EU,Benelux & Nordics,Software,Partner,91,773.81,0.3340,46899.18,22080.24
O-03037,2025-10-22,C-0622,US,US East,Hardware,Direct,5,3029.80,0.3500,9846.85,9896.65
O-03038,2025-10-22,C-0338,EU,UK & Ireland,Software,Online,16,366.12,0.2561,4357.65,1779.04
O-03039,2025-10-22,C-0524,US,US Central,Services,Partner,31,610.88,0.3500,12309.23,11611.05
O-03040,2025-10-23,C-0535,EU,UK & Ireland,Software,Online,13,874.48,0.2440,8594.13,3364.27
O-03041,2025-10-23,C-0584,EU,DACH,Services,Partner,27,608.86,0.3331,10963.38,10190.34
O-03042,2025-10-23,C-0377,EU,DACH,Hardware,Partner,16,2034.43,0.3443,21343.47,21414.88
O-03043,2025-10-23,C-0287,US,US East,Hardware,Partner,9,2361.55,0.3500,13815.07,13710.78
O-03044,2025-10-23,C-0205,US,US East,Support & CS,Partner,6,2243.22,0.3500,8748.56,7445.76
O-03045,2025-10-23,C-0031,US,US Central,Support & CS,Partner,10,427.04,0.3320,2852.73,2244.10
O-03046,2025-10-23,C-0763,APAC,ANZ,Services,Partner,7,483.98,0.3500,2202.11,2066.68
O-03047,2025-10-23,C-0134,EU,UK & Ireland,Hardware,Direct,11,1660.10,0.3500,11869.72,12096.26
O-03048,2025-10-23,C-0281,US,US Central,Services,Partner,1,548.11,0.3500,356.27,326.71
O-03049,2025-10-23,C-0666,US,US East,Services,Direct,15,191.69,0.3500,1868.98,1709.55
O-03050,2025-10-23,C-0270,APAC,Japan,Services,Online,5,351.57,0.2645,1292.89,1078.60
O-03051,2025-10-23,C-0238,EU,DACH,Software,Direct,33,665.58,0.3500,14276.69,6748.83
O-03052,2025-10-23,C-0193,US,US West,Support & CS,Partner,4,1200.86,0.3493,3125.77,2679.96
O-03053,2025-10-23,C-0120,EU,Benelux & Nordics,Hardware,Partner,5,2041.21,0.3500,6633.93,6878.50
O-03054,2025-10-23,C-0599,EU,UK & Ireland,Software,Partner,93,882.97,0.3500,53375.54,24316.71
O-03055,2025-10-23,C-0749,EU,DACH,Software,Partner,57,311.43,0.3500,11538.48,5376.81
O-03056,2025-10-23,C-0387,US,US Central,Support & CS,Partner,1,1617.79,0.3500,1051.56,860.99
O-03057,2025-10-23,C-0142,US,US East,Software,Partner,33,156.62,0.3442,3389.35,1542.09
O-03058,2025-10-23,C-0719,APAC,Southeast Asia,Services,Online,24,609.53,0.2701,10677.93,9365.76
O-03059,2025-10-23,C-0560,EU,UK & Ireland,Support & CS,Partner,4,1318.20,0.3500,3427.32,2993.92
O-03060,2025-10-23,C-0524,US,US Central,Hardware,Direct,18,2176.06,0.3500,25459.90,25782.84
O-03061,2025-10-23,C-0236,US,US East,Hardware,Direct,7,4143.85,0.3500,18854.52,19058.13
O-03062,2025-10-23,C-0225,US,US East,Services,Direct,4,608.59,0.3500,1582.33,1529.72
O-03063,2025-10-23,C-0611,APAC,Japan,Services,Partner,45,368.42,0.3500,10776.29,10152.45
O-03064,2025-10-23,C-0059,EU,UK & Ireland,Services,Online,31,566.46,0.2798,12646.51,10979.89
O-03065,2025-10-23,C-0407,EU,UK & Ireland,Hardware,Partner,2,2813.61,0.3500,3657.69,3813.10
O-03066,2025-10-23,C-0520,APAC,ANZ,Software,Online,20,739.61,0.2315,11367.73,4487.80
O-03067,2025-10-23,C-0781,APAC,Greater China,Services,Partner,44,637.54,0.3500,18233.64,17940.56
O-03068,2025-10-23,C-0375,US,US Central,Software,Direct,71,779.58,0.3500,35977.62,16513.18
O-03069,2025-10-24,C-0260,APAC,ANZ,Software,Direct,45,746.15,0.3500,21824.89,10223.55
O-03070,2025-10-24,C-0211,EU,UK & Ireland,Software,Partner,120,147.19,0.3417,11627.72,5340.00
O-03071,2025-10-24,C-0699,US,US Central,Services,Direct,36,488.20,0.3500,11423.88,10620.00
O-03072,2025-10-24,C-0158,US,US West,Hardware,Partner,6,3964.92,0.3390,15723.92,15566.70
O-03073,2025-10-24,C-0530,APAC,Greater China,Hardware,Online,10,2276.70,0.2732,16547.06,15378.90
O-03074,2025-10-24,C-0113,US,US East,Services,Online,35,224.92,0.2469,5928.22,4728.85
O-03075,2025-10-24,C-0137,EU,DACH,Software,Partner,42,246.59,0.3500,6731.91,3230.64
O-03076,2025-10-24,C-0259,EU,Southern Europe,Hardware,Online,5,3231.70,0.2776,11673.45,10620.65
O-03077,2025-10-24,C-0731,EU,DACH,Services,Partner,45,634.39,0.3500,18555.91,17873.10
O-03078,2025-10-24,C-0452,APAC,Southeast Asia,Software,Partner,62,852.85,0.3441,34681.42,15895.56
O-03079,2025-10-24,C-0245,US,US East,Hardware,Online,6,1280.71,0.2512,5754.01,5085.42
O-03080,2025-10-24,C-0184,US,US West,Support & CS,Partner,10,1127.28,0.3500,7327.32,6040.20
O-03081,2025-10-24,C-0408,US,US East,Hardware,Direct,14,2508.46,0.3500,22826.99,23426.76
O-03082,2025-10-24,C-0350,EU,Benelux & Nordics,Hardware,Direct,8,694.77,0.3500,3612.80,3722.56
O-03083,2025-10-24,C-0785,US,US East,Software,Direct,34,311.49,0.3500,6883.93,3084.14
O-03084,2025-10-24,C-0588,EU,DACH,Support & CS,Online,1,1492.71,0.2444,1127.82,823.50
O-03085,2025-10-24,C-0094,EU,Benelux & Nordics,Software,Online,42,546.63,0.2634,16910.60,6931.26
O-03086,2025-10-24,C-0140,EU,Southern Europe,Software,Direct,69,236.37,0.3500,10601.19,4876.92
O-03087,2025-10-25,C-0642,EU,DACH,Services,Partner,31,233.11,0.3406,4765.28,4417.50
O-03088,2025-10-25,C-0150,US,US Central,Services,Partner,7,383.76,0.3500,1746.11,1689.52
O-03089,2025-10-25,C-0559,EU,DACH,Hardware,Online,3,2541.42,0.2664,5593.48,5052.03
O-03090,2025-10-25,C-0462,EU,Benelux & Nordics,Software,Direct,35,535.45,0.3500,12181.49,5640.25
O-03091,2025-10-25,C-0235,EU,Southern Europe,Support & CS,Partner,2,2113.47,0.3500,2747.51,2424.84
O-03092,2025-10-25,C-0108,APAC,Greater China,Hardware,Partner,7,2899.52,0.3500,13192.82,13292.30
O-03093,2025-10-25,C-0535,EU,UK & Ireland,Hardware,Partner,4,882.71,0.3500,2295.05,2338.08
O-03094,2025-10-25,C-0501,US,US West,Support & CS,Online,7,363.67,0.2329,1952.74,1351.28
O-03095,2025-10-25,C-0795,EU,DACH,Hardware,Direct,9,3787.23,0.3500,22155.30,23311.08
O-03096,2025-10-25,C-0677,US,US East,Services,Direct,21,569.53,0.3500,7774.08,7364.07
O-03097,2025-10-25,C-0054,EU,UK & Ireland,Software,Partner,5,813.32,0.3445,2665.74,1204.80
O-03098,2025-10-25,C-0030,US,US Central,Services,Partner,36,512.32,0.3500,11988.29,10977.48
O-03099,2025-10-25,C-0772,EU,DACH,Hardware,Partner,17,2054.77,0.3500,22705.21,23186.30
O-03100,2025-10-25,C-0639,EU,UK & Ireland,Services,Partner,23,524.12,0.3445,7901.53,7517.32
O-03101,2025-10-25,C-0077,EU,UK & Ireland,Software,Partner,29,177.31,0.3364,3412.24,1543.96
O-03102,2025-10-25,C-0319,APAC,Japan,Hardware,Partner,8,756.75,0.3466,3955.41,4109.68
O-03103,2025-10-25,C-0614,US,US West,Software,Partner,20,611.94,0.3500,7955.22,3600.60
O-03104,2025-10-25,C-0659,EU,Benelux & Nordics,Support & CS,Direct,5,1230.21,0.3500,3998.18,3406.75
O-03105,2025-10-25,C-0250,EU,Benelux & Nordics,Software,Partner,87,661.28,0.3500,37395.38,18017.70
O-03106,2025-10-25,C-0711,US,US Central,Hardware,Direct,9,3823.60,0.3500,22368.06,22505.31
O-03107,2025-10-25,C-0116,US,US East,Hardware,Partner,2,1201.03,0.3500,1561.34,1579.26
O-03108,2025-10-25,C-0401,US,US East,Services,Partner,40,494.86,0.3500,12866.36,11788.80
O-03109,2025-10-25,C-0724,EU,DACH,Support & CS,Partner,1,356.70,0.3364,236.72,196.11
O-03110,2025-10-25,C-0224,US,US West,Hardware,Partner,13,1487.23,0.3500,12567.09,12560.34
O-03111,2025-10-25,C-0608,APAC,Greater China,Services,Direct,31,439.29,0.3500,8851.69,8276.07
O-03112,2025-10-25,C-0602,US,US East,Hardware,Partner,14,1604.70,0.3500,14602.77,14650.30
O-03113,2025-10-25,C-0646,EU,DACH,Software,Partner,108,304.12,0.3500,21349.22,10270.80
O-03114,2025-10-25,C-0642,EU,DACH,Services,Direct,14,365.55,0.3500,3326.51,3219.44
O-03115,2025-10-25,C-0739,US,US Central,Software,Direct,55,530.07,0.3500,18950.00,8862.70
O-03116,2025-10-25,C-0792,EU,Benelux & Nordics,Support & CS,Partner,8,1904.97,0.3373,10099.37,8652.08
O-03117,2025-10-26,C-0705,APAC,Southeast Asia,Hardware,Direct,14,1855.76,0.3500,16887.42,16849.56
O-03118,2025-10-26,C-0151,EU,DACH,Software,Partner,79,455.62,0.3500,23396.09,10804.04
O-03119,2025-10-26,C-0767,US,US East,Hardware,Partner,2,3229.55,0.3500,4198.41,4232.28
O-03120,2025-10-26,C-0562,US,US Central,Hardware,Partner,17,3899.04,0.3500,43084.39,44325.46
O-03121,2025-10-26,C-0799,APAC,Japan,Software,Partner,72,758.37,0.3445,35790.94,16920.00
O-03122,2025-10-26,C-0368,EU,DACH,Services,Partner,8,569.48,0.3389,3012.04,2898.24
O-03123,2025-10-26,C-0618,EU,DACH,Services,Partner,35,384.74,0.3500,8752.84,8674.40
O-03124,2025-10-26,C-0162,US,US West,Services,Partner,14,603.03,0.3435,5542.50,5026.56
O-03125,2025-10-26,C-0407,EU,UK & Ireland,Software,Partner,81,649.85,0.3500,34214.60,15684.84
O-03126,2025-10-26,C-0373,US,US West,Support & CS,Direct,7,1667.84,0.3500,7588.67,6478.71
O-03127,2025-10-26,C-0048,EU,Southern Europe,Software,Partner,70,722.65,0.3341,33684.01,15851.50
O-03128,2025-10-26,C-0430,EU,UK & Ireland,Support & CS,Direct,8,2035.24,0.3500,10583.25,8876.24
O-03129,2025-10-26,C-0065,EU,DACH,Hardware,Partner,2,698.42,0.3306,934.99,938.90
O-03130,2025-10-26,C-0423,US,US East,Software,Online,55,362.11,0.2702,14535.11,5758.50
O-03131,2025-10-26,C-0525,EU,Benelux & Nordics,Software,Partner,43,337.89,0.3500,9444.03,4346.87
O-03132,2025-10-26,C-0595,EU,Benelux & Nordics,Support & CS,Direct,6,576.29,0.3500,2247.53,1944.48
O-03133,2025-10-26,C-0462,EU,Benelux & Nordics,Software,Direct,29,878.09,0.3500,16552.00,7587.85
O-03134,2025-10-26,C-0628,APAC,ANZ,Software,Partner,61,102.78,0.3500,4075.23,1941.02
O-03135,2025-10-26,C-0664,APAC,Japan,Hardware,Online,17,3660.69,0.2590,46111.74,42131.61
O-03136,2025-10-26,C-0535,EU,UK & Ireland,Software,Online,62,777.13,0.2414,36549.66,14791.34
O-03137,2025-10-26,C-0102,US,US East,Services,Partner,36,159.85,0.3473,3756.21,3452.76
O-03138,2025-10-26,C-0601,EU,Southern Europe,Services,Direct,17,558.90,0.3500,6175.84,6073.76
O-03139,2025-10-26,C-0471,US,US East,Hardware,Partner,1,1737.45,0.3500,1129.34,1144.80
O-03140,2025-10-26,C-0731,EU,DACH,Software,Online,70,724.24,0.2604,37493.48,15732.50
O-03141,2025-10-26,C-0212,APAC,ANZ,Hardware,Direct,11,2679.88,0.3500,19161.14,19963.35
O-03142,2025-10-27,C-0105,APAC,Greater China,Hardware,Partner,18,1692.30,0.3500,19799.91,20105.10
O-03143,2025-10-27,C-0041,US,US Central,Support & CS,Partner,3,933.69,0.3500,1820.70,1488.42
O-03144,2025-10-27,C-0268,EU,UK & Ireland,Hardware,Partner,7,2543.18,0.3500,11571.47,11697.07
O-03145,2025-10-27,C-0295,US,US East,Services,Partner,40,553.31,0.3474,14443.18,13195.20
O-03146,2025-10-27,C-0690,US,US Central,Hardware,Partner,3,644.05,0.3500,1255.90,1233.93
O-03147,2025-10-27,C-0397,US,US East,Software,Direct,102,531.55,0.3500,35241.76,16138.44
O-03148,2025-10-27,C-0165,EU,Benelux & Nordics,Services,Partner,6,550.58,0.3500,2147.26,2057.94
O-03149,2025-10-27,C-0139,EU,UK & Ireland,Hardware,Direct,5,3403.95,0.3500,11062.84,11600.30
O-03150,2025-10-27,C-0172,EU,DACH,Software,Partner,17,492.32,0.3430,5498.76,2528.92
O-03151,2025-10-27,C-0149,EU,Southern Europe,Services,Partner,45,439.92,0.3500,12867.66,12252.15
O-03152,2025-10-27,C-0787,US,US West,Hardware,Direct,8,1398.86,0.3500,7274.07,7315.52
O-03153,2025-10-27,C-0560,EU,UK & Ireland,Software,Partner,35,431.85,0.3385,9998.67,4643.10
O-03154,2025-10-27,C-0093,US,US West,Services,Partner,20,614.10,0.3429,8070.97,7642.60
O-03155,2025-10-27,C-0054,EU,UK & Ireland,Support & CS,Partner,8,2317.96,0.3500,12053.39,10291.60
O-03156,2025-10-27,C-0225,US,US East,Hardware,Partner,8,800.34,0.3347,4259.57,4050.64
O-03157,2025-10-27,C-0395,US,US West,Hardware,Direct,18,3278.42,0.3500,38357.51,38948.40
O-03158,2025-10-27,C-0364,EU,DACH,Hardware,Online,1,3963.04,0.2371,3023.32,2702.53
O-03159,2025-10-27,C-0532,EU,DACH,Software,Online,114,792.89,0.2537,67453.82,27770.40
O-03160,2025-10-27,C-0194,US,US West,Software,Partner,93,111.70,0.3426,6829.13,3062.49
O-03161,2025-10-28,C-0140,EU,Southern Europe,Support & CS,Partner,6,1649.48,0.3500,6432.97,5367.78
O-03162,2025-10-28,C-0761,US,US West,Services,Partner,39,465.24,0.3500,11793.83,10975.38
O-03163,2025-10-28,C-0242,APAC,Japan,Hardware,Partner,5,2980.79,0.3400,9836.97,9669.70
O-03164,2025-10-28,C-0048,EU,Southern Europe,Hardware,Online,4,1133.63,0.2705,3307.93,3109.36
O-03165,2025-10-28,C-0159,EU,Southern Europe,Services,Direct,39,547.78,0.3500,13886.22,13445.64
O-03166,2025-10-28,C-0399,EU,DACH,Software,Direct,22,809.82,0.3500,11580.43,5503.08
O-03167,2025-10-28,C-0523,US,US West,Software,Partner,109,639.21,0.3397,46005.08,21195.05
O-03168,2025-10-28,C-0778,US,US West,Software,Direct,62,527.28,0.3500,21249.38,9798.48
O-03169,2025-10-28,C-0408,US,US East,Hardware,Partner,13,2975.58,0.3500,25143.65,24687.26
O-03170,2025-10-28,C-0677,US,US East,Hardware,Direct,15,3428.23,0.3500,33425.24,32441.25
O-03171,2025-10-28,C-0002,APAC,Japan,Software,Partner,50,524.65,0.3381,17363.50,7870.00
O-03172,2025-10-28,C-0142,US,US East,Services,Partner,41,567.12,0.3500,15113.75,13802.24
O-03173,2025-10-28,C-0318,US,US East,Hardware,Partner,9,1399.38,0.3500,8186.37,8111.52
O-03174,2025-10-28,C-0676,APAC,ANZ,Support & CS,Partner,3,1088.14,0.3313,2183.05,1769.13
O-03175,2025-10-28,C-0005,EU,DACH,Software,Online,44,321.93,0.2319,10879.68,4277.24
O-03176,2025-10-28,C-0451,EU,UK & Ireland,Hardware,Partner,5,2650.17,0.3402,8742.91,8697.20
O-03177,2025-10-28,C-0788,EU,UK & Ireland,Services,Partner,23,355.04,0.3500,5307.85,5169.71
O-03178,2025-10-28,C-0305,EU,UK & Ireland,Software,Partner,16,80.20,0.3500,834.08,389.92
O-03179,2025-10-28,C-0594,EU,Benelux & Nordics,Hardware,Online,13,2728.86,0.2707,25871.31,24124.75
O-03180,2025-10-28,C-0421,EU,Southern Europe,Software,Direct,14,362.15,0.3500,3295.56,1561.70
O-03181,2025-10-28,C-0057,EU,Southern Europe,Hardware,Partner,15,3201.93,0.3500,31218.82,31883.55
O-03182,2025-10-28,C-0264,APAC,Greater China,Software,Online,66,834.23,0.2377,41973.92,16169.34
O-03183,2025-10-28,C-0733,EU,UK & Ireland,Hardware,Direct,16,877.46,0.3500,9125.58,9512.32
O-03184,2025-10-28,C-0577,US,US East,Services,Partner,9,471.44,0.3500,2757.92,2564.73
O-03185,2025-10-28,C-0219,EU,Benelux & Nordics,Software,Partner,30,219.52,0.3500,4280.64,2013.00
O-03186,2025-10-28,C-0387,US,US Central,Hardware,Partner,3,2072.19,0.3500,4040.77,4067.79
O-03187,2025-10-28,C-0416,EU,Benelux & Nordics,Hardware,Partner,7,3173.47,0.3500,14439.29,14743.68
O-03188,2025-10-28,C-0336,EU,Benelux & Nordics,Hardware,Online,15,1310.13,0.2323,15087.53,12942.00
O-03189,2025-10-28,C-0748,APAC,Southeast Asia,Hardware,Online,15,2453.51,0.2410,27933.87,25120.35
O-03190,2025-10-28,C-0180,EU,UK & Ireland,Support & CS,Partner,7,2097.79,0.3500,9544.94,8229.41
O-03191,2025-10-28,C-0796,APAC,Southeast Asia,Hardware,Direct,1,1731.43,0.3500,1125.43,1167.14
O-03192,2025-10-28,C-0152,EU,DACH,Software,Online,107,697.46,0.2701,54474.07,23368.80
O-03193,2025-10-28,C-0568,APAC,ANZ,Hardware,Partner,11,1656.70,0.3500,11845.41,11866.91
O-03194,2025-10-28,C-0472,EU,Southern Europe,Services,Direct,7,286.68,0.3500,1304.39,1258.32
O-03195,2025-10-28,C-0535,EU,UK & Ireland,Services,Partner,3,558.25,0.3488,1090.64,1059.78
O-03196,2025-10-29,C-0356,US,US West,Support & CS,Direct,5,1433.69,0.3500,4659.49,3786.60
O-03197,2025-10-29,C-0750,US,US Central,Hardware,Direct,8,1524.97,0.3500,7929.84,8144.00
O-03198,2025-10-29,C-0519,US,US East,Software,Partner,38,196.54,0.3491,4861.52,2239.34
O-03199,2025-10-29,C-0550,APAC,ANZ,Support & CS,Partner,11,2096.72,0.3413,15191.91,13078.01
O-03200,2025-10-29,C-0538,APAC,Greater China,Hardware,Partner,13,2081.23,0.3500,17586.39,18143.19
O-03201,2025-10-29,C-0190,EU,Benelux & Nordics,Hardware,Online,13,4098.83,0.2506,39932.84,35863.23
O-03202,2025-10-29,C-0772,EU,DACH,Services,Partner,42,615.01,0.3355,17164.54,16470.72
O-03203,2025-10-29,C-0205,US,US East,Services,Partner,6,300.63,0.3418,1187.18,1076.40
O-03204,2025-10-29,C-0301,US,US Central,Hardware,Partner,11,4064.32,0.3396,29524.20,29075.53
O-03205,2025-10-29,C-0766,EU,DACH,Software,Online,70,615.30,0.2737,31282.18,13300.00
O-03206,2025-10-29,C-0184,US,US West,Software,Partner,20,417.36,0.3500,5425.68,2426.20
O-03207,2025-10-29,C-0051,APAC,Japan,Software,Online,47,617.13,0.2612,21429.70,8496.66
O-03208,2025-10-29,C-0667,US,US West,Hardware,Online,18,3865.25,0.2675,50963.17,45957.60
O-03209,2025-10-29,C-0184,US,US West,Services,Direct,29,638.74,0.3500,12040.25,11581.73
O-03210,2025-10-29,C-0377,EU,DACH,Hardware,Partner,4,1913.85,0.3301,5128.10,5152.84
O-03211,2025-10-29,C-0401,US,US East,Support & CS,Partner,10,509.49,0.3500,3311.68,2747.40
O-03212,2025-10-29,C-0057,EU,Southern Europe,Software,Partner,79,249.14,0.3500,12793.34,5938.43
O-03213,2025-10-29,C-0074,US,US West,Software,Direct,8,811.76,0.3500,4221.15,1894.56
O-03214,2025-10-29,C-0211,EU,UK & Ireland,Software,Partner,104,264.13,0.3500,17855.19,8480.16
O-03215,2025-10-29,C-0170,US,US Central,Services,Partner,3,295.53,0.3500,576.28,553.92
O-03216,2025-10-29,C-0032,EU,Southern Europe,Services,Partner,40,623.02,0.3439,16349.86,15966.40
O-03217,2025-10-29,C-0660,EU,Benelux & Nordics,Software,Direct,72,146.74,0.3500,6867.43,3134.88
O-03218,2025-10-29,C-0024,EU,UK & Ireland,Services,Online,32,408.60,0.2393,9946.30,8427.84
O-03219,2025-10-29,C-0309,EU,UK & Ireland,Software,Partner,102,511.79,0.3500,33931.68,15839.58
O-03220,2025-10-29,C-0041,US,US Central,Hardware,Direct,3,1418.49,0.3500,2766.06,2705.76
O-03221,2025-10-29,C-0505,APAC,Greater China,Services,Direct,32,524.87,0.3500,10917.30,10447.04
O-03222,2025-10-29,C-0145,US,US East,Hardware,Partner,16,3342.13,0.3355,35535.21,33962.08
O-03223,2025-10-29,C-0201,APAC,Greater China,Services,Partner,45,320.09,0.3500,9362.63,9143.10
O-03224,2025-10-29,C-0574,EU,Southern Europe,Hardware,Partner,11,1578.23,0.3360,11527.28,11646.58
O-03225,2025-10-30,C-0669,EU,UK & Ireland,Services,Online,25,308.31,0.2393,5863.37,4881.00
O-03226,2025-10-30,C-0749,EU,DACH,Software,Partner,31,670.93,0.3500,13519.24,6443.97
O-03227,2025-10-30,C-0656,APAC,Greater China,Hardware,Partner,14,1808.93,0.3500,16461.26,16543.66
O-03228,2025-10-30,C-0702,EU,DACH,Hardware,Online,11,1518.46,0.2568,12414.31,11073.26
O-03229,2025-10-30,C-0741,APAC,Greater China,Hardware,Online,13,2182.17,0.2646,20862.51,18656.43
O-03230,2025-10-30,C-0367,APAC,Southeast Asia,Hardware,Direct,18,1832.48,0.3500,21440.02,21532.32
O-03231,2025-10-30,C-0151,EU,DACH,Services,Partner,43,528.48,0.3328,15162.58,14573.56
O-03232,2025-10-30,C-0656,APAC,Greater China,Hardware,Partner,6,3190.63,0.3442,12554.00,13072.38
O-03233,2025-10-30,C-0467,US,US Central,Hardware,Partner,9,779.12,0.3500,4557.85,4635.81
O-03234,2025-10-30,C-0191,US,US East,Hardware,Direct,8,432.12,0.3500,2247.02,2300.16
O-03235,2025-10-30,C-0762,EU,Benelux & Nordics,Hardware,Partner,18,1595.03,0.3500,18661.85,19025.28
O-03236,2025-10-30,C-0258,EU,UK & Ireland,Software,Online,12,525.51,0.2744,4575.54,1893.00
O-03237,2025-10-30,C-0692,US,US East,Software,Online,66,824.22,0.2755,39411.02,16402.32
O-03238,2025-10-30,C-0226,EU,UK & Ireland,Software,Partner,111,134.16,0.3500,9679.64,4654.23
O-03239,2025-10-30,C-0746,US,US West,Services,Partner,21,295.09,0.3500,4027.98,3809.61
O-03240,2025-10-30,C-0065,EU,DACH,Software,Partner,97,147.98,0.3348,9549.02,4255.39
O-03241,2025-10-30,C-0562,US,US Central,Hardware,Partner,11,1314.59,0.3500,9399.32,9142.10
O-03242,2025-10-30,C-0719,APAC,Southeast Asia,Support & CS,Partner,7,1680.08,0.3500,7644.36,6680.66
O-03243,2025-10-30,C-0722,US,US East,Services,Direct,41,358.61,0.3500,9556.96,8846.98
O-03244,2025-10-31,C-0320,US,US East,Services,Partner,4,184.36,0.3500,479.34,450.64
O-03245,2025-10-31,C-0581,APAC,Southeast Asia,Software,Direct,87,851.83,0.3500,48170.99,22675.68
O-03246,2025-10-31,C-0316,US,US East,Software,Direct,21,542.73,0.3500,7408.26,3358.74
O-03247,2025-10-31,C-0219,EU,Benelux & Nordics,Hardware,Partner,7,1537.65,0.3350,7157.28,7224.98
O-03248,2025-10-31,C-0114,US,US Central,Software,Direct,11,788.90,0.3500,5640.64,2544.19
O-03249,2025-10-31,C-0260,APAC,ANZ,Hardware,Online,9,2434.20,0.2470,16497.08,14608.44
O-03250,2025-10-31,C-0161,APAC,ANZ,Software,Direct,102,730.48,0.3500,48430.82,22978.56
O-03251,2025-10-31,C-0021,EU,DACH,Hardware,Partner,18,584.00,0.3500,6832.80,7087.14
O-03252,2025-10-31,C-0570,EU,Southern Europe,Support & CS,Partner,3,896.90,0.3319,1797.57,1469.79
O-03253,2025-10-31,C-0640,EU,DACH,Services,Online,2,510.52,0.2480,767.79,644.42
O-03254,2025-10-31,C-0482,APAC,Greater China,Hardware,Partner,9,1893.44,0.3383,11276.70,11522.16
O-03255,2025-10-31,C-0041,US,US Central,Software,Direct,19,701.43,0.3500,8662.66,3823.18
O-03256,2025-10-31,C-0651,US,US Central,Support & CS,Online,10,823.84,0.2376,6280.67,4440.90
O-03257,2025-10-31,C-0124,US,US East,Support & CS,Partner,8,1131.38,0.3500,5883.18,4925.92
O-03258,2025-10-31,C-0226,EU,UK & Ireland,Software,Direct,47,347.43,0.3500,10613.99,4945.34
O-03259,2025-10-31,C-0472,EU,Southern Europe,Software,Online,119,365.92,0.2792,31388.44,13297.06
O-03260,2025-10-31,C-0255,EU,UK & Ireland,Hardware,Partner,8,1465.81,0.3500,7622.21,8060.16
O-03261,2025-10-31,C-0430,EU,UK & Ireland,Software,Online,91,741.14,0.2712,49154.35,20576.01
O-03262,2025-10-31,C-0029,US,US West,Hardware,Direct,3,3763.62,0.3500,7339.06,7555.53
O-03263,2025-10-31,C-0007,EU,Southern Europe,Software,Direct,11,71.38,0.3500,510.37,232.43
O-03264,2025-10-31,C-0079,EU,DACH,Hardware,Partner,18,3787.13,0.3500,44309.42,46468.26
O-03265,2025-10-31,C-0393,EU,Southern Europe,Software,Online,59,747.08,0.2664,32333.39,13020.12
O-03266,2025-10-31,C-0011,EU,DACH,Services,Partner,4,133.41,0.3500,346.87,341.28
O-03267,2025-10-31,C-0271,EU,DACH,Software,Partner,70,432.10,0.3500,19660.55,9377.90
O-03268,2025-10-31,C-0242,APAC,Japan,Hardware,Partner,7,4197.42,0.3500,19098.26,20027.35
O-03269,2025-11-01,C-0659,EU,Benelux & Nordics,Software,Online,100,844.37,0.2747,61241.61,26379.00
O-03270,2025-11-01,C-0055,EU,UK & Ireland,Software,Direct,110,638.78,0.3500,45672.77,20993.50
O-03271,2025-11-01,C-0583,EU,Benelux & Nordics,Services,Partner,8,223.65,0.3500,1162.98,1100.56
O-03272,2025-11-01,C-0222,US,US Central,Hardware,Online,17,849.76,0.2771,10442.75,9236.61
O-03273,2025-11-01,C-0384,US,US West,Support & CS,Direct,1,585.25,0.3500,380.41,319.38
O-03274,2025-11-01,C-0149,EU,Southern Europe,Services,Partner,32,196.51,0.3336,4190.47,4064.00
O-03275,2025-11-01,C-0632,APAC,Southeast Asia,Services,Partner,45,327.08,0.3486,9587.80,9176.85
O-03276,2025-11-01,C-0007,EU,Southern Europe,Software,Direct,102,852.63,0.3500,56529.37,26273.16
O-03277,2025-11-01,C-0034,US,US East,Hardware,Partner,3,2600.71,0.3462,5100.96,4943.85
O-03278,2025-11-01,C-0205,US,US East,Support & CS,Partner,8,1047.49,0.3500,5446.95,4604.56
O-03279,2025-11-01,C-0180,EU,UK & Ireland,Software,Partner,31,132.86,0.3500,2677.13,1240.62
O-03280,2025-11-01,C-0207,APAC,Japan,Support & CS,Direct,2,1006.26,0.3500,1308.14,1104.84
O-03281,2025-11-01,C-0605,EU,Benelux & Nordics,Hardware,Partner,12,2765.30,0.3418,21842.39,21985.08
O-03282,2025-11-01,C-0245,US,US East,Services,Online,39,122.99,0.2773,3466.44,3016.26
O-03283,2025-11-01,C-0391,EU,DACH,Services,Partner,15,379.18,0.3321,3798.56,3617.10
O-03284,2025-11-01,C-0283,APAC,Southeast Asia,Support & CS,Direct,7,1929.27,0.3500,8778.18,7468.02
O-03285,2025-11-01,C-0268,EU,UK & Ireland,Hardware,Partner,17,2264.70,0.3338,25647.04,26274.52
O-03286,2025-11-02,C-0193,US,US West,Hardware,Partner,2,1275.29,0.3343,1698.04,1665.10
O-03287,2025-11-02,C-0519,US,US East,Hardware,Partner,17,1552.12,0.3500,17150.93,17200.77
O-03288,2025-11-02,C-0781,APAC,Greater China,Hardware,Partner,9,4104.84,0.3308,24722.41,25011.81
O-03289,2025-11-02,C-0120,EU,Benelux & Nordics,Hardware,Online,14,4065.87,0.2697,41571.28,38294.34
O-03290,2025-11-02,C-0352,US,US West,Software,Partner,97,794.71,0.3388,50972.88,23377.00
O-03291,2025-11-02,C-0314,EU,DACH,Support & CS,Partner,7,355.81,0.3500,1618.94,1365.28
O-03292,2025-11-02,C-0125,EU,DACH,Services,Partner,27,497.59,0.3500,8732.70,8576.01
O-03293,2025-11-02,C-0580,EU,Benelux & Nordics,Support & CS,Online,10,2137.12,0.2780,15429.31,12064.00
O-03294,2025-11-02,C-0264,APAC,Greater China,Software,Direct,7,526.59,0.3500,2395.98,1136.17
O-03295,2025-11-02,C-0754,EU,DACH,Hardware,Online,13,2436.61,0.2729,23033.11,21314.67
O-03296,2025-11-02,C-0577,US,US East,Support & CS,Online,10,710.31,0.2506,5323.08,3772.20
O-03297,2025-11-02,C-0384,US,US West,Services,Partner,19,621.24,0.3500,7672.73,7126.52
O-03298,2025-11-02,C-0363,EU,DACH,Software,Online,68,179.51,0.2657,8963.65,3748.84
O-03299,2025-11-02,C-0692,US,US East,Support & CS,Partner,6,2306.48,0.3500,8995.27,7290.72
O-03300,2025-11-02,C-0138,EU,DACH,Hardware,Online,2,616.58,0.2654,905.83,846.40
O-03301,2025-11-02,C-0761,US,US West,Support & CS,Direct,4,862.92,0.3500,2243.59,1843.92
O-03302,2025-11-02,C-0272,EU,UK & Ireland,Support & CS,Partner,12,2291.58,0.3500,17874.32,15026.76
O-03303,2025-11-02,C-0756,US,US West,Hardware,Direct,10,1845.76,0.3500,11997.44,12102.10
O-03304,2025-11-02,C-0371,EU,Benelux & Nordics,Services,Direct,38,166.68,0.3500,4117.00,3883.98
O-03305,2025-11-02,C-0471,US,US East,Hardware,Partner,15,351.63,0.3500,3428.39,3399.75
O-03306,2025-11-02,C-0781,APAC,Greater China,Hardware,Direct,14,3337.16,0.3500,30368.16,31641.96
O-03307,2025-11-02,C-0050,EU,Southern Europe,Services,Direct,42,139.57,0.3500,3810.26,3588.90
O-03308,2025-11-02,C-0301,US,US Central,Software,Partner,33,502.14,0.3366,10992.22,4990.92
O-03309,2025-11-02,C-0205,US,US East,Software,Direct,94,79.40,0.3500,4851.34,2185.50
O-03310,2025-11-02,C-0007,EU,Southern Europe,Services,Partner,5,412.65,0.3500,1341.11,1260.05
O-03311,2025-11-03,C-0090,APAC,Southeast Asia,Support & CS,Online,1,619.23,0.2539,462.03,346.22
O-03312,2025-11-03,C-0062,EU,UK & Ireland,Support & CS,Partner,3,1411.16,0.3500,2751.76,2338.86
O-03313,2025-11-03,C-0752,EU,Benelux & Nordics,Software,Online,90,536.10,0.2743,35015.25,15121.80
O-03314,2025-11-03,C-0070,US,US West,Hardware,Online,3,685.89,0.2739,1494.10,1350.90
O-03315,2025-11-03,C-0335,US,US West,Software,Partner,56,290.28,0.3500,10566.19,4918.48
O-03316,2025-11-03,C-0763,APAC,ANZ,Software,Partner,66,209.43,0.3500,8984.55,4139.52
O-03317,2025-11-03,C-0068,EU,UK & Ireland,Hardware,Online,2,1090.81,0.2491,1638.12,1455.48
O-03318,2025-11-03,C-0201,APAC,Greater China,Support & CS,Partner,9,1787.96,0.3306,10772.12,9020.34
O-03319,2025-11-03,C-0359,EU,DACH,Software,Online,92,562.07,0.2593,38301.93,15989.60
O-03320,2025-11-03,C-0145,US,US East,Software,Partner,23,342.93,0.3500,5126.80,2306.67
O-03321,2025-11-03,C-0149,EU,Southern Europe,Support & CS,Partner,6,1667.49,0.3500,6503.21,5478.54
O-03322,2025-11-03,C-0056,US,US East,Services,Partner,30,593.94,0.3500,11581.83,10976.40
O-03323,2025-11-03,C-0704,US,US West,Hardware,Partner,14,2243.08,0.3452,20562.03,20342.00
O-03324,2025-11-03,C-0494,APAC,Southeast Asia,Hardware,Direct,14,2763.56,0.3500,25148.40,25699.10
O-03325,2025-11-03,C-0190,EU,Benelux & Nordics,Software,Partner,99,66.64,0.3416,4343.51,2010.69
O-03326,2025-11-03,C-0425,EU,Benelux & Nordics,Hardware,Online,4,2227.28,0.2500,6682.13,5926.32
O-03327,2025-11-03,C-0743,US,US Central,Hardware,Partner,13,3819.93,0.3500,32278.41,32439.29
O-03328,2025-11-03,C-0428,US,US East,Support & CS,Partner,12,748.35,0.3455,5877.98,4863.84
O-03329,2025-11-03,C-0148,EU,Benelux & Nordics,Software,Partner,65,303.16,0.3412,12981.52,5827.25
O-03330,2025-11-03,C-0108,APAC,Greater China,Hardware,Online,16,438.95,0.2737,5100.90,4678.24
O-03331,2025-11-03,C-0102,US,US East,Support & CS,Partner,4,1648.04,0.3318,4404.63,3486.36
O-03332,2025-11-03,C-0655,EU,DACH,Hardware,Partner,2,1519.88,0.3500,1975.84,2009.62
O-03333,2025-11-03,C-0626,EU,DACH,Hardware,Partner,9,1300.25,0.3459,7654.77,7668.90
O-03334,2025-11-03,C-0365,APAC,ANZ,Services,Partner,26,220.70,0.3500,3729.83,3576.82
O-03335,2025-11-03,C-0764,APAC,Greater China,Services,Partner,39,171.90,0.3500,4357.66,4227.99
O-03336,2025-11-03,C-0215,APAC,Japan,Hardware,Direct,12,1712.52,0.3500,13357.66,13911.00
O-03337,2025-11-03,C-0289,US,US West,Software,Online,83,423.21,0.2316,26992.40,10428.95
O-03338,2025-11-04,C-0656,APAC,Greater China,Hardware,Partner,4,649.28,0.3500,1688.13,1749.28
O-03339,2025-11-04,C-0555,APAC,Southeast Asia,Hardware,Online,1,3859.83,0.2442,2917.19,2612.71
O-03340,2025-11-04,C-0194,US,US West,Software,Online,78,447.39,0.2423,26442.68,10375.56
O-03341,2025-11-04,C-0542,US,US West,Services,Direct,22,197.56,0.3500,2825.11,2614.92
O-03342,2025-11-04,C-0494,APAC,Southeast Asia,Hardware,Direct,2,1314.01,0.3500,1708.21,1717.56
O-03343,2025-11-04,C-0604,EU,Southern Europe,Software,Online,120,687.47,0.2553,61436.48,25323.60
O-03344,2025-11-04,C-0191,US,US East,Software,Partner,105,333.87,0.3415,23083.80,10384.50
O-03345,2025-11-04,C-0565,EU,Southern Europe,Software,Direct,93,277.68,0.3500,16785.76,7985.91
O-03346,2025-11-04,C-0281,US,US Central,Support & CS,Direct,4,1773.73,0.3500,4611.70,3810.00
O-03347,2025-11-04,C-0062,EU,UK & Ireland,Hardware,Online,8,3070.37,0.2395,18679.01,16462.96
O-03348,2025-11-04,C-0236,US,US East,Software,Partner,15,322.10,0.3500,3140.47,1412.70
O-03349,2025-11-04,C-0132,US,US West,Support & CS,Direct,3,541.72,0.3500,1056.35,855.99
O-03350,2025-11-04,C-0208,US,US East,Hardware,Partner,10,2806.11,0.3500,18239.72,17881.40
O-03351,2025-11-04,C-0469,EU,UK & Ireland,Hardware,Partner,6,3077.14,0.3486,12026.25,12515.28
O-03352,2025-11-04,C-0432,APAC,ANZ,Services,Online,5,274.77,0.2696,1003.45,847.30
O-03353,2025-11-04,C-0100,EU,DACH,Support & CS,Direct,12,1634.39,0.3500,12748.24,10698.84
O-03354,2025-11-04,C-0102,US,US East,Services,Direct,31,277.22,0.3500,5585.98,5214.82
O-03355,2025-11-04,C-0002,APAC,Japan,Software,Direct,80,344.57,0.3500,17917.64,8212.80
O-03356,2025-11-04,C-0778,US,US West,Hardware,Partner,1,3688.11,0.3500,2397.27,2448.75
O-03357,2025-11-04,C-0133,US,US West,Software,Partner,75,713.73,0.3500,34794.34,15921.00
O-03358,2025-11-04,C-0021,EU,DACH,Hardware,Direct,16,2441.79,0.3500,25394.62,25458.40
O-03359,2025-11-04,C-0286,US,US East,Services,Online,40,329.70,0.2700,9627.00,7966.00
O-03360,2025-11-04,C-0107,US,US Central,Hardware,Online,18,3740.22,0.2303,51821.12,43632.72
O-03361,2025-11-04,C-0317,US,US East,Hardware,Direct,10,1658.30,0.3500,10778.95,10923.10
O-03362,2025-11-04,C-0433,US,US Central,Services,Direct,13,149.21,0.3500,1260.82,1190.80
O-03363,2025-11-04,C-0236,US,US East,Software,Direct,64,413.46,0.3500,17199.94,7969.92
O-03364,2025-11-04,C-0405,EU,DACH,Services,Direct,6,647.40,0.3500,2524.86,2384.76
O-03365,2025-11-04,C-0294,EU,Southern Europe,Software,Direct,118,813.61,0.3500,62403.89,29509.44
O-03366,2025-11-04,C-0766,EU,DACH,Software,Partner,102,795.25,0.3329,54114.77,24112.80
O-03367,2025-11-04,C-0643,EU,DACH,Software,Partner,81,887.12,0.3325,47964.90,21622.14
O-03368,2025-11-04,C-0577,US,US East,Hardware,Direct,14,1258.38,0.3500,11451.26,11297.58
O-03369,2025-11-05,C-0245,US,US East,Hardware,Direct,12,1331.21,0.3500,10383.44,10387.20
O-03370,2025-11-05,C-0578,APAC,ANZ,Hardware,Partner,11,2283.87,0.3500,16329.67,16388.90
O-03371,2025-11-05,C-0759,EU,UK & Ireland,Software,Online,8,389.19,0.2708,2270.24,973.28
O-03372,2025-11-05,C-0096,US,US East,Services,Online,15,644.96,0.2468,7286.37,5949.00
O-03373,2025-11-05,C-0594,EU,Benelux & Nordics,Support & CS,Direct,8,296.43,0.3500,1541.44,1346.24
O-03374,2025-11-05,C-0222,US,US Central,Services,Partner,1,414.83,0.3500,269.64,254.18
O-03375,2025-11-05,C-0341,EU,UK & Ireland,Software,Direct,81,427.14,0.3500,22488.92,10755.18
O-03376,2025-11-05,C-0193,US,US West,Hardware,Partner,4,1847.99,0.3438,4850.60,4896.96
O-03377,2025-11-05,C-0651,US,US Central,Software,Partner,7,707.72,0.3500,3220.13,1476.86
O-03378,2025-11-05,C-0116,US,US East,Software,Online,101,306.66,0.2488,23267.54,8950.62
O-03379,2025-11-05,C-0074,US,US West,Software,Online,117,581.51,0.2320,52253.67,19853.73
O-03380,2025-11-05,C-0115,US,US East,Support & CS,Direct,3,1727.08,0.3500,3367.81,2806.80
O-03381,2025-11-05,C-0788,EU,UK & Ireland,Hardware,Partner,15,3992.39,0.3357,39779.21,39782.40
O-03382,2025-11-05,C-0761,US,US West,Hardware,Partner,5,1621.49,0.3385,5362.89,5410.80
O-03383,2025-11-05,C-0035,APAC,Greater China,Hardware,Partner,5,4164.50,0.3500,13534.62,13654.50
O-03384,2025-11-05,C-0061,US,US Central,Hardware,Direct,13,2798.81,0.3500,23649.94,23126.61
O-03385,2025-11-05,C-0134,EU,UK & Ireland,Support & CS,Partner,9,431.94,0.3406,2563.21,2203.92
O-03386,2025-11-05,C-0643,EU,DACH,Services,Direct,36,530.56,0.3500,12415.10,12330.36
O-03387,2025-11-05,C-0664,APAC,Japan,Hardware,Direct,17,2956.05,0.3500,32664.35,34306.85
O-03388,2025-11-05,C-0287,US,US East,Services,Direct,17,289.30,0.3500,3196.77,2932.50
O-03389,2025-11-06,C-0125,EU,DACH,Hardware,Direct,18,2193.27,0.3500,25661.26,26801.28
O-03390,2025-11-06,C-0048,EU,Southern Europe,Support & CS,Online,8,1283.74,0.2663,7535.02,5662.00
O-03391,2025-11-06,C-0022,APAC,Southeast Asia,Services,Partner,29,517.39,0.3500,9752.80,9554.63
O-03392,2025-11-06,C-0669,EU,UK & Ireland,Services,Partner,38,648.68,0.3500,16022.40,15179.48
O-03393,2025-11-06,C-0505,APAC,Greater China,Support & CS,Partner,5,934.43,0.3347,3108.42,2565.45
O-03394,2025-11-06,C-0282,APAC,Southeast Asia,Support & CS,Partner,2,1336.79,0.3394,1766.18,1446.02
O-03395,2025-11-06,C-0575,US,US West,Software,Partner,98,100.13,0.3481,6397.08,2866.50
O-03396,2025-11-06,C-0519,US,US East,Hardware,Online,4,776.83,0.2729,2259.35,2063.08
O-03397,2025-11-06,C-0643,EU,DACH,Support & CS,Partner,2,1968.44,0.3500,2558.97,2172.64
O-03398,2025-11-06,C-0043,EU,Southern Europe,Services,Direct,20,495.87,0.3500,6446.31,6069.40
O-03399,2025-11-06,C-0378,EU,Benelux & Nordics,Hardware,Partner,18,376.58,0.3500,4406.18,4423.32
O-03400,2025-11-06,C-0769,US,US West,Software,Partner,47,756.05,0.3500,23097.33,10207.46
O-03401,2025-11-06,C-0383,EU,DACH,Hardware,Partner,13,3589.70,0.3380,30890.99,31200.00
O-03402,2025-11-06,C-0029,US,US West,Hardware,Online,4,1870.91,0.2671,5485.06,4797.36
O-03403,2025-11-06,C-0359,EU,DACH,Hardware,Partner,2,1657.48,0.3500,2154.72,2272.48
O-03404,2025-11-06,C-0190,EU,Benelux & Nordics,Hardware,Partner,18,2477.79,0.3367,29581.60,29041.20
O-03405,2025-11-06,C-0068,EU,UK & Ireland,Software,Partner,36,834.26,0.3450,19673.06,9279.72
O-03406,2025-11-06,C-0373,US,US West,Support & CS,Direct,11,1306.95,0.3500,9344.69,7704.07
O-03407,2025-11-06,C-0734,US,US West,Support & CS,Partner,11,2380.42,0.3307,17525.34,14195.06
O-03408,2025-11-06,C-0659,EU,Benelux & Nordics,Support & CS,Online,3,847.62,0.2619,1876.95,1424.13
O-03409,2025-11-06,C-0318,US,US East,Services,Online,15,391.75,0.2626,4333.19,3669.30
O-03410,2025-11-06,C-0301,US,US Central,Software,Partner,105,495.56,0.3500,33821.97,15185.10
O-03411,2025-11-06,C-0651,US,US Central,Software,Direct,22,793.74,0.3500,11350.48,5133.04
O-03412,2025-11-06,C-0096,US,US East,Hardware,Partner,16,518.29,0.3362,5504.49,5488.32
O-03413,2025-11-06,C-0394,EU,DACH,Hardware,Partner,6,3257.39,0.3500,12703.82,12742.20
O-03414,2025-11-07,C-0478,EU,UK & Ireland,Hardware,Online,12,2507.60,0.2619,22211.06,19566.96
O-03415,2025-11-07,C-0433,US,US Central,Support & CS,Direct,12,2384.08,0.3500,18595.82,15302.40
O-03416,2025-11-07,C-0459,EU,UK & Ireland,Hardware,Partner,15,2191.71,0.3500,21369.17,21707.10
O-03417,2025-11-07,C-0229,US,US West,Hardware,Partner,18,3601.31,0.3417,42673.89,41634.00
O-03418,2025-11-07,C-0658,US,US East,Hardware,Partner,11,1990.49,0.3500,14232.00,14156.45
O-03419,2025-11-07,C-0345,EU,UK & Ireland,Services,Direct,7,182.85,0.3500,831.97,807.73
O-03420,2025-11-07,C-0454,EU,DACH,Support & CS,Online,7,1490.37,0.2301,8032.22,5670.91
O-03421,2025-11-07,C-0359,EU,DACH,Software,Online,86,352.91,0.2565,22564.72,9493.54
O-03422,2025-11-07,C-0501,US,US West,Services,Online,38,503.99,0.2361,14630.21,11876.14
O-03423,2025-11-07,C-0454,EU,DACH,Support & CS,Partner,2,2264.34,0.3500,2943.64,2482.30
O-03424,2025-11-07,C-0349,APAC,Greater China,Support & CS,Partner,7,1713.60,0.3500,7796.88,6611.85
O-03425,2025-11-07,C-0133,US,US West,Hardware,Direct,4,3890.16,0.3500,10114.42,10133.44
O-03426,2025-11-07,C-0041,US,US Central,Software,Partner,96,545.58,0.3500,34044.19,15168.96
O-03427,2025-11-07,C-0158,US,US West,Hardware,Partner,6,3983.22,0.3374,15836.62,15167.10
O-03428,2025-11-07,C-0475,APAC,Japan,Services,Partner,25,217.80,0.3500,3539.25,3405.75
O-03429,2025-11-07,C-0310,US,US Central,Software,Partner,88,815.13,0.3381,47480.66,21720.16
O-03430,2025-11-07,C-0301,US,US Central,Hardware,Partner,2,2231.90,0.3500,2901.47,2851.52
O-03431,2025-11-07,C-0396,EU,DACH,Hardware,Partner,14,1574.61,0.3500,14328.95,15011.64
O-03432,2025-11-07,C-0360,EU,DACH,Software,Direct,120,189.25,0.3500,14761.50,6711.60
O-03433,2025-11-07,C-0054,EU,UK & Ireland,Support & CS,Online,4,2136.52,0.2338,6547.95,4775.56
O-03434,2025-11-07,C-0035,APAC,Greater China,Hardware,Direct,18,3508.43,0.3500,41048.63,42538.50
O-03435,2025-11-07,C-0699,US,US Central,Support & CS,Online,10,625.62,0.2322,4803.23,3388.50
O-03436,2025-11-07,C-0229,US,US West,Hardware,Direct,11,1760.59,0.3500,12588.22,12556.28
O-03437,2025-11-07,C-0206,APAC,Japan,Support & CS,Partner,4,2192.59,0.3500,5700.73,4759.92
O-03438,2025-11-07,C-0113,US,US East,Hardware,Direct,9,1769.05,0.3500,10348.94,10086.75
O-03439,2025-11-07,C-0005,EU,DACH,Software,Direct,92,768.18,0.3500,45937.16,21742.36
O-03440,2025-11-07,C-0599,EU,UK & Ireland,Services,Partner,2,249.58,0.3500,324.45,314.34
O-03441,2025-11-07,C-0774,US,US East,Hardware,Online,18,900.12,0.2362,12374.94,10285.74
O-03442,2025-11-07,C-0494,APAC,Southeast Asia,Support & CS,Partner,7,483.94,0.3500,2201.93,1840.58
O-03443,2025-11-07,C-0646,EU,DACH,Software,Direct,27,786.62,0.3500,13805.18,6310.44
O-03444,2025-11-07,C-0169,EU,Benelux & Nordics,Services,Direct,19,302.61,0.3500,3737.23,3607.72
O-03445,2025-11-07,C-0394,EU,DACH,Services,Partner,20,609.58,0.3399,8047.17,7443.80
O-03446,2025-11-08,C-0089,US,US West,Hardware,Partner,4,3197.39,0.3422,8413.58,8374.84
O-03447,2025-11-08,C-0622,US,US East,Services,Partner,5,553.43,0.3353,1839.28,1689.60
O-03448,2025-11-08,C-0028,APAC,Greater China,Software,Online,30,150.57,0.2697,3299.05,1362.90
O-03449,2025-11-08,C-0455,US,US West,Hardware,Partner,13,3856.71,0.3392,33132.07,32728.41
O-03450,2025-11-08,C-0198,EU,Southern Europe,Support & CS,Partner,2,2318.41,0.3500,3013.93,2569.48
O-03451,2025-11-08,C-0595,EU,Benelux & Nordics,Hardware,Partner,2,1748.99,0.3500,2273.69,2344.92
O-03452,2025-11-08,C-0158,US,US West,Support & CS,Partner,6,1340.68,0.3500,5228.65,4475.94
O-03453,2025-11-08,C-0617,APAC,ANZ,Software,Partner,24,514.29,0.3500,8022.92,3704.40
O-03454,2025-11-08,C-0171,EU,Southern Europe,Software,Partner,94,699.80,0.3394,43454.41,20449.70
O-03455,2025-11-08,C-0637,APAC,Greater China,Software,Partner,33,204.35,0.3500,4383.31,2018.94
O-03456,2025-11-08,C-0610,EU,Southern Europe,Hardware,Online,18,1234.93,0.2525,16616.73,14691.06
O-03457,2025-11-08,C-0131,EU,DACH,Software,Partner,103,163.93,0.3500,10975.11,5175.75
O-03458,2025-11-08,C-0145,US,US East,Services,Direct,5,600.40,0.3500,1951.30,1843.80
O-03459,2025-11-08,C-0556,US,US West,Hardware,Partner,17,2056.68,0.3403,23066.57,22079.09
O-03460,2025-11-08,C-0165,EU,Benelux & Nordics,Hardware,Direct,12,1443.24,0.3500,11257.27,11748.12
O-03461,2025-11-08,C-0061,US,US Central,Hardware,Direct,13,2229.71,0.3500,18841.05,18782.01
O-03462,2025-11-08,C-0051,APAC,Japan,Software,Direct,59,892.53,0.3500,34228.53,16158.33
O-03463,2025-11-08,C-0284,EU,Southern Europe,Hardware,Online,17,3636.72,0.2633,45545.89,41106.68
O-03464,2025-11-08,C-0660,EU,Benelux & Nordics,Support & CS,Direct,5,777.85,0.3500,2528.01,2111.70
O-03465,2025-11-08,C-0091,EU,DACH,Services,Direct,30,298.20,0.3500,5814.90,5729.40
O-03466,2025-11-08,C-0196,APAC,Japan,Support & CS,Partner,3,1970.22,0.3344,3934.22,3217.56
O-03467,2025-11-08,C-0102,US,US East,Software,Online,102,837.41,0.2709,62272.68,24959.40
O-03468,2025-11-08,C-0376,EU,DACH,Software,Partner,108,789.22,0.3500,55403.24,25206.12
O-03469,2025-11-08,C-0249,EU,DACH,Support & CS,Partner,6,910.67,0.3488,3558.24,3034.44
O-03470,2025-11-08,C-0377,EU,DACH,Services,Online,28,464.07,0.2670,9524.81,8023.40
O-03471,2025-11-08,C-0537,EU,UK & Ireland,Hardware,Online,17,2930.75,0.2678,36481.87,34132.94
O-03472,2025-11-08,C-0254,EU,DACH,Hardware,Partner,7,1074.35,0.3500,4888.29,4982.39
O-03473,2025-11-08,C-0146,US,US West,Hardware,Online,6,2563.24,0.2770,11119.94,10097.28
O-03474,2025-11-08,C-0542,US,US West,Hardware,Partner,4,3857.54,0.3489,10045.89,9838.88
O-03475,2025-11-08,C-0310,US,US Central,Software,Online,97,847.11,0.2438,62138.87,24048.24
O-03476,2025-11-09,C-0621,APAC,ANZ,Services,Partner,40,248.17,0.3500,6452.42,6036.80
O-03477,2025-11-09,C-0703,EU,DACH,Support & CS,Partner,2,1367.41,0.3500,1777.63,1514.00
O-03478,2025-11-09,C-0467,US,US Central,Services,Direct,39,190.39,0.3500,4826.39,4571.58
O-03479,2025-11-09,C-0562,US,US Central,Software,Direct,55,221.83,0.3500,7930.42,3676.20
O-03480,2025-11-09,C-0039,US,US West,Software,Partner,40,413.84,0.3362,10988.20,4795.20
O-03481,2025-11-09,C-0368,EU,DACH,Services,Online,43,462.98,0.2728,14477.34,12674.68
O-03482,2025-11-09,C-0800,US,US Central,Hardware,Partner,12,369.04,0.3380,2931.80,2809.80
O-03483,2025-11-09,C-0578,APAC,ANZ,Hardware,Partner,8,649.05,0.3354,3451.06,3340.88
O-03484,2025-11-09,C-0209,EU,UK & Ireland,Services,Direct,16,391.78,0.3500,4074.51,3892.16
O-03485,2025-11-09,C-0795,EU,DACH,Hardware,Online,10,1919.42,0.2379,14627.33,12659.70
O-03486,2025-11-09,C-0191,US,US East,Services,Direct,1,425.57,0.3500,276.62,253.39
O-03487,2025-11-09,C-0135,APAC,Southeast Asia,Services,Partner,38,510.58,0.3500,12611.33,11952.90
O-03488,2025-11-09,C-0670,APAC,Greater China,Software,Partner,84,110.70,0.3304,6226.89,2775.36
O-03489,2025-11-09,C-0398,EU,DACH,Services,Partner,28,219.37,0.3500,3992.53,3751.72
O-03490,2025-11-09,C-0291,EU,UK & Ireland,Hardware,Direct,3,2202.32,0.3500,4294.52,4391.94
O-03491,2025-11-09,C-0733,EU,UK & Ireland,Hardware,Partner,1,662.71,0.3305,443.65,450.51
O-03492,2025-11-09,C-0373,US,US West,Software,Direct,59,884.00,0.3500,33901.40,15340.59
O-03493,2025-11-09,C-0518,APAC,Southeast Asia,Services,Partner,5,176.76,0.3500,574.47,557.65
O-03494,2025-11-09,C-0086,EU,UK & Ireland,Software,Online,38,472.73,0.2733,13054.00,5443.88
O-03495,2025-11-09,C-0229,US,US West,Software,Partner,39,416.88,0.3463,10628.32,4741.23
O-03496,2025-11-09,C-0462,EU,Benelux & Nordics,Services,Partner,37,339.17,0.3319,8384.30,7771.48
O-03497,2025-11-09,C-0207,APAC,Japan,Software,Partner,77,635.95,0.3500,31829.30,14700.07
O-03498,2025-11-09,C-0597,APAC,ANZ,Hardware,Online,10,1161.04,0.2574,8622.02,7516.70
O-03499,2025-11-09,C-0708,EU,DACH,Hardware,Direct,17,956.66,0.3500,10571.09,11013.79
O-03500,2025-11-09,C-0169,EU,Benelux & Nordics,Software,Partner,115,764.94,0.3500,57179.27,26832.95
O-03501,2025-11-09,C-0466,US,US East,Hardware,Online,4,3195.10,0.2423,9683.55,8437.56
O-03502,2025-11-09,C-0127,EU,UK & Ireland,Services,Direct,2,491.08,0.3500,638.40,616.84
O-03503,2025-11-09,C-0309,EU,UK & Ireland,Services,Partner,26,326.56,0.3500,5518.86,5274.62
O-03504,2025-11-09,C-0444,EU,DACH,Hardware,Partner,9,2424.56,0.3357,14494.73,14922.54
O-03505,2025-11-10,C-0519,US,US East,Software,Online,120,179.48,0.2715,15690.26,6345.60
O-03506,2025-11-10,C-0553,US,US Central,Hardware,Direct,9,4136.10,0.3500,24196.19,24365.43
O-03507,2025-11-10,C-0216,APAC,Japan,Support & CS,Direct,4,2234.56,0.3500,5809.86,5076.76
O-03508,2025-11-10,C-0643,EU,DACH,Support & CS,Partner,11,2202.37,0.3408,15969.78,13265.12
O-03509,2025-11-10,C-0143,US,US Central,Hardware,Partner,15,2415.35,0.3480,23621.88,23050.80
O-03510,2025-11-10,C-0222,US,US Central,Services,Direct,40,439.94,0.3500,11438.44,11022.80
O-03511,2025-11-10,C-0784,US,US Central,Hardware,Online,12,464.69,0.2727,4055.77,3688.80
O-03512,2025-11-10,C-0674,EU,DACH,Software,Partner,37,549.64,0.3383,13457.19,6287.78
O-03513,2025-11-10,C-0274,US,US East,Support & CS,Direct,11,2115.89,0.3500,15128.61,12273.69
O-03514,2025-11-10,C-0527,US,US West,Hardware,Partner,15,3939.75,0.3399,39009.58,38701.95
O-03515,2025-11-10,C-0015,US,US East,Hardware,Direct,15,3565.91,0.3500,34767.62,34110.30
O-03516,2025-11-10,C-0472,EU,Southern Europe,Software,Partner,117,321.23,0.3327,25080.83,11166.48
O-03517,2025-11-10,C-0721,APAC,Southeast Asia,Hardware,Direct,10,2706.15,0.3500,17589.98,18410.80
O-03518,2025-11-10,C-0655,EU,DACH,Hardware,Direct,15,2163.99,0.3500,21098.90,21693.00
O-03519,2025-11-10,C-0785,US,US East,Software,Partner,17,468.12,0.3500,5172.73,2282.08
O-03520,2025-11-10,C-0341,EU,UK & Ireland,Hardware,Partner,17,1090.89,0.3500,12054.33,12311.57
O-03521,2025-11-10,C-0115,US,US East,Hardware,Online,14,2046.75,0.2638,21094.44,18181.10
O-03522,2025-11-10,C-0573,APAC,Southeast Asia,Hardware,Partner,5,2428.79,0.3500,7893.57,8066.90
O-03523,2025-11-10,C-0185,APAC,ANZ,Services,Direct,24,332.67,0.3500,5189.65,5043.36
O-03524,2025-11-10,C-0743,US,US Central,Hardware,Online,17,2246.98,0.2321,29333.54,25482.66
O-03525,2025-11-10,C-0734,US,US West,Support & CS,Partner,8,588.16,0.3500,3058.43,2612.80
O-03526,2025-11-10,C-0490,US,US West,Services,Direct,9,581.54,0.3500,3402.01,3162.78
O-03527,2025-11-10,C-0352,US,US West,Support & CS,Partner,11,1342.60,0.3333,9846.59,8101.17
O-03528,2025-11-10,C-0421,EU,Southern Europe,Services,Direct,13,348.26,0.3500,2942.80,2836.73
O-03529,2025-11-10,C-0765,US,US East,Services,Partner,29,132.35,0.3500,2494.80,2379.45
O-03530,2025-11-10,C-0649,EU,DACH,Hardware,Partner,10,3832.35,0.3310,25638.57,25752.10
O-03531,2025-11-10,C-0124,US,US East,Software,Direct,32,274.73,0.3500,5714.38,2577.60
O-03532,2025-11-10,C-0630,US,US Central,Hardware,Direct,5,3907.60,0.3500,12699.70,12516.65
O-03533,2025-11-10,C-0147,APAC,Greater China,Support & CS,Online,8,1900.15,0.2513,11380.95,8311.92
O-03534,2025-11-10,C-0236,US,US East,Services,Partner,40,264.86,0.3500,6886.36,6320.00
O-03535,2025-11-10,C-0045,US,US East,Software,Partner,28,754.92,0.3500,13739.54,6067.60
O-03536,2025-11-10,C-0017,US,US Central,Hardware,Direct,18,3662.17,0.3500,42847.39,43426.62
O-03537,2025-11-10,C-0684,US,US East,Hardware,Direct,6,993.93,0.3500,3876.33,3807.96
O-03538,2025-11-11,C-0468,EU,Southern Europe,Hardware,Online,17,2592.12,0.2711,32117.88,29274.17
O-03539,2025-11-11,C-0738,EU,DACH,Hardware,Direct,2,1719.61,0.3500,2235.49,2280.24
O-03540,2025-11-11,C-0482,APAC,Greater China,Hardware,Online,8,1830.81,0.2590,10852.34,9669.44
O-03541,2025-11-11,C-0029,US,US West,Support & CS,Partner,8,1673.05,0.3500,8699.86,7149.04
O-03542,2025-11-11,C-0402,APAC,Greater China,Software,Direct,43,716.50,0.3500,20026.17,9137.50
O-03543,2025-11-11,C-0517,EU,UK & Ireland,Services,Partner,4,448.52,0.3500,1166.15,1100.56
O-03544,2025-11-11,C-0359,EU,DACH,Hardware,Direct,1,3459.76,0.3500,2248.84,2347.25
O-03545,2025-11-11,C-0780,EU,DACH,Services,Partner,36,372.87,0.3500,8725.16,8634.24
O-03546,2025-11-11,C-0395,US,US West,Hardware,Partner,8,3407.89,0.3500,17721.03,17900.56
O-03547,2025-11-11,C-0761,US,US West,Support & CS,Partner,1,1437.97,0.3320,960.61,777.61
O-03548,2025-11-11,C-0332,EU,Benelux & Nordics,Hardware,Partner,4,1541.90,0.3500,4008.94,4028.08
O-03549,2025-11-11,C-0597,APAC,ANZ,Services,Partner,43,371.19,0.3500,10374.76,10102.85
O-03550,2025-11-11,C-0148,EU,Benelux & Nordics,Support & CS,Partner,2,1331.74,0.3406,1756.37,1475.42
O-03551,2025-11-11,C-0341,EU,UK & Ireland,Software,Direct,77,105.87,0.3500,5298.79,2541.77
O-03552,2025-11-11,C-0537,EU,UK & Ireland,Services,Partner,38,279.15,0.3500,6895.00,6703.96
O-03553,2025-11-11,C-0609,EU,DACH,Software,Partner,101,801.13,0.3317,54077.88,25228.79
O-03554,2025-11-11,C-0440,EU,UK & Ireland,Hardware,Partner,12,2313.22,0.3500,18043.12,18832.32
O-03555,2025-11-11,C-0312,US,US West,Software,Direct,63,296.70,0.3500,12149.86,5665.59
O-03556,2025-11-11,C-0530,APAC,Greater China,Services,Online,12,539.33,0.2644,4760.49,3953.88
O-03557,2025-11-11,C-0521,EU,DACH,Hardware,Partner,5,1728.71,0.3500,5618.31,5776.15
O-03558,2025-11-11,C-0375,US,US Central,Support & CS,Direct,7,1852.97,0.3500,8431.01,7174.79
O-03559,2025-11-11,C-0340,EU,DACH,Hardware,Partner,5,3593.27,0.3500,11678.13,12013.10
O-03560,2025-11-11,C-0251,APAC,Japan,Software,Partner,67,741.41,0.3406,32753.22,15114.53
O-03561,2025-11-11,C-0785,US,US East,Software,Direct,16,347.69,0.3500,3615.98,1687.36
O-03562,2025-11-11,C-0566,US,US West,Software,Partner,94,881.83,0.3500,53879.81,24828.22
O-03563,2025-11-11,C-0739,US,US Central,Software,Online,49,772.36,0.2332,29018.53,11397.40
O-03564,2025-11-11,C-0401,US,US East,Support & CS,Partner,11,357.46,0.3500,2555.84,2184.16
O-03565,2025-11-11,C-0010,APAC,Southeast Asia,Hardware,Direct,1,3412.32,0.3500,2218.01,2248.70
O-03566,2025-11-11,C-0212,APAC,ANZ,Software,Direct,67,406.43,0.3500,17700.03,8321.40
O-03567,2025-11-11,C-0116,US,US East,Hardware,Partner,9,3700.56,0.3492,21676.53,21285.45
O-03568,2025-11-11,C-0074,US,US West,Software,Online,64,147.62,0.2486,7099.19,2817.92
O-03569,2025-11-11,C-0330,US,US West,Hardware,Partner,4,1373.46,0.3366,3644.73,3562.52
O-03570,2025-11-12,C-0703,EU,DACH,Services,Partner,13,275.59,0.3500,2328.74,2255.24
O-03571,2025-11-12,C-0185,APAC,ANZ,Hardware,Partner,17,1771.39,0.3446,19736.74,19752.98
O-03572,2025-11-12,C-0625,EU,DACH,Support & CS,Direct,11,926.80,0.3500,6626.62,5713.95
O-03573,2025-11-12,C-0794,APAC,ANZ,Support & CS,Direct,6,1962.70,0.3500,7654.53,6592.38
O-03574,2025-11-12,C-0091,EU,DACH,Services,Direct,25,134.71,0.3500,2189.04,2091.50
O-03575,2025-11-12,C-0352,US,US West,Hardware,Partner,9,3982.31,0.3500,23296.51,23423.58
O-03576,2025-11-12,C-0067,EU,UK & Ireland,Services,Online,6,289.34,0.2469,1307.48,1116.30
O-03577,2025-11-12,C-0239,EU,DACH,Hardware,Direct,12,1547.36,0.3500,12069.41,12273.96
O-03578,2025-11-12,C-0566,US,US West,Hardware,Direct,7,3021.88,0.3500,13749.55,13576.57
O-03579,2025-11-12,C-0109,US,US East,Support & CS,Partner,9,449.37,0.3472,2640.05,2127.87
O-03580,2025-11-12,C-0267,US,US East,Hardware,Online,12,3886.39,0.2308,35871.40,30523.32
O-03581,2025-11-12,C-0353,APAC,Japan,Hardware,Partner,15,459.69,0.3313,4611.21,4449.00
O-03582,2025-11-12,C-0024,EU,UK & Ireland,Services,Partner,19,358.75,0.3500,4430.56,4413.13
O-03583,2025-11-12,C-0445,EU,DACH,Hardware,Online,6,1660.61,0.2494,7478.54,6482.34
O-03584,2025-11-12,C-0514,EU,UK & Ireland,Services,Direct,12,635.31,0.3500,4955.42,4769.16
O-03585,2025-11-12,C-0271,EU,DACH,Support & CS,Direct,4,1131.89,0.3500,2942.91,2462.32
O-03586,2025-11-12,C-0650,EU,DACH,Services,Direct,8,645.02,0.3500,3354.10,3262.00
O-03587,2025-11-12,C-0649,EU,DACH,Software,Direct,84,78.01,0.3500,4259.35,1947.96
O-03588,2025-11-12,C-0660,EU,Benelux & Nordics,Software,Online,10,306.38,0.2427,2320.10,927.90
O-03589,2025-11-12,C-0245,US,US East,Hardware,Partner,7,4081.75,0.3453,18706.59,18552.52
O-03590,2025-11-12,C-0445,EU,DACH,Software,Partner,46,743.49,0.3500,22230.35,10289.28
O-03591,2025-11-12,C-0338,EU,UK & Ireland,Software,Online,54,117.09,0.2390,4811.46,1897.02
O-03592,2025-11-12,C-0158,US,US West,Hardware,Partner,9,583.65,0.3500,3414.35,3516.39
O-03593,2025-11-12,C-0561,US,US West,Software,Partner,60,202.55,0.3398,8023.79,3616.20
O-03594,2025-11-12,C-0325,US,US East,Services,Partner,16,425.45,0.3500,4424.68,4267.04
O-03595,2025-11-12,C-0220,EU,UK & Ireland,Support & CS,Direct,10,1225.85,0.3500,7968.03,6973.70
O-03596,2025-11-12,C-0670,APAC,Greater China,Services,Online,29,634.91,0.2709,13425.36,11191.39
O-03597,2025-11-13,C-0610,EU,Southern Europe,Hardware,Partner,17,1157.90,0.3405,12982.73,12836.87
O-03598,2025-11-13,C-0488,US,US Central,Hardware,Partner,9,2651.79,0.3500,15512.97,15403.77
O-03599,2025-11-13,C-0627,US,US Central,Software,Partner,28,630.72,0.3375,11699.66,5271.00
O-03600,2025-11-13,C-0294,EU,Southern Europe,Services,Partner,8,155.59,0.3377,824.44,801.12
O-03601,2025-11-13,C-0702,EU,DACH,Software,Partner,45,614.91,0.3474,18058.65,8374.50
O-03602,2025-11-13,C-0658,US,US East,Services,Partner,33,610.62,0.3500,13097.80,12085.92
O-03603,2025-11-13,C-0741,APAC,Greater China,Hardware,Direct,9,2272.61,0.3500,13294.77,13486.50
O-03604,2025-11-13,C-0518,APAC,Southeast Asia,Software,Direct,97,839.06,0.3500,52902.73,24223.81
O-03605,2025-11-13,C-0112,EU,UK & Ireland,Hardware,Partner,18,2106.01,0.3323,25312.55,25655.76
O-03606,2025-11-13,C-0715,EU,UK & Ireland,Services,Direct,1,362.08,0.3500,235.35,224.70
O-03607,2025-11-13,C-0514,EU,UK & Ireland,Services,Online,16,398.43,0.2779,4603.11,3971.68
O-03608,2025-11-13,C-0135,APAC,Southeast Asia,Software,Partner,94,255.44,0.3416,15809.61,7339.52
O-03609,2025-11-13,C-0581,APAC,Southeast Asia,Hardware,Partner,7,3017.01,0.3500,13727.40,14355.32
O-03610,2025-11-13,C-0388,US,US East,Support & CS,Partner,6,1895.28,0.3500,7391.59,6090.78
O-03611,2025-11-13,C-0500,US,US West,Software,Partner,33,889.02,0.3488,19105.66,8627.85
O-03612,2025-11-13,C-0589,EU,DACH,Software,Partner,13,831.81,0.3422,7113.60,3305.51
O-03613,2025-11-13,C-0288,EU,DACH,Software,Direct,105,121.26,0.3500,8276.00,3840.90
O-03614,2025-11-13,C-0339,EU,DACH,Hardware,Partner,16,571.52,0.3323,6105.52,6198.24
O-03615,2025-11-13,C-0227,US,US East,Software,Direct,5,215.30,0.3500,699.73,326.35
O-03616,2025-11-13,C-0525,EU,Benelux & Nordics,Support & CS,Direct,7,2122.27,0.3500,9656.33,8510.88
O-03617,2025-11-13,C-0210,EU,Southern Europe,Services,Partner,6,494.86,0.3500,1929.95,1855.38
O-03618,2025-11-13,C-0310,US,US Central,Hardware,Direct,10,1198.07,0.3500,7787.45,7810.90
O-03619,2025-11-13,C-0279,US,US East,Software,Direct,116,468.36,0.3500,35314.34,15834.00
O-03620,2025-11-14,C-0556,US,US West,Hardware,Partner,11,3303.08,0.3357,24136.89,23384.35
O-03621,2025-11-14,C-0252,EU,Southern Europe,Support & CS,Partner,9,943.60,0.3458,5555.64,4839.03
O-03622,2025-11-14,C-0767,US,US East,Hardware,Direct,16,3290.15,0.3500,34217.56,34947.68
O-03623,2025-11-14,C-0485,EU,UK & Ireland,Hardware,Online,9,1301.54,0.2537,8742.30,8063.10
O-03624,2025-11-14,C-0384,US,US West,Software,Direct,9,290.04,0.3500,1696.73,755.01
O-03625,2025-11-14,C-0594,EU,Benelux & Nordics,Software,Direct,32,615.91,0.3500,12810.93,6072.32
O-03626,2025-11-14,C-0475,APAC,Japan,Hardware,Partner,16,1670.36,0.3313,17871.01,17343.52
O-03627,2025-11-14,C-0704,US,US West,Support & CS,Partner,9,815.02,0.3500,4767.87,3901.95
O-03628,2025-11-14,C-0769,US,US West,Software,Partner,99,610.33,0.3500,39274.74,17548.74
O-03629,2025-11-14,C-0370,EU,UK & Ireland,Services,Partner,14,289.93,0.3500,2638.36,2550.94
O-03630,2025-11-14,C-0507,EU,DACH,Hardware,Online,14,2087.96,0.2770,21135.68,20072.08
O-03631,2025-11-14,C-0755,EU,Benelux & Nordics,Support & CS,Partner,8,1105.98,0.3500,5751.10,4986.16
O-03632,2025-11-14,C-0066,EU,DACH,Hardware,Partner,2,3374.06,0.3500,4386.28,4456.80
O-03633,2025-11-14,C-0681,EU,DACH,Software,Partner,97,643.34,0.3500,40562.59,19222.49
O-03634,2025-11-14,C-0126,EU,UK & Ireland,Services,Partner,17,538.89,0.3432,6017.34,5593.51
O-03635,2025-11-14,C-0096,US,US East,Software,Partner,115,243.47,0.3355,18605.67,8119.00
O-03636,2025-11-14,C-0696,APAC,Greater China,Hardware,Partner,1,2258.13,0.3487,1470.61,1517.88
O-03637,2025-11-14,C-0267,US,US East,Support & CS,Direct,9,1006.03,0.3500,5885.28,4887.45
O-03638,2025-11-14,C-0625,EU,DACH,Software,Online,6,383.83,0.2441,1740.89,684.66
O-03639,2025-11-14,C-0368,EU,DACH,Support & CS,Direct,7,1869.46,0.3500,8506.04,7337.68
O-03640,2025-11-14,C-0501,US,US West,Support & CS,Partner,9,529.86,0.3402,3146.30,2546.82
O-03641,2025-11-14,C-0640,EU,DACH,Software,Direct,57,783.89,0.3500,29043.12,13717.05
O-03642,2025-11-14,C-0356,US,US West,Services,Direct,45,382.54,0.3500,11189.30,10670.40
O-03643,2025-11-14,C-0547,EU,UK & Ireland,Support & CS,Direct,6,2075.74,0.3500,8095.39,6934.14
O-03644,2025-11-14,C-0561,US,US West,Support & CS,Partner,7,1710.55,0.3500,7783.00,6588.12
O-03645,2025-11-14,C-0290,EU,Southern Europe,Support & CS,Direct,6,1438.56,0.3500,5610.38,4929.72
O-03646,2025-11-14,C-0102,US,US East,Hardware,Direct,1,1660.84,0.3500,1079.55,1098.60
O-03647,2025-11-14,C-0641,APAC,Greater China,Support & CS,Partner,11,1638.80,0.3500,11717.42,10171.04
O-03648,2025-11-14,C-0317,US,US East,Support & CS,Online,6,2360.40,0.2349,10836.17,7628.52
O-03649,2025-11-14,C-0578,APAC,ANZ,Software,Direct,65,318.22,0.3500,13444.80,6377.80
O-03650,2025-11-14,C-0611,APAC,Japan,Support & CS,Partner,4,950.05,0.3376,2517.18,2125.00
O-03651,2025-11-14,C-0675,APAC,Japan,Support & CS,Partner,8,644.19,0.3403,3399.59,2848.00
O-03652,2025-11-15,C-0109,US,US East,Software,Direct,99,615.73,0.3500,39622.23,17669.52
O-03653,2025-11-15,C-0369,EU,Southern Europe,Services,Direct,43,641.00,0.3500,17915.95,17303.63
O-03654,2025-11-15,C-0371,EU,Benelux & Nordics,Software,Direct,107,637.37,0.3500,44329.08,20901.38
O-03655,2025-11-15,C-0366,US,US West,Hardware,Partner,18,4070.05,0.3500,47619.59,46864.98
O-03656,2025-11-15,C-0673,US,US West,Services,Direct,45,462.15,0.3500,13517.89,12748.95
O-03657,2025-11-15,C-0341,EU,UK & Ireland,Hardware,Partner,2,2404.23,0.3446,3151.50,3248.18
O-03658,2025-11-15,C-0553,US,US Central,Software,Online,17,592.16,0.2552,7498.01,3029.23
O-03659,2025-11-15,C-0700,EU,UK & Ireland,Services,Online,2,603.66,0.2313,928.04,771.92
O-03660,2025-11-15,C-0709,EU,Southern Europe,Software,Partner,24,466.99,0.3394,7404.35,3412.08
O-03661,2025-11-15,C-0017,US,US Central,Software,Partner,103,202.24,0.3305,13945.71,6206.78
O-03662,2025-11-15,C-0287,US,US East,Services,Partner,40,422.16,0.3341,11244.48,10621.60
O-03663,2025-11-15,C-0099,US,US East,Services,Partner,40,613.06,0.3374,16249.13,14742.40
O-03664,2025-11-15,C-0630,US,US Central,Hardware,Direct,17,975.26,0.3500,10776.62,10604.94
O-03665,2025-11-15,C-0740,APAC,ANZ,Hardware,Partner,13,2340.21,0.3324,20309.58,20697.82
O-03666,2025-11-15,C-0067,EU,UK & Ireland,Software,Partner,93,310.35,0.3500,18760.66,8798.73
O-03667,2025-11-15,C-0326,EU,Benelux & Nordics,Software,Partner,72,177.15,0.3347,8485.61,3948.48
O-03668,2025-11-15,C-0423,US,US East,Hardware,Online,16,3972.95,0.2455,47959.02,40165.76
O-03669,2025-11-15,C-0201,APAC,Greater China,Hardware,Online,5,3058.77,0.2791,11025.31,9945.40
O-03670,2025-11-15,C-0242,APAC,Japan,Services,Partner,6,508.15,0.3469,1991.16,1897.50
O-03671,2025-11-15,C-0162,US,US West,Software,Direct,28,700.01,0.3500,12740.18,5872.44
O-03672,2025-11-15,C-0475,APAC,Japan,Services,Online,43,540.35,0.2560,17287.09,14705.14
O-03673,2025-11-15,C-0195,APAC,Southeast Asia,Services,Online,29,459.31,0.2340,10203.54,8161.47
O-03674,2025-11-15,C-0383,EU,DACH,Software,Partner,18,251.24,0.3382,2992.95,1395.00
O-03675,2025-11-15,C-0569,EU,UK & Ireland,Services,Direct,22,360.41,0.3500,5153.86,4978.16
O-03676,2025-11-15,C-0725,EU,Southern Europe,Hardware,Partner,13,1675.26,0.3500,14155.95,14788.67
O-03677,2025-11-15,C-0189,APAC,ANZ,Software,Online,22,881.79,0.2617,14322.64,5776.98
O-03678,2025-11-15,C-0790,EU,UK & Ireland,Hardware,Partner,4,1007.50,0.3500,2619.50,2625.96
O-03679,2025-11-15,C-0324,US,US Central,Software,Partner,13,143.53,0.3500,1212.83,534.95
O-03680,2025-11-15,C-0759,EU,UK & Ireland,Software,Partner,84,359.97,0.3500,19654.36,9232.44
O-03681,2025-11-15,C-0317,US,US East,Software,Partner,86,481.79,0.3432,27212.38,12100.20
O-03682,2025-11-15,C-0109,US,US East,Hardware,Direct,12,2928.37,0.3500,22841.29,23506.32
O-03683,2025-11-15,C-0274,US,US East,Services,Partner,28,618.62,0.3355,11510.76,10695.44
O-03684,2025-11-16,C-0130,EU,Southern Europe,Hardware,Direct,16,3137.69,0.3500,32631.98,34212.48
O-03685,2025-11-16,C-0657,US,US Central,Hardware,Partner,6,3090.48,0.3443,12159.26,12396.96
O-03686,2025-11-16,C-0251,APAC,Japan,Services,Partner,15,613.84,0.3500,5984.94,5771.85
O-03687,2025-11-16,C-0789,APAC,Greater China,Support & CS,Partner,7,1901.67,0.3400,8786.07,7282.45
O-03688,2025-11-16,C-0454,EU,DACH,Support & CS,Partner,11,2218.84,0.3500,15864.71,13859.78
O-03689,2025-11-16,C-0757,EU,Southern Europe,Services,Direct,26,535.16,0.3500,9044.20,8752.38
O-03690,2025-11-16,C-0617,APAC,ANZ,Software,Online,57,150.69,0.2407,6522.16,2623.71
O-03691,2025-11-16,C-0511,US,US East,Support & CS,Direct,11,1155.80,0.3500,8263.97,6837.82
O-03692,2025-11-16,C-0062,EU,UK & Ireland,Software,Partner,35,491.54,0.3500,11182.54,5252.45
O-03693,2025-11-16,C-0637,APAC,Greater China,Hardware,Online,13,3902.97,0.2482,38147.06,34616.53
O-03694,2025-11-16,C-0566,US,US West,Services,Partner,22,240.83,0.3308,3545.52,3274.48
O-03695,2025-11-16,C-0535,EU,UK & Ireland,Hardware,Direct,7,2067.58,0.3500,9407.49,9552.27
O-03696,2025-11-16,C-0604,EU,Southern Europe,Support & CS,Partner,8,940.53,0.3500,4890.76,4227.44
O-03697,2025-11-16,C-0478,EU,UK & Ireland,Support & CS,Online,11,1896.53,0.2664,15304.19,11453.42
O-03698,2025-11-16,C-0789,APAC,Greater China,Hardware,Partner,5,3656.30,0.3500,11882.98,12091.85
O-03699,2025-11-16,C-0397,US,US East,Hardware,Partner,4,826.22,0.3500,2148.17,2208.24
O-03700,2025-11-16,C-0499,US,US West,Services,Direct,12,638.59,0.3500,4981.00,4713.36
O-03701,2025-11-16,C-0797,US,US Central,Software,Partner,39,427.73,0.3475,10884.66,4784.13
O-03702,2025-11-16,C-0408,US,US East,Support & CS,Direct,8,2312.69,0.3500,12025.99,10268.48
O-03703,2025-11-16,C-0523,US,US West,Support & CS,Partner,2,530.86,0.3500,690.12,586.96
O-03704,2025-11-16,C-0021,EU,DACH,Hardware,Partner,9,544.37,0.3500,3184.56,3294.90
O-03705,2025-11-16,C-0149,EU,Southern Europe,Software,Direct,86,379.58,0.3500,21218.52,9682.74
O-03706,2025-11-17,C-0196,APAC,Japan,Software,Partner,46,424.77,0.3411,12874.13,6042.10
O-03707,2025-11-17,C-0294,EU,Southern Europe,Services,Partner,12,475.42,0.3315,3814.03,3513.84
O-03708,2025-11-17,C-0294,EU,Southern Europe,Support & CS,Partner,6,1244.35,0.3420,4912.55,4229.58
O-03709,2025-11-17,C-0133,US,US West,Software,Direct,109,625.03,0.3500,44283.38,20343.76
O-03710,2025-11-17,C-0131,EU,DACH,Support & CS,Online,5,849.30,0.2794,3060.15,2392.65
O-03711,2025-11-17,C-0062,EU,UK & Ireland,Services,Partner,25,243.95,0.3497,3966.02,3758.00
O-03712,2025-11-17,C-0667,US,US West,Hardware,Direct,6,2821.41,0.3500,11003.50,11019.66
O-03713,2025-11-17,C-0224,US,US West,Support & CS,Direct,4,977.39,0.3500,2541.21,2056.16
O-03714,2025-11-17,C-0616,US,US Central,Software,Online,49,414.46,0.2520,15191.06,5875.10
O-03715,2025-11-17,C-0546,EU,Southern Europe,Support & CS,Direct,1,438.73,0.3500,285.17,250.49
O-03716,2025-11-17,C-0677,US,US East,Hardware,Online,6,2120.58,0.2501,9541.64,8317.26
O-03717,2025-11-17,C-0765,US,US East,Hardware,Partner,16,1539.73,0.3497,16021.19,15851.20
O-03718,2025-11-17,C-0076,APAC,Southeast Asia,Software,Partner,101,222.83,0.3304,15070.69,6692.26
O-03719,2025-11-17,C-0384,US,US West,Hardware,Direct,9,2716.82,0.3500,15893.40,15523.11
O-03720,2025-11-17,C-0423,US,US East,Software,Online,103,541.43,0.2725,40572.32,16538.71
O-03721,2025-11-17,C-0314,EU,DACH,Hardware,Partner,9,1800.98,0.3425,10657.95,10925.28
O-03722,2025-11-17,C-0126,EU,UK & Ireland,Software,Partner,21,362.44,0.3500,4947.31,2324.28
O-03723,2025-11-17,C-0320,US,US East,Services,Partner,13,526.80,0.3394,4523.91,4086.68
O-03724,2025-11-17,C-0359,EU,DACH,Services,Direct,35,417.07,0.3500,9488.34,9004.10
O-03725,2025-11-17,C-0560,EU,UK & Ireland,Software,Online,97,268.16,0.2790,18753.63,7779.40
O-03726,2025-11-17,C-0515,APAC,Southeast Asia,Software,Online,92,154.14,0.2596,10498.93,4190.60
O-03727,2025-11-17,C-0275,EU,UK & Ireland,Hardware,Partner,3,2855.58,0.3459,5603.18,5674.29
O-03728,2025-11-17,C-0277,EU,UK & Ireland,Services,Partner,42,285.04,0.3500,7781.59,7404.18
O-03729,2025-11-17,C-0580,EU,Benelux & Nordics,Services,Direct,24,171.36,0.3500,2673.22,2536.32
O-03730,2025-11-17,C-0225,US,US East,Support & CS,Online,11,2388.78,0.2528,19632.80,14432.99
O-03731,2025-11-17,C-0107,US,US Central,Services,Online,10,642.79,0.2473,4838.08,3864.90
O-03732,2025-11-17,C-0024,EU,UK & Ireland,Services,Partner,3,431.64,0.3500,841.70,822.99
O-03733,2025-11-17,C-0230,US,US East,Software,Partner,53,738.01,0.3500,25424.44,11229.64
O-03734,2025-11-17,C-0174,APAC,Southeast Asia,Services,Partner,25,147.35,0.3432,2419.49,2312.50
O-03735,2025-11-17,C-0458,EU,Benelux & Nordics,Software,Online,25,669.53,0.2753,12130.89,5080.50
O-03736,2025-11-17,C-0599,EU,UK & Ireland,Services,Direct,22,611.01,0.3500,8737.44,8598.92
O-03737,2025-11-17,C-0210,EU,Southern Europe,Services,Partner,45,477.24,0.3316,14353.77,13857.75
O-03738,2025-11-17,C-0320,US,US East,Services,Partner,12,134.43,0.3301,1080.69,1010.16
O-03739,2025-11-17,C-0796,APAC,Southeast Asia,Software,Partner,56,595.30,0.3500,21668.92,10240.72
O-03740,2025-11-17,C-0281,US,US Central,Software,Direct,89,458.64,0.3500,26532.32,12272.21
O-03741,2025-11-17,C-0454,EU,DACH,Software,Partner,93,73.79,0.3463,4485.74,2136.21
O-03742,2025-11-18,C-0445,EU,DACH,Services,Direct,11,538.31,0.3500,3848.92,3697.65
O-03743,2025-11-18,C-0777,EU,UK & Ireland,Hardware,Direct,7,2998.53,0.3500,13643.31,13676.95
O-03744,2025-11-18,C-0446,EU,Southern Europe,Services,Partner,37,463.64,0.3374,11367.30,11038.95
O-03745,2025-11-18,C-0791,US,US West,Support & CS,Online,9,386.45,0.2325,2669.54,1851.48
O-03746,2025-11-18,C-0622,US,US East,Software,Partner,82,292.88,0.3500,15610.50,7254.54
O-03747,2025-11-18,C-0722,US,US East,Hardware,Direct,18,1494.24,0.3500,17482.61,17272.98
O-03748,2025-11-18,C-0563,EU,UK & Ireland,Software,Partner,49,666.12,0.3500,21215.92,9679.95
O-03749,2025-11-18,C-0207,APAC,Japan,Hardware,Partner,2,2118.53,0.3406,2794.07,2749.06
O-03750,2025-11-18,C-0444,EU,DACH,Software,Online,74,302.40,0.2693,16351.91,6762.12
O-03751,2025-11-18,C-0497,US,US Central,Services,Partner,8,421.82,0.3500,2193.46,2121.76
O-03752,2025-11-18,C-0622,US,US East,Services,Partner,26,481.07,0.3390,8267.41,7838.22
O-03753,2025-11-18,C-0433,US,US Central,Software,Partner,103,748.95,0.3331,51443.76,23061.70
O-03754,2025-11-18,C-0250,EU,Benelux & Nordics,Software,Partner,12,296.28,0.3500,2310.98,1057.44
O-03755,2025-11-18,C-0792,EU,Benelux & Nordics,Support & CS,Partner,6,1315.91,0.3422,5193.39,4520.88
O-03756,2025-11-18,C-0658,US,US East,Software,Partner,95,644.44,0.3372,40577.55,17820.10
O-03757,2025-11-18,C-0583,EU,Benelux & Nordics,Software,Partner,106,838.21,0.3472,58004.71,27662.82
O-03758,2025-11-18,C-0118,APAC,Japan,Hardware,Direct,10,3277.20,0.3500,21301.80,21486.70
O-03759,2025-11-18,C-0521,EU,DACH,Services,Direct,4,378.57,0.3500,984.28,967.80
O-03760,2025-11-18,C-0110,EU,DACH,Services,Direct,31,581.10,0.3500,11709.17,11539.44
O-03761,2025-11-18,C-0283,APAC,Southeast Asia,Hardware,Direct,7,2680.19,0.3500,12194.86,12470.92
O-03762,2025-11-18,C-0592,EU,UK & Ireland,Hardware,Partner,13,3159.00,0.3500,26693.55,28090.53
O-03763,2025-11-18,C-0474,APAC,Southeast Asia,Support & CS,Direct,4,1281.41,0.3500,3331.67,2786.48
O-03764,2025-11-18,C-0248,US,US Central,Software,Partner,42,293.57,0.3500,8014.46,3596.04
O-03765,2025-11-18,C-0515,APAC,Southeast Asia,Support & CS,Partner,9,1669.49,0.3500,9766.52,8383.14
O-03766,2025-11-18,C-0674,EU,DACH,Software,Online,45,684.45,0.2768,22274.73,9314.10
O-03767,2025-11-18,C-0169,EU,Benelux & Nordics,Software,Partner,80,241.04,0.3500,12534.08,5918.40
O-03768,2025-11-18,C-0533,APAC,Japan,Software,Partner,78,501.13,0.3373,25903.51,11446.50
O-03769,2025-11-18,C-0134,EU,UK & Ireland,Software,Partner,51,342.96,0.3500,11369.12,5458.02
O-03770,2025-11-19,C-0626,EU,DACH,Hardware,Partner,14,713.76,0.3500,6495.22,6721.54
O-03771,2025-11-19,C-0689,APAC,Japan,Support & CS,Direct,11,299.70,0.3500,2142.86,1841.73
O-03772,2025-11-19,C-0726,EU,DACH,Services,Direct,6,624.04,0.3500,2433.76,2338.98
O-03773,2025-11-19,C-0625,EU,DACH,Services,Online,5,411.42,0.2430,1557.16,1306.15
O-03774,2025-11-19,C-0026,EU,Southern Europe,Hardware,Online,14,749.15,0.2675,7682.56,7078.12
O-03775,2025-11-19,C-0448,EU,UK & Ireland,Services,Partner,5,350.10,0.3500,1137.83,1088.40
O-03776,2025-11-19,C-0199,APAC,ANZ,Support & CS,Direct,5,1871.74,0.3500,6083.16,5037.30
O-03777,2025-11-19,C-0072,APAC,ANZ,Support & CS,Partner,12,1168.27,0.3463,9163.71,7913.64
O-03778,2025-11-19,C-0535,EU,UK & Ireland,Hardware,Direct,8,3096.52,0.3500,16101.90,16884.08
O-03779,2025-11-19,C-0170,US,US Central,Services,Online,38,152.41,0.2393,4405.43,3631.66
O-03780,2025-11-19,C-0143,US,US Central,Hardware,Partner,13,734.14,0.3500,6203.48,6372.73
O-03781,2025-11-19,C-0699,US,US Central,Hardware,Partner,3,2568.49,0.3488,5017.81,5155.02
O-03782,2025-11-19,C-0034,US,US East,Hardware,Online,3,2092.65,0.2779,4533.20,4058.82
O-03783,2025-11-19,C-0547,EU,UK & Ireland,Hardware,Partner,2,366.80,0.3500,476.84,484.42
O-03784,2025-11-19,C-0338,EU,UK & Ireland,Hardware,Partner,5,1295.06,0.3405,4270.57,4321.35
O-03785,2025-11-19,C-0636,APAC,Japan,Hardware,Direct,7,2542.59,0.3500,11568.78,11739.14
O-03786,2025-11-19,C-0089,US,US West,Software,Direct,96,864.27,0.3500,53930.45,24708.48
O-03787,2025-11-19,C-0059,EU,UK & Ireland,Services,Online,6,134.18,0.2567,598.42,503.76
O-03788,2025-11-19,C-0319,APAC,Japan,Services,Partner,17,254.93,0.3500,2816.98,2632.62
O-03789,2025-11-19,C-0205,US,US East,Services,Online,22,531.45,0.2359,8933.89,7082.02
O-03790,2025-11-19,C-0277,EU,UK & Ireland,Support & CS,Partner,7,1985.19,0.3500,9032.61,7794.50
O-03791,2025-11-19,C-0353,APAC,Japan,Hardware,Direct,6,1636.53,0.3500,6382.47,6445.68
O-03792,2025-11-19,C-0709,EU,Southern Europe,Hardware,Direct,4,4125.60,0.3500,10726.56,10878.72
O-03793,2025-11-19,C-0287,US,US East,Hardware,Partner,6,479.42,0.3457,1882.02,1820.16
O-03794,2025-11-19,C-0578,APAC,ANZ,Support & CS,Partner,6,1709.67,0.3489,6679.41,5659.14
O-03795,2025-11-19,C-0194,US,US West,Hardware,Partner,2,2863.72,0.3386,3788.09,3820.42
O-03796,2025-11-19,C-0067,EU,UK & Ireland,Hardware,Partner,17,3962.20,0.3391,44519.71,43915.76
O-03797,2025-11-19,C-0424,EU,Benelux & Nordics,Hardware,Direct,14,3001.08,0.3500,27309.83,27766.20
O-03798,2025-11-19,C-0310,US,US Central,Support & CS,Direct,1,2340.61,0.3500,1521.40,1243.33
O-03799,2025-11-19,C-0337,US,US East,Hardware,Partner,4,2945.18,0.3500,7657.47,7664.00
O-03800,2025-11-20,C-0295,US,US East,Services,Partner,38,281.07,0.3500,6942.43,6508.26
O-03801,2025-11-20,C-0739,US,US Central,Support & CS,Partner,7,1209.31,0.3403,5584.84,4598.23
O-03802,2025-11-20,C-0187,EU,Benelux & Nordics,Services,Partner,39,412.60,0.3500,10459.41,9991.02
O-03803,2025-11-20,C-0054,EU,UK & Ireland,Support & CS,Partner,9,299.53,0.3500,1752.25,1473.48
O-03804,2025-11-20,C-0523,US,US West,Software,Partner,72,578.20,0.3493,27089.26,12390.48
O-03805,2025-11-20,C-0213,APAC,Southeast Asia,Services,Partner,43,524.89,0.3390,14919.08,14005.53
O-03806,2025-11-20,C-0152,EU,DACH,Hardware,Partner,10,3171.04,0.3500,20611.76,21774.30
O-03807,2025-11-20,C-0395,US,US West,Software,Direct,33,775.79,0.3500,16640.70,7712.76
O-03808,2025-11-20,C-0184,US,US West,Services,Partner,14,363.60,0.3395,3362.24,3151.96
O-03809,2025-11-20,C-0031,US,US Central,Software,Direct,79,596.65,0.3500,30637.98,13886.62
O-03810,2025-11-20,C-0392,EU,Southern Europe,Services,Partner,2,129.26,0.3500,168.04,159.30
O-03811,2025-11-20,C-0608,APAC,Greater China,Software,Partner,26,156.53,0.3411,2681.62,1262.56
O-03812,2025-11-20,C-0469,EU,UK & Ireland,Hardware,Partner,11,430.17,0.3434,3106.71,3139.40
O-03813,2025-11-20,C-0656,APAC,Greater China,Hardware,Partner,16,3419.41,0.3341,36430.61,35969.28
O-03814,2025-11-20,C-0611,APAC,Japan,Services,Partner,3,402.11,0.3500,784.11,772.86
O-03815,2025-11-20,C-0533,APAC,Japan,Software,Online,44,366.26,0.2696,11770.83,4997.96
O-03816,2025-11-20,C-0157,US,US West,Hardware,Partner,10,646.31,0.3500,4201.01,4099.50
O-03817,2025-11-20,C-0311,EU,DACH,Hardware,Online,12,454.81,0.2777,3941.92,3702.24
O-03818,2025-11-20,C-0446,EU,Southern Europe,Hardware,Partner,17,1619.45,0.3393,18189.75,18792.82
O-03819,2025-11-20,C-0366,US,US West,Services,Direct,8,457.20,0.3500,2377.44,2221.76
O-03820,2025-11-20,C-0657,US,US Central,Software,Online,88,439.92,0.2624,28553.05,11281.60
O-03821,2025-11-20,C-0590,US,US East,Hardware,Online,1,3902.75,0.2359,2981.93,2481.67
O-03822,2025-11-20,C-0376,EU,DACH,Support & CS,Partner,4,1508.63,0.3500,3922.44,3419.16
O-03823,2025-11-20,C-0601,EU,Southern Europe,Services,Partner,33,369.53,0.3500,7926.42,7539.18
O-03824,2025-11-21,C-0466,US,US East,Hardware,Partner,5,819.79,0.3500,2664.32,2637.40
O-03825,2025-11-21,C-0010,APAC,Southeast Asia,Hardware,Partner,14,4007.25,0.3366,37215.74,36756.16
O-03826,2025-11-21,C-0799,APAC,Japan,Software,Online,20,485.16,0.2482,7295.08,2933.40
O-03827,2025-11-21,C-0287,US,US East,Hardware,Partner,15,904.94,0.3500,8823.17,9074.40
O-03828,2025-11-21,C-0023,US,US East,Services,Online,10,538.97,0.2720,3923.49,3295.20
O-03829,2025-11-21,C-0750,US,US Central,Hardware,Partner,17,3366.35,0.3500,37198.17,38185.91
O-03830,2025-11-21,C-0355,APAC,Southeast Asia,Software,Direct,33,803.69,0.3500,17239.15,8196.87
O-03831,2025-11-21,C-0311,EU,DACH,Software,Partner,104,585.24,0.3500,39562.22,18659.68
O-03832,2025-11-21,C-0223,EU,DACH,Software,Partner,80,311.04,0.3400,16422.92,7389.60
O-03833,2025-11-21,C-0324,US,US Central,Software,Direct,84,664.44,0.3500,36278.42,16236.36
O-03834,2025-11-21,C-0015,US,US East,Software,Direct,104,256.91,0.3500,17367.12,7762.56
O-03835,2025-11-21,C-0142,US,US East,Software,Partner,56,377.29,0.3361,14026.04,6210.96
O-03836,2025-11-21,C-0507,EU,DACH,Support & CS,Partner,8,322.65,0.3402,1703.06,1452.48
O-03837,2025-11-21,C-0352,US,US West,Support & CS,Partner,5,2288.17,0.3387,7565.36,6059.70
O-03838,2025-11-21,C-0764,APAC,Greater China,Hardware,Partner,11,3995.91,0.3480,28657.58,28700.43
O-03839,2025-11-21,C-0636,APAC,Japan,Services,Direct,9,564.72,0.3500,3303.61,3193.74
O-03840,2025-11-21,C-0702,EU,DACH,Hardware,Partner,17,1275.02,0.3364,14384.16,14555.57
O-03841,2025-11-21,C-0365,APAC,ANZ,Services,Partner,20,268.37,0.3479,3500.26,3336.80
O-03842,2025-11-21,C-0627,US,US Central,Support & CS,Partner,3,1352.20,0.3500,2636.79,2249.55
O-03843,2025-11-21,C-0629,US,US East,Software,Partner,97,723.39,0.3500,45609.74,21333.21
O-03844,2025-11-21,C-0041,US,US Central,Hardware,Partner,2,1655.09,0.3500,2151.62,2130.82
O-03845,2025-11-21,C-0520,APAC,ANZ,Software,Direct,63,549.78,0.3500,22513.49,10478.16
O-03846,2025-11-21,C-0363,EU,DACH,Hardware,Direct,13,3123.13,0.3500,26390.45,27851.98
O-03847,2025-11-21,C-0248,US,US Central,Software,Partner,55,71.63,0.3500,2560.77,1188.00
O-03848,2025-11-21,C-0474,APAC,Southeast Asia,Software,Partner,25,350.33,0.3493,5699.08,2564.00
O-03849,2025-11-21,C-0669,EU,UK & Ireland,Software,Online,105,83.60,0.2766,6350.34,2670.15
O-03850,2025-11-21,C-0570,EU,Southern Europe,Software,Partner,13,338.23,0.3500,2858.04,1372.15
O-03851,2025-11-21,C-0622,US,US East,Software,Direct,80,511.19,0.3500,26581.88,11744.80
O-03852,2025-11-21,C-0621,APAC,ANZ,Services,Direct,25,127.80,0.3500,2076.75,1989.00
O-03853,2025-11-21,C-0771,EU,UK & Ireland,Software,Partner,88,340.30,0.3500,19465.16,9122.08
O-03854,2025-11-21,C-0057,EU,Southern Europe,Support & CS,Direct,2,1048.97,0.3500,1363.66,1192.54
O-03855,2025-11-21,C-0591,EU,DACH,Hardware,Direct,16,2920.57,0.3500,30373.93,32159.20
O-03856,2025-11-21,C-0337,US,US East,Hardware,Online,9,2924.12,0.2661,19314.80,16880.85
O-03857,2025-11-22,C-0095,US,US East,Hardware,Online,15,2298.08,0.2700,25165.66,22954.20
O-03858,2025-11-22,C-0577,US,US East,Software,Online,21,138.05,0.2701,2115.97,866.88
O-03859,2025-11-22,C-0210,EU,Southern Europe,Services,Direct,17,181.93,0.3500,2010.33,1902.81
O-03860,2025-11-22,C-0169,EU,Benelux & Nordics,Services,Partner,4,493.20,0.3400,1302.10,1259.80
O-03861,2025-11-22,C-0230,US,US East,Services,Direct,27,122.80,0.3500,2155.14,1997.19
O-03862,2025-11-22,C-0291,EU,UK & Ireland,Support & CS,Direct,3,884.25,0.3500,1724.29,1476.42
O-03863,2025-11-22,C-0739,US,US Central,Support & CS,Online,1,2206.52,0.2480,1659.27,1228.10
O-03864,2025-11-22,C-0256,US,US Central,Services,Partner,26,584.22,0.3500,9873.32,9473.62
O-03865,2025-11-22,C-0002,APAC,Japan,Support & CS,Partner,5,2224.91,0.3500,7230.96,6270.10
O-03866,2025-11-22,C-0762,EU,Benelux & Nordics,Hardware,Online,4,2866.44,0.2501,8597.91,7522.08
O-03867,2025-11-22,C-0031,US,US Central,Software,Online,40,577.51,0.2385,17590.70,6659.60
O-03868,2025-11-22,C-0175,EU,UK & Ireland,Support & CS,Partner,2,1901.21,0.3375,2518.96,2157.50
O-03869,2025-11-22,C-0705,APAC,Southeast Asia,Services,Online,12,537.35,0.2623,4757.15,3927.96
O-03870,2025-11-22,C-0756,US,US West,Software,Online,72,858.64,0.2349,47302.40,18743.76
O-03871,2025-11-22,C-0258,EU,UK & Ireland,Services,Partner,19,333.34,0.3500,4116.75,3953.90
O-03872,2025-11-22,C-0632,APAC,Southeast Asia,Support & CS,Partner,2,1078.48,0.3434,1416.24,1190.94
O-03873,2025-11-22,C-0746,US,US West,Software,Partner,14,335.53,0.3438,3082.32,1385.30
O-03874,2025-11-22,C-0250,EU,Benelux & Nordics,Software,Partner,48,492.97,0.3500,15380.66,7083.84
O-03875,2025-11-22,C-0009,US,US West,Support & CS,Direct,8,561.82,0.3500,2921.46,2441.60
O-03876,2025-11-22,C-0007,EU,Southern Europe,Hardware,Partner,17,3935.81,0.3500,43490.70,43715.84
O-03877,2025-11-22,C-0800,US,US Central,Hardware,Partner,4,1983.16,0.3455,5191.63,5210.96
O-03878,2025-11-22,C-0374,APAC,ANZ,Services,Online,15,309.02,0.2464,3493.31,2826.00
O-03879,2025-11-22,C-0784,US,US Central,Software,Online,15,315.95,0.2608,3503.31,1429.20
O-03880,2025-11-23,C-0041,US,US Central,Hardware,Partner,4,1826.86,0.3343,4864.52,4719.76
O-03881,2025-11-23,C-0077,EU,UK & Ireland,Services,Direct,45,606.25,0.3500,17732.81,16913.70
O-03882,2025-11-23,C-0166,EU,UK & Ireland,Services,Partner,8,163.80,0.3500,851.76,832.96
O-03883,2025-11-23,C-0765,US,US East,Services,Partner,13,251.86,0.3500,2128.22,2030.60
O-03884,2025-11-23,C-0125,EU,DACH,Software,Online,99,698.52,0.2530,51654.54,21285.99
O-03885,2025-11-23,C-0041,US,US Central,Hardware,Direct,10,1740.32,0.3500,11312.08,11161.50
O-03886,2025-11-23,C-0656,APAC,Greater China,Support & CS,Partner,7,1680.75,0.3500,7647.41,6596.45
O-03887,2025-11-23,C-0675,APAC,Japan,Hardware,Direct,3,2839.54,0.3500,5537.10,5629.44
O-03888,2025-11-23,C-0061,US,US Central,Hardware,Partner,2,1444.64,0.3500,1878.03,1881.92
O-03889,2025-11-23,C-0192,APAC,Japan,Hardware,Partner,17,411.39,0.3393,4620.79,4622.81
O-03890,2025-11-23,C-0658,US,US East,Software,Direct,100,586.35,0.3500,38112.75,17277.00
O-03891,2025-11-23,C-0055,EU,UK & Ireland,Hardware,Online,14,3655.81,0.2404,38876.25,33774.16
O-03892,2025-11-23,C-0151,EU,DACH,Support & CS,Partner,1,1920.70,0.3454,1257.28,1042.70
O-03893,2025-11-23,C-0153,EU,DACH,Services,Partner,20,398.56,0.3320,5325.01,5128.60
O-03894,2025-11-23,C-0710,US,US East,Hardware,Partner,16,546.34,0.3353,5810.38,5701.60
O-03895,2025-11-23,C-0370,EU,UK & Ireland,Software,Partner,32,639.62,0.3330,13652.80,6229.76
O-03896,2025-11-23,C-0423,US,US East,Hardware,Online,17,2491.18,0.2776,30593.41,27747.74
O-03897,2025-11-23,C-0500,US,US West,Hardware,Direct,10,3260.88,0.3500,21195.72,21363.40
O-03898,2025-11-23,C-0396,EU,DACH,Support & CS,Partner,1,1902.71,0.3301,1274.72,1042.14
O-03899,2025-11-23,C-0208,US,US East,Support & CS,Partner,2,535.80,0.3500,696.54,567.08
O-03900,2025-11-23,C-0746,US,US West,Services,Partner,41,562.03,0.3304,15430.78,13669.81
O-03901,2025-11-23,C-0249,EU,DACH,Software,Partner,7,129.17,0.3500,587.72,282.24
O-03902,2025-11-23,C-0704,US,US West,Support & CS,Partner,12,1901.32,0.3468,14903.53,12390.84
O-03903,2025-11-24,C-0651,US,US Central,Software,Partner,43,365.20,0.3500,10207.34,4639.70
O-03904,2025-11-24,C-0625,EU,DACH,Hardware,Online,3,3262.49,0.2705,7139.47,6601.41
O-03905,2025-11-24,C-0323,APAC,Southeast Asia,Hardware,Partner,2,4171.02,0.3362,5537.25,5676.74
O-03906,2025-11-24,C-0761,US,US West,Hardware,Partner,10,1764.01,0.3500,11466.06,11766.70
O-03907,2025-11-24,C-0433,US,US Central,Services,Partner,22,537.31,0.3500,7683.53,7248.56
O-03908,2025-11-24,C-0632,APAC,Southeast Asia,Support & CS,Partner,5,1659.24,0.3500,5392.53,4540.95
O-03909,2025-11-24,C-0794,APAC,ANZ,Support & CS,Direct,9,521.39,0.3500,3050.13,2587.14
O-03910,2025-11-24,C-0699,US,US Central,Hardware,Partner,11,859.57,0.3500,6145.93,6173.97
O-03911,2025-11-24,C-0138,EU,DACH,Software,Direct,71,801.20,0.3500,36975.38,17490.14
O-03912,2025-11-24,C-0781,APAC,Greater China,Software,Direct,28,391.16,0.3500,7119.11,3304.00
O-03913,2025-11-24,C-0774,US,US East,Services,Partner,16,360.38,0.3468,3766.22,3607.68
O-03914,2025-11-24,C-0527,US,US West,Support & CS,Direct,3,451.26,0.3500,879.96,741.36
O-03915,2025-11-24,C-0556,US,US West,Services,Partner,34,226.75,0.3319,5150.86,4734.16
O-03916,2025-11-24,C-0657,US,US Central,Support & CS,Direct,1,1989.02,0.3500,1292.86,1090.86
O-03917,2025-11-24,C-0224,US,US West,Software,Online,7,473.04,0.2787,2388.48,965.44
O-03918,2025-11-24,C-0566,US,US West,Software,Partner,38,721.74,0.3500,17826.98,8224.34
O-03919,2025-11-24,C-0689,APAC,Japan,Hardware,Direct,1,2469.09,0.3500,1604.91,1634.80
O-03920,2025-11-24,C-0134,EU,UK & Ireland,Services,Partner,31,645.61,0.3500,13009.04,12811.68
O-03921,2025-11-24,C-0349,APAC,Greater China,Hardware,Direct,1,3833.13,0.3500,2491.53,2475.18
O-03922,2025-11-24,C-0664,APAC,Japan,Software,Partner,67,490.07,0.3433,21563.79,10141.12
O-03923,2025-11-24,C-0589,EU,DACH,Support & CS,Partner,12,755.33,0.3500,5891.57,4935.00
O-03924,2025-11-24,C-0471,US,US East,Hardware,Online,3,3704.93,0.2772,8033.90,7061.52
O-03925,2025-11-24,C-0325,US,US East,Software,Partner,86,368.05,0.3491,20601.84,9318.10
O-03926,2025-11-24,C-0242,APAC,Japan,Hardware,Partner,15,2751.25,0.3500,26824.69,27937.05
O-03927,2025-11-24,C-0755,EU,Benelux & Nordics,Services,Direct,39,398.40,0.3500,10099.44,9772.62
O-03928,2025-11-24,C-0054,EU,UK & Ireland,Hardware,Partner,10,1173.40,0.3428,7711.90,7919.60
O-03929,2025-11-24,C-0629,US,US East,Support & CS,Direct,1,1374.83,0.3500,893.64,735.62
O-03930,2025-11-24,C-0587,EU,UK & Ireland,Software,Direct,14,475.18,0.3500,4324.14,1969.38
O-03931,2025-11-24,C-0402,APAC,Greater China,Support & CS,Partner,3,1370.56,0.3488,2677.46,2237.49
O-03932,2025-11-24,C-0560,EU,UK & Ireland,Services,Direct,7,214.80,0.3500,977.34,941.50
O-03933,2025-11-25,C-0755,EU,Benelux & Nordics,Support & CS,Partner,11,1669.35,0.3345,12219.99,10446.04
O-03934,2025-11-25,C-0023,US,US East,Services,Partner,1,201.63,0.3450,132.07,124.17
O-03935,2025-11-25,C-0356,US,US West,Hardware,Partner,13,2234.77,0.3500,18883.81,18986.76
O-03936,2025-11-25,C-0294,EU,Southern Europe,Software,Partner,43,316.20,0.3449,8907.59,4246.25
O-03937,2025-11-25,C-0434,EU,DACH,Hardware,Partner,9,3688.95,0.3425,21830.99,21941.19
O-03938,2025-11-25,C-0174,APAC,Southeast Asia,Software,Partner,36,760.84,0.3335,18254.87,8487.72
O-03939,2025-11-25,C-0341,EU,UK & Ireland,Software,Partner,87,114.70,0.3500,6486.28,3027.60
O-03940,2025-11-25,C-0080,EU,Benelux & Nordics,Services,Direct,27,630.79,0.3500,11070.36,10767.60
O-03941,2025-11-25,C-0729,US,US East,Hardware,Partner,10,1697.28,0.3500,11032.32,11189.20
O-03942,2025-11-25,C-0035,APAC,Greater China,Software,Partner,83,553.54,0.3500,29863.48,13460.94
O-03943,2025-11-25,C-0525,EU,Benelux & Nordics,Software,Partner,29,490.63,0.3500,9248.38,4311.43
O-03944,2025-11-25,C-0278,EU,Southern Europe,Support & CS,Partner,10,431.97,0.3500,2807.81,2397.40
O-03945,2025-11-25,C-0393,EU,Southern Europe,Software,Online,19,236.19,0.2495,3368.12,1347.67
O-03946,2025-11-25,C-0766,EU,DACH,Hardware,Partner,1,4125.68,0.3500,2681.69,2718.69
O-03947,2025-11-25,C-0600,EU,Benelux & Nordics,Software,Partner,88,230.45,0.3329,13529.51,6228.64
O-03948,2025-11-25,C-0116,US,US East,Hardware,Online,1,1504.60,0.2472,1132.70,987.41
O-03949,2025-11-25,C-0265,US,US Central,Software,Partner,55,313.90,0.3404,11387.12,5129.85
O-03950,2025-11-25,C-0614,US,US West,Hardware,Direct,1,868.79,0.3500,564.71,571.12
O-03951,2025-11-25,C-0103,US,US East,Software,Online,106,744.08,0.2754,57147.95,23503.38
O-03952,2025-11-25,C-0440,EU,UK & Ireland,Services,Direct,14,279.96,0.3500,2547.64,2444.26
O-03953,2025-11-25,C-0765,US,US East,Services,Partner,22,263.00,0.3396,3821.15,3570.38
O-03954,2025-11-25,C-0271,EU,DACH,Support & CS,Direct,11,284.17,0.3500,2031.82,1713.47
O-03955,2025-11-25,C-0581,APAC,Southeast Asia,Hardware,Partner,3,470.95,0.3420,929.63,932.40
O-03956,2025-11-25,C-0419,EU,UK & Ireland,Services,Direct,18,361.06,0.3500,4224.40,4130.82
O-03957,2025-11-25,C-0764,APAC,Greater China,Services,Partner,11,201.19,0.3500,1438.51,1410.20
O-03958,2025-11-25,C-0034,US,US East,Software,Direct,27,255.95,0.3500,4491.92,2034.99
O-03959,2025-11-25,C-0685,US,US East,Hardware,Direct,10,1398.03,0.3500,9087.19,8874.90
O-03960,2025-11-26,C-0201,APAC,Greater China,Hardware,Partner,6,541.66,0.3500,2112.47,2168.70
O-03961,2025-11-26,C-0500,US,US West,Hardware,Partner,4,2283.38,0.3500,5936.79,5768.00
O-03962,2025-11-26,C-0227,US,US East,Services,Partner,4,438.79,0.3465,1146.92,1054.12
O-03963,2025-11-26,C-0022,APAC,Southeast Asia,Software,Partner,9,343.96,0.3430,2033.70,924.03
O-03964,2025-11-26,C-0236,US,US East,Services,Online,2,574.49,0.2542,856.95,699.12
O-03965,2025-11-26,C-0277,EU,UK & Ireland,Hardware,Partner,18,3988.02,0.3500,46659.83,49273.92
O-03966,2025-11-26,C-0159,EU,Southern Europe,Hardware,Partner,13,2290.01,0.3338,19834.26,20144.41
O-03967,2025-11-26,C-0316,US,US East,Services,Partner,35,428.16,0.3500,9740.64,8970.85
O-03968,2025-11-26,C-0520,APAC,ANZ,Hardware,Partner,10,3604.79,0.3500,23431.14,24371.80
O-03969,2025-11-26,C-0636,APAC,Japan,Hardware,Direct,5,3608.86,0.3500,11728.80,11864.20
O-03970,2025-11-26,C-0295,US,US East,Services,Direct,45,582.82,0.3500,17047.49,16307.10
O-03971,2025-11-26,C-0255,EU,UK & Ireland,Services,Partner,8,140.84,0.3500,732.37,718.24
O-03972,2025-11-26,C-0437,US,US West,Services,Partner,38,263.87,0.3500,6517.59,6068.60
O-03973,2025-11-26,C-0124,US,US East,Hardware,Partner,14,1546.78,0.3500,14075.70,14438.20
O-03974,2025-11-26,C-0385,US,US West,Hardware,Online,6,3387.78,0.2378,15493.48,13015.32
O-03975,2025-11-26,C-0604,EU,Southern Europe,Hardware,Direct,11,1395.02,0.3500,9974.39,10258.27
O-03976,2025-11-26,C-0627,US,US Central,Support & CS,Partner,4,698.51,0.3326,1864.77,1518.36
O-03977,2025-11-26,C-0117,APAC,Southeast Asia,Hardware,Partner,3,1410.27,0.3366,2806.65,2796.33
O-03978,2025-11-27,C-0437,US,US West,Services,Direct,20,423.39,0.3500,5504.07,5121.40
O-03979,2025-11-27,C-0099,US,US East,Software,Partner,11,604.84,0.3500,4324.61,1956.90
O-03980,2025-11-27,C-0523,US,US West,Software,Direct,52,377.50,0.3500,12759.50,5852.08
O-03981,2025-11-27,C-0722,US,US East,Software,Partner,96,443.10,0.3320,28414.62,12651.84
O-03982,2025-11-27,C-0748,APAC,Southeast Asia,Software,Partner,42,63.98,0.3420,1768.10,825.30
O-03983,2025-11-27,C-0074,US,US West,Hardware,Partner,4,793.82,0.3500,2063.93,2062.84
O-03984,2025-11-27,C-0729,US,US East,Services,Partner,26,163.32,0.3500,2760.11,2532.92
O-03985,2025-11-27,C-0766,EU,DACH,Support & CS,Partner,7,2318.89,0.3332,10823.99,8903.23
O-03986,2025-11-27,C-0053,APAC,Japan,Software,Partner,78,266.44,0.3500,13508.51,6262.62
O-03987,2025-11-27,C-0361,US,US East,Software,Direct,114,848.67,0.3500,62886.45,28883.04
O-03988,2025-11-27,C-0350,EU,Benelux & Nordics,Software,Partner,47,647.18,0.3439,19955.86,9170.64
O-03989,2025-11-27,C-0304,APAC,Southeast Asia,Hardware,Direct,11,2653.49,0.3500,18972.45,18830.57
O-03990,2025-11-27,C-0215,APAC,Japan,Support & CS,Partner,9,853.95,0.3500,4995.61,4131.72
O-03991,2025-11-27,C-0385,US,US West,Hardware,Partner,17,1577.81,0.3407,17683.82,16956.82
O-03992,2025-11-27,C-0682,APAC,Southeast Asia,Hardware,Partner,18,3842.61,0.3500,44958.54,46834.92
O-03993,2025-11-27,C-0145,US,US East,Hardware,Online,2,893.40,0.2442,1350.55,1147.48
O-03994,2025-11-27,C-0239,EU,DACH,Hardware,Direct,7,3378.17,0.3500,15370.67,15608.18
O-03995,2025-11-27,C-0467,US,US Central,Support & CS,Online,1,2273.43,0.2678,1664.50,1247.85
O-03996,2025-11-27,C-0109,US,US East,Software,Direct,118,319.90,0.3500,24536.33,11353.96
O-03997,2025-11-27,C-0799,APAC,Japan,Services,Online,25,627.03,0.2643,11533.31,9981.75
O-03998,2025-11-27,C-0352,US,US West,Software,Partner,69,77.39,0.3452,3496.43,1613.91
O-03999,2025-11-27,C-0748,APAC,Southeast Asia,Hardware,Partner,12,3456.14,0.3500,26957.89,27621.96
O-04000,2025-11-27,C-0115,US,US East,Services,Partner,11,336.95,0.3500,2409.19,2248.62
O-04001,2025-11-27,C-0116,US,US East,Support & CS,Partner,4,2172.24,0.3500,5647.82,4801.80
O-04002,2025-11-27,C-0081,EU,Southern Europe,Services,Partner,2,443.33,0.3500,576.33,556.58
O-04003,2025-11-28,C-0096,US,US East,Services,Direct,29,213.37,0.3500,4022.02,3681.26
O-04004,2025-11-28,C-0169,EU,Benelux & Nordics,Services,Partner,35,579.49,0.3500,13183.40,12678.05
O-04005,2025-11-28,C-0039,US,US West,Services,Partner,7,408.66,0.3351,1901.95,1787.52
O-04006,2025-11-28,C-0176,APAC,Greater China,Support & CS,Partner,11,2068.98,0.3500,14793.21,12928.52
O-04007,2025-11-28,C-0533,APAC,Japan,Services,Partner,12,368.68,0.3500,2875.70,2771.88
O-04008,2025-11-28,C-0678,APAC,Greater China,Hardware,Direct,1,3804.42,0.3500,2472.87,2582.11
O-04009,2025-11-28,C-0667,US,US West,Software,Direct,10,519.23,0.3500,3375.00,1555.50
O-04010,2025-11-28,C-0503,EU,UK & Ireland,Support & CS,Partner,2,668.24,0.3500,868.71,733.70
O-04011,2025-11-28,C-0350,EU,Benelux & Nordics,Support & CS,Partner,9,734.23,0.3303,4425.39,3762.09
O-04012,2025-11-28,C-0222,US,US Central,Software,Partner,49,896.43,0.3309,29391.59,12819.87
O-04013,2025-11-28,C-0617,APAC,ANZ,Hardware,Direct,9,988.12,0.3500,5780.50,5891.94
O-04014,2025-11-28,C-0654,APAC,ANZ,Hardware,Partner,15,2444.03,0.3500,23829.29,24130.50
O-04015,2025-11-28,C-0800,US,US Central,Support & CS,Partner,1,1546.68,0.3304,1035.60,851.58
O-04016,2025-11-28,C-0670,APAC,Greater China,Services,Direct,42,132.23,0.3500,3609.88,3546.48
O-04017,2025-11-28,C-0224,US,US West,Hardware,Direct,11,2197.17,0.3500,15709.77,15776.09
O-04018,2025-11-28,C-0664,APAC,Japan,Services,Direct,43,381.00,0.3500,10648.95,10230.56
O-04019,2025-11-28,C-0289,US,US West,Hardware,Partner,6,3646.73,0.3500,14222.25,14120.82
O-04020,2025-11-28,C-0604,EU,Southern Europe,Software,Partner,12,757.64,0.3376,6022.74,2752.80
O-04021,2025-11-28,C-0697,EU,Southern Europe,Support & CS,Partner,8,2239.57,0.3500,11645.76,10202.72
O-04022,2025-11-28,C-0711,US,US Central,Software,Partner,41,719.17,0.3500,19165.88,8454.20
O-04023,2025-11-28,C-0591,EU,DACH,Services,Direct,29,168.76,0.3500,3181.13,3110.54
O-04024,2025-11-28,C-0421,EU,Southern Europe,Support & CS,Direct,10,1147.89,0.3500,7461.29,6500.70
O-04025,2025-11-28,C-0497,US,US Central,Support & CS,Online,7,1800.82,0.2539,9404.97,6897.10
O-04026,2025-11-29,C-0624,US,US West,Software,Partner,116,133.14,0.3500,10038.76,4439.32
O-04027,2025-11-29,C-0078,EU,UK & Ireland,Software,Partner,55,281.25,0.3500,10054.69,4675.55
O-04028,2025-11-29,C-0734,US,US West,Hardware,Online,9,2299.39,0.2476,15570.70,13535.91
O-04029,2025-11-29,C-0659,EU,Benelux & Nordics,Hardware,Partner,12,3767.55,0.3500,29386.89,30113.04
O-04030,2025-11-29,C-0063,EU,UK & Ireland,Services,Direct,44,380.41,0.3500,10879.73,10419.20
O-04031,2025-11-29,C-0348,EU,UK & Ireland,Software,Partner,16,653.97,0.3379,6927.50,3208.16
O-04032,2025-11-29,C-0158,US,US West,Support & CS,Partner,2,1894.54,0.3469,2474.74,2052.80
O-04033,2025-11-29,C-0145,US,US East,Hardware,Partner,11,1613.15,0.3409,11695.53,11627.77
O-04034,2025-11-29,C-0560,EU,UK & Ireland,Support & CS,Partner,12,1859.42,0.3500,14503.48,12188.76
O-04035,2025-11-29,C-0565,EU,Southern Europe,Hardware,Online,18,444.85,0.2315,6153.88,5226.48
O-04036,2025-11-29,C-0306,APAC,Japan,Services,Partner,23,544.76,0.3500,8144.16,7779.75
O-04037,2025-11-29,C-0134,EU,UK & Ireland,Services,Online,36,592.51,0.2683,15608.03,13610.16
O-04038,2025-11-29,C-0041,US,US Central,Hardware,Partner,7,2659.60,0.3500,12101.18,12112.80
O-04039,2025-11-29,C-0151,EU,DACH,Hardware,Partner,5,3585.14,0.3500,11651.71,12028.60
O-04040,2025-11-29,C-0456,EU,Southern Europe,Support & CS,Partner,5,2382.54,0.3500,7743.26,6592.10
O-04041,2025-11-29,C-0360,EU,DACH,Hardware,Direct,13,3040.20,0.3500,25689.69,26557.57
O-04042,2025-11-29,C-0114,US,US Central,Services,Partner,45,137.24,0.3419,4064.44,3877.20
O-04043,2025-11-29,C-0430,EU,UK & Ireland,Services,Partner,34,434.14,0.3500,9594.49,9030.74
O-04044,2025-11-29,C-0767,US,US East,Software,Partner,18,633.86,0.3456,7465.86,3294.90
O-04045,2025-11-29,C-0230,US,US East,Support & CS,Partner,4,367.21,0.3500,954.75,814.44
O-04046,2025-11-29,C-0706,APAC,Japan,Services,Direct,43,620.66,0.3500,17347.45,16969.95
O-04047,2025-11-29,C-0326,EU,Benelux & Nordics,Hardware,Online,6,3222.14,0.2380,14732.53,12864.30
O-04048,2025-11-29,C-0722,US,US East,Support & CS,Partner,12,919.44,0.3318,7372.86,6036.96
O-04049,2025-11-29,C-0330,US,US West,Services,Online,30,599.74,0.2586,13338.91,11151.00
O-04050,2025-11-29,C-0172,EU,DACH,Services,Direct,15,171.57,0.3500,1672.81,1652.85
O-04051,2025-11-29,C-0295,US,US East,Hardware,Online,18,3518.96,0.2620,46743.45,42086.88
O-04052,2025-11-30,C-0319,APAC,Japan,Software,Partner,102,714.06,0.3500,47342.18,21730.08
O-04053,2025-11-30,C-0219,EU,Benelux & Nordics,Software,Direct,84,330.19,0.3500,18028.37,8426.88
O-04054,2025-11-30,C-0457,US,US West,Support & CS,Partner,9,1885.85,0.3500,11032.22,9003.33
O-04055,2025-11-30,C-0432,APAC,ANZ,Support & CS,Direct,4,1863.17,0.3500,4844.24,4187.44
O-04056,2025-11-30,C-0266,US,US West,Software,Partner,36,577.76,0.3500,13519.58,6222.60
O-04057,2025-11-30,C-0265,US,US Central,Hardware,Partner,18,1975.41,0.3500,23112.30,23278.68
O-04058,2025-11-30,C-0583,EU,Benelux & Nordics,Software,Direct,95,272.21,0.3500,16808.97,8065.50
O-04059,2025-11-30,C-0268,EU,UK & Ireland,Services,Direct,1,593.27,0.3500,385.63,366.23
O-04060,2025-11-30,C-0212,APAC,ANZ,Support & CS,Online,1,2305.10,0.2546,1718.19,1294.40
O-04061,2025-11-30,C-0780,EU,DACH,Hardware,Partner,9,2885.95,0.3423,17083.64,16934.40
O-04062,2025-11-30,C-0749,EU,DACH,Support & CS,Partner,1,2218.13,0.3494,1443.11,1257.62
O-04063,2025-11-30,C-0026,EU,Southern Europe,Software,Online,17,458.46,0.2526,5824.97,2312.34
O-04064,2025-11-30,C-0291,EU,UK & Ireland,Support & CS,Direct,11,2334.90,0.3500,16694.53,14276.68
O-04065,2025-11-30,C-0471,US,US East,Support & CS,Direct,10,880.69,0.3500,5724.49,4827.50
O-04066,2025-11-30,C-0589,EU,DACH,Services,Partner,23,156.18,0.3500,2334.89,2253.31
O-04067,2025-11-30,C-0606,US,US West,Services,Partner,35,535.77,0.3500,12188.77,11709.95
O-04068,2025-11-30,C-0199,APAC,ANZ,Hardware,Direct,3,2136.30,0.3500,4165.79,4159.41
O-04069,2025-11-30,C-0224,US,US West,Software,Partner,86,658.04,0.3500,36784.44,16771.72
O-04070,2025-11-30,C-0769,US,US West,Support & CS,Online,5,349.33,0.2681,1278.34,952.15
O-04071,2025-11-30,C-0338,EU,UK & Ireland,Software,Online,100,752.68,0.2542,56138.33,22620.00
O-04072,2025-11-30,C-0752,EU,Benelux & Nordics,Support & CS,Direct,12,911.27,0.3500,7107.91,5930.16
O-04073,2025-12-01,C-0366,US,US West,Services,Direct,25,296.31,0.3500,4815.04,4647.50
O-04074,2025-12-01,C-0093,US,US West,Software,Online,5,403.95,0.2757,1462.86,593.75
O-04075,2025-12-01,C-0658,US,US East,Software,Online,31,297.26,0.2675,6750.38,2750.32
O-04076,2025-12-01,C-0343,US,US West,Software,Partner,79,624.99,0.3500,32093.24,14521.78
O-04077,2025-12-01,C-0310,US,US Central,Hardware,Online,18,668.17,0.2751,8718.60,7924.50
O-04078,2025-12-01,C-0031,US,US Central,Hardware,Direct,4,535.66,0.3500,1392.72,1379.60
O-04079,2025-12-01,C-0070,US,US West,Hardware,Direct,10,3203.59,0.3500,20823.34,21267.50
O-04080,2025-12-01,C-0604,EU,Southern Europe,Hardware,Direct,5,3710.20,0.3500,12058.15,12298.10
O-04081,2025-12-01,C-0482,APAC,Greater China,Software,Partner,89,751.09,0.3477,43604.52,20607.06
O-04082,2025-12-01,C-0583,EU,Benelux & Nordics,Hardware,Partner,1,3900.10,0.3500,2535.07,2626.65
O-04083,2025-12-01,C-0677,US,US East,Hardware,Partner,18,886.36,0.3500,10370.41,10659.24
O-04084,2025-12-01,C-0708,EU,DACH,Software,Partner,57,876.12,0.3500,32460.25,14978.46
O-04085,2025-12-01,C-0794,APAC,ANZ,Software,Direct,41,361.82,0.3500,9642.50,4362.40
O-04086,2025-12-01,C-0576,EU,Benelux & Nordics,Software,Partner,118,754.50,0.3500,57870.15,26304.56
O-04087,2025-12-01,C-0207,APAC,Japan,Services,Partner,1,244.56,0.3500,158.96,150.68
O-04088,2025-12-01,C-0464,US,US East,Software,Direct,8,177.36,0.3500,922.27,414.32
O-04089,2025-12-01,C-0316,US,US East,Software,Partner,5,708.38,0.3500,2302.24,1029.65
O-04090,2025-12-01,C-0770,EU,UK & Ireland,Hardware,Partner,8,2304.56,0.3500,11983.71,12653.92
O-04091,2025-12-01,C-0421,EU,Southern Europe,Hardware,Partner,5,1668.16,0.3500,5421.52,5642.00
O-04092,2025-12-01,C-0337,US,US East,Software,Partner,67,751.99,0.3319,33659.88,14504.16
O-04093,2025-12-01,C-0525,EU,Benelux & Nordics,Hardware,Partner,8,2635.23,0.3423,13866.49,14354.88
O-04094,2025-12-01,C-0608,APAC,Greater China,Software,Partner,98,403.25,0.3327,26371.55,12150.04
O-04095,2025-12-01,C-0256,US,US Central,Hardware,Partner,18,3293.91,0.3451,38830.62,38369.70
O-04096,2025-12-01,C-0743,US,US Central,Hardware,Partner,4,1363.74,0.3500,3545.72,3515.68
O-04097,2025-12-02,C-0265,US,US Central,Support & CS,Partner,3,1390.45,0.3500,2711.38,2231.19
O-04098,2025-12-02,C-0176,APAC,Greater China,Hardware,Partner,1,1744.57,0.3500,1133.97,1129.54
O-04099,2025-12-02,C-0445,EU,DACH,Software,Online,80,749.93,0.2545,44726.97,18300.00
O-04100,2025-12-02,C-0629,US,US East,Hardware,Partner,11,882.15,0.3500,6307.37,6467.89
O-04101,2025-12-02,C-0757,EU,Southern Europe,Hardware,Direct,7,3554.75,0.3500,16174.11,16642.99
O-04102,2025-12-02,C-0100,EU,DACH,Hardware,Partner,3,1325.72,0.3500,2585.15,2651.82
O-04103,2025-12-02,C-0755,EU,Benelux & Nordics,Hardware,Direct,10,3404.79,0.3500,22131.14,22143.60
O-04104,2025-12-02,C-0029,US,US West,Services,Direct,12,515.85,0.3500,4023.63,3890.16
O-04105,2025-12-02,C-0126,EU,UK & Ireland,Hardware,Partner,18,3246.90,0.3500,37988.73,40239.54
O-04106,2025-12-02,C-0141,EU,Benelux & Nordics,Hardware,Direct,1,2015.77,0.3500,1310.25,1361.05
O-04107,2025-12-02,C-0446,EU,Southern Europe,Services,Online,15,593.99,0.2733,6474.54,5656.65
O-04108,2025-12-02,C-0724,EU,DACH,Software,Direct,58,167.05,0.3500,6297.79,2933.64
O-04109,2025-12-02,C-0146,US,US West,Services,Direct,20,366.44,0.3500,4763.72,4449.60
O-04110,2025-12-02,C-0295,US,US East,Software,Direct,108,362.79,0.3500,25467.86,11803.32
O-04111,2025-12-02,C-0748,APAC,Southeast Asia,Hardware,Direct,1,1387.12,0.3500,901.63,898.05
O-04112,2025-12-02,C-0179,EU,DACH,Services,Partner,4,451.66,0.3457,1182.14,1107.72
O-04113,2025-12-02,C-0592,EU,UK & Ireland,Hardware,Partner,9,3181.10,0.3500,18609.43,19358.46
O-04114,2025-12-02,C-0746,US,US West,Support & CS,Partner,8,2328.04,0.3372,12343.60,10270.32
O-04115,2025-12-02,C-0102,US,US East,Support & CS,Online,8,1128.61,0.2708,6583.99,4953.20
O-04116,2025-12-02,C-0080,EU,Benelux & Nordics,Hardware,Online,16,930.36,0.2314,11441.55,10064.80
O-04117,2025-12-02,C-0256,US,US Central,Software,Online,104,354.93,0.2527,27586.02,11100.96
O-04118,2025-12-02,C-0169,EU,Benelux & Nordics,Support & CS,Direct,1,1812.16,0.3500,1177.90,1028.36
O-04119,2025-12-02,C-0609,EU,DACH,Software,Partner,77,293.13,0.3467,14744.58,6956.18
O-04120,2025-12-02,C-0704,US,US West,Hardware,Partner,6,787.79,0.3321,3157.00,3156.54
O-04121,2025-12-02,C-0688,US,US East,Hardware,Direct,4,3935.69,0.3500,10232.79,10105.80
O-04122,2025-12-02,C-0040,EU,Southern Europe,Support & CS,Partner,2,431.37,0.3399,569.50,471.10
O-04123,2025-12-02,C-0455,US,US West,Support & CS,Direct,4,1892.82,0.3500,4921.33,4028.32
O-04124,2025-12-02,C-0655,EU,DACH,Software,Partner,38,633.68,0.3500,15651.90,7532.36
O-04125,2025-12-02,C-0277,EU,UK & Ireland,Software,Partner,30,599.89,0.3500,11697.86,5352.60
O-04126,2025-12-02,C-0190,EU,Benelux & Nordics,Services,Online,45,585.32,0.2374,20085.88,16347.60
O-04127,2025-12-02,C-0708,EU,DACH,Software,Partner,72,521.25,0.3500,24394.50,11324.88
O-04128,2025-12-02,C-0057,EU,Southern Europe,Services,Partner,7,382.36,0.3500,1739.74,1660.82
O-04129,2025-12-02,C-0538,APAC,Greater China,Support & CS,Partner,8,1892.57,0.3500,9841.36,8466.24
O-04130,2025-12-02,C-0778,US,US West,Hardware,Direct,7,1122.94,0.3500,5109.38,4982.04
O-04131,2025-12-03,C-0345,EU,UK & Ireland,Support & CS,Direct,7,766.78,0.3500,3488.85,3080.98
O-04132,2025-12-03,C-0250,EU,Benelux & Nordics,Hardware,Partner,15,1288.03,0.3500,12558.29,12658.05
O-04133,2025-12-03,C-0180,EU,UK & Ireland,Hardware,Partner,12,2912.25,0.3500,22715.55,23428.80
O-04134,2025-12-03,C-0191,US,US East,Software,Online,117,313.29,0.2318,28156.54,10724.22
O-04135,2025-12-03,C-0316,US,US East,Hardware,Direct,4,3399.26,0.3500,8838.08,8713.64
O-04136,2025-12-03,C-0771,EU,UK & Ireland,Software,Direct,18,413.63,0.3500,4839.47,2328.84
O-04137,2025-12-03,C-0382,EU,DACH,Services,Partner,17,439.92,0.3500,4861.12,4604.79
O-04138,2025-12-03,C-0143,US,US Central,Hardware,Direct,5,2277.25,0.3500,7401.06,7515.90
O-04139,2025-12-03,C-0625,EU,DACH,Hardware,Direct,4,1715.25,0.3500,4459.65,4706.36
O-04140,2025-12-03,C-0102,US,US East,Hardware,Direct,16,2822.44,0.3500,29353.38,29042.72
O-04141,2025-12-03,C-0494,APAC,Southeast Asia,Software,Partner,48,531.14,0.3471,16644.34,7824.96
O-04142,2025-12-03,C-0782,EU,Benelux & Nordics,Services,Partner,24,307.57,0.3500,4798.09,4506.72
O-04143,2025-12-03,C-0421,EU,Southern Europe,Services,Online,8,374.77,0.2332,2299.12,1901.44
O-04144,2025-12-03,C-0159,EU,Southern Europe,Services,Partner,5,283.83,0.3500,922.45,878.10
O-04145,2025-12-03,C-0317,US,US East,Services,Direct,32,509.73,0.3500,10602.38,9928.32
O-04146,2025-12-03,C-0213,APAC,Southeast Asia,Software,Direct,22,761.66,0.3500,10891.74,5128.42
O-04147,2025-12-03,C-0524,US,US Central,Software,Direct,91,527.96,0.3500,31228.83,13792.87
O-04148,2025-12-03,C-0287,US,US East,Services,Online,7,428.37,0.2404,2277.70,1851.99
O-04149,2025-12-03,C-0433,US,US Central,Software,Online,45,735.21,0.2435,25028.69,9693.00
O-04150,2025-12-03,C-0229,US,US West,Services,Direct,8,547.28,0.3500,2845.86,2661.04
O-04151,2025-12-03,C-0643,EU,DACH,Hardware,Online,14,2838.27,0.2427,30092.29,26166.70
O-04152,2025-12-03,C-0139,EU,UK & Ireland,Services,Partner,19,435.79,0.3387,5475.40,5354.01
O-04153,2025-12-03,C-0319,APAC,Japan,Software,Partner,83,79.39,0.3500,4283.09,1978.72
O-04154,2025-12-03,C-0326,EU,Benelux & Nordics,Services,Online,2,645.24,0.2336,989.07,797.28
O-04155,2025-12-03,C-0386,US,US East,Hardware,Partner,18,967.84,0.3385,11523.93,11340.54
O-04156,2025-12-04,C-0574,EU,Southern Europe,Hardware,Online,18,3593.26,0.2585,47956.07,43041.24
O-04157,2025-12-04,C-0405,EU,DACH,Hardware,Direct,13,578.37,0.3500,4887.23,4989.27
O-04158,2025-12-04,C-0402,APAC,Greater China,Software,Direct,41,472.56,0.3500,12593.72,5693.26
O-04159,2025-12-04,C-0017,US,US Central,Hardware,Online,13,1909.83,0.2733,18042.14,15674.10
O-04160,2025-12-04,C-0184,US,US West,Software,Partner,101,711.64,0.3396,47463.98,20809.03
O-04161,2025-12-04,C-0523,US,US West,Services,Partner,28,226.24,0.3356,4208.53,3981.88
O-04162,2025-12-04,C-0012,US,US East,Software,Partner,10,664.55,0.3372,4404.89,1971.10
O-04163,2025-12-04,C-0437,US,US West,Services,Direct,35,412.65,0.3500,9387.79,8577.10
O-04164,2025-12-04,C-0765,US,US East,Hardware,Online,15,2648.84,0.2527,29694.14,25290.30
O-04165,2025-12-04,C-0085,US,US East,Hardware,Direct,10,900.84,0.3500,5855.46,5686.30
O-04166,2025-12-04,C-0757,EU,Southern Europe,Software,Direct,119,746.06,0.3500,57707.74,26719.07
O-04167,2025-12-04,C-0761,US,US West,Hardware,Partner,13,1267.69,0.3500,10711.98,10686.91
O-04168,2025-12-04,C-0014,US,US West,Software,Partner,100,469.35,0.3500,30507.75,14121.00
O-04169,2025-12-04,C-0051,APAC,Japan,Software,Partner,107,116.84,0.3500,8126.22,3811.34
O-04170,2025-12-04,C-0189,APAC,ANZ,Hardware,Direct,17,4030.36,0.3500,44535.48,44841.24
O-04171,2025-12-04,C-0639,EU,UK & Ireland,Support & CS,Online,6,1911.10,0.2446,8662.00,6477.30
O-04172,2025-12-04,C-0626,EU,DACH,Hardware,Direct,15,1842.42,0.3500,17963.60,18554.40
O-04173,2025-12-04,C-0009,US,US West,Software,Partner,105,380.90,0.3500,25996.42,11900.70
O-04174,2025-12-05,C-0489,APAC,Greater China,Support & CS,Direct,3,1397.33,0.3500,2724.79,2251.08
O-04175,2025-12-05,C-0746,US,US West,Software,Partner,106,309.86,0.3500,21349.35,9886.62
O-04176,2025-12-05,C-0458,EU,Benelux & Nordics,Services,Online,21,225.02,0.2325,3626.84,2972.55
O-04177,2025-12-05,C-0039,US,US West,Hardware,Partner,8,4185.05,0.3500,21762.26,22019.44
O-04178,2025-12-05,C-0696,APAC,Greater China,Software,Direct,113,248.54,0.3500,18255.26,8246.74
O-04179,2025-12-05,C-0384,US,US West,Software,Partner,89,640.40,0.3500,37047.14,16986.54
O-04180,2025-12-05,C-0035,APAC,Greater China,Support & CS,Direct,7,435.78,0.3500,1982.80,1687.56
O-04181,2025-12-05,C-0373,US,US West,Support & CS,Partner,7,991.26,0.3500,4510.23,3771.11
O-04182,2025-12-05,C-0089,US,US West,Services,Direct,5,175.78,0.3500,571.28,549.30
O-04183,2025-12-05,C-0325,US,US East,Software,Partner,87,495.30,0.3500,28009.22,12681.99
O-04184,2025-12-05,C-0397,US,US East,Hardware,Direct,9,397.03,0.3500,2322.63,2262.15
O-04185,2025-12-05,C-0270,APAC,Japan,Software,Online,107,77.55,0.2501,6222.87,2559.44
O-04186,2025-12-05,C-0716,APAC,Southeast Asia,Hardware,Direct,3,494.47,0.3500,964.22,999.66
O-04187,2025-12-05,C-0356,US,US West,Software,Direct,34,110.87,0.3500,2450.23,1089.70
O-04188,2025-12-05,C-0394,EU,DACH,Services,Direct,15,378.50,0.3500,3690.38,3555.90
O-04189,2025-12-05,C-0133,US,US West,Hardware,Direct,12,1462.55,0.3500,11407.89,11103.36
O-04190,2025-12-05,C-0290,EU,Southern Europe,Services,Partner,1,490.68,0.3305,328.49,310.76
O-04191,2025-12-06,C-0681,EU,DACH,Software,Partner,85,862.37,0.3500,47645.94,21658.85
O-04192,2025-12-06,C-0271,EU,DACH,Support & CS,Online,7,301.72,0.2564,1570.52,1170.68
O-04193,2025-12-06,C-0791,US,US West,Support & CS,Partner,11,787.79,0.3500,5632.70,4659.27
O-04194,2025-12-06,C-0380,US,US West,Software,Partner,68,635.14,0.3500,28073.19,13123.32
O-04195,2025-12-06,C-0746,US,US West,Software,Partner,111,276.77,0.3500,19968.96,8972.13
O-04196,2025-12-06,C-0124,US,US East,Software,Direct,93,454.64,0.3500,27482.99,12566.16
O-04197,2025-12-06,C-0662,EU,DACH,Hardware,Direct,1,4112.10,0.3500,2672.87,2724.68
O-04198,2025-12-06,C-0134,EU,UK & Ireland,Services,Partner,30,510.89,0.3500,9962.35,9664.80
O-04199,2025-12-06,C-0537,EU,UK & Ireland,Services,Direct,33,199.51,0.3500,4279.49,4198.59
O-04200,2025-12-06,C-0068,EU,UK & Ireland,Hardware,Partner,18,3632.88,0.3500,42504.70,43008.66
O-04201,2025-12-06,C-0159,EU,Southern Europe,Hardware,Partner,7,3866.39,0.3500,17592.07,18374.37
O-04202,2025-12-06,C-0192,APAC,Japan,Hardware,Partner,3,1185.49,0.3500,2311.71,2368.32
O-04203,2025-12-06,C-0162,US,US West,Hardware,Partner,7,2113.57,0.3500,9616.74,9458.75
O-04204,2025-12-06,C-0791,US,US West,Software,Online,76,566.17,0.2342,32950.19,12844.76
O-04205,2025-12-06,C-0650,EU,DACH,Services,Partner,29,335.18,0.3500,6318.14,5959.79
O-04206,2025-12-06,C-0765,US,US East,Services,Direct,14,542.15,0.3500,4933.56,4677.54
O-04207,2025-12-06,C-0289,US,US West,Services,Partner,27,597.59,0.3320,10778.60,9598.23
O-04208,2025-12-06,C-0385,US,US West,Hardware,Direct,6,3113.08,0.3500,12141.01,12068.70
O-04209,2025-12-06,C-0739,US,US Central,Software,Online,44,349.84,0.2528,11501.20,4528.92
O-04210,2025-12-06,C-0255,EU,UK & Ireland,Services,Partner,32,400.02,0.3454,8379.50,8109.12
O-04211,2025-12-06,C-0590,US,US East,Services,Online,15,303.68,0.2521,3406.61,2768.55
O-04212,2025-12-06,C-0384,US,US West,Hardware,Direct,3,2021.56,0.3500,3942.04,3853.98
O-04213,2025-12-06,C-0562,US,US Central,Support & CS,Online,11,1586.90,0.2570,12970.38,9429.20
O-04214,2025-12-06,C-0643,EU,DACH,Software,Partner,35,321.47,0.3426,7397.21,3336.90
O-04215,2025-12-07,C-0738,EU,DACH,Hardware,Direct,8,3100.02,0.3500,16120.10,16535.84
O-04216,2025-12-07,C-0541,APAC,ANZ,Hardware,Partner,14,1247.48,0.3500,11352.07,11695.32
O-04217,2025-12-07,C-0746,US,US West,Support & CS,Partner,9,647.51,0.3500,3787.93,3066.12
O-04218,2025-12-07,C-0469,EU,UK & Ireland,Services,Partner,41,167.16,0.3500,4454.81,4384.95
O-04219,2025-12-07,C-0687,APAC,ANZ,Hardware,Online,9,4134.88,0.2342,28500.11,24093.27
O-04220,2025-12-07,C-0610,EU,Southern Europe,Services,Online,4,225.69,0.2469,679.88,581.40
O-04221,2025-12-07,C-0421,EU,Southern Europe,Hardware,Online,10,4191.86,0.2646,30827.87,28315.50
O-04222,2025-12-07,C-0734,US,US West,Software,Partner,69,495.75,0.3500,22234.39,9971.88
O-04223,2025-12-07,C-0759,EU,UK & Ireland,Services,Partner,44,553.09,0.3435,15976.05,15007.08
O-04224,2025-12-07,C-0170,US,US Central,Services,Partner,12,509.15,0.3477,3985.50,3632.16
O-04225,2025-12-07,C-0700,EU,UK & Ireland,Support & CS,Direct,6,2095.71,0.3500,8173.27,7031.70
O-04226,2025-12-07,C-0394,EU,DACH,Hardware,Direct,18,2823.77,0.3500,33038.11,34289.64
O-04227,2025-12-07,C-0310,US,US Central,Hardware,Direct,18,699.25,0.3500,8181.23,7945.38
O-04228,2025-12-07,C-0012,US,US East,Software,Direct,52,96.97,0.3500,3277.59,1524.64
O-04229,2025-12-07,C-0314,EU,DACH,Support & CS,Partner,12,331.15,0.3500,2582.97,2163.60
O-04230,2025-12-07,C-0145,US,US East,Hardware,Partner,13,1052.21,0.3430,8987.05,9128.60
O-04231,2025-12-07,C-0018,EU,DACH,Hardware,Partner,6,2593.59,0.3500,10115.00,10384.98
O-04232,2025-12-07,C-0461,EU,Benelux & Nordics,Hardware,Partner,10,1946.82,0.3500,12654.33,13168.90
O-04233,2025-12-07,C-0700,EU,UK & Ireland,Support & CS,Partner,4,1797.61,0.3500,4673.79,3934.60
O-04234,2025-12-07,C-0594,EU,Benelux & Nordics,Software,Direct,86,698.28,0.3500,39033.85,17810.60
O-04235,2025-12-07,C-0111,APAC,ANZ,Software,Partner,120,322.30,0.3336,25772.54,11328.00
O-04236,2025-12-07,C-0518,APAC,Southeast Asia,Services,Partner,12,510.32,0.3435,4020.42,3799.44
O-04237,2025-12-07,C-0199,APAC,ANZ,Software,Direct,113,874.66,0.3500,64243.78,29774.37
O-04238,2025-12-07,C-0258,EU,UK & Ireland,Software,Direct,95,887.96,0.3500,54831.53,25092.35
O-04239,2025-12-07,C-0623,EU,UK & Ireland,Support & CS,Direct,5,1289.34,0.3500,4190.36,3596.45
O-04240,2025-12-07,C-0109,US,US East,Support & CS,Online,4,1423.09,0.2425,4312.04,3024.40
O-04241,2025-12-07,C-0600,EU,Benelux & Nordics,Software,Partner,40,552.63,0.3441,14499.10,6750.80
O-04242,2025-12-08,C-0306,APAC,Japan,Software,Direct,94,854.38,0.3500,52202.62,24752.08
O-04243,2025-12-08,C-0306,APAC,Japan,Support & CS,Partner,1,2270.18,0.3500,1475.62,1255.41
O-04244,2025-12-08,C-0186,APAC,ANZ,Hardware,Online,10,2026.29,0.2470,15258.38,13564.60
O-04245,2025-12-08,C-0741,APAC,Greater China,Software,Online,30,331.09,0.2446,7502.67,3065.70
O-04246,2025-12-08,C-0612,EU,UK & Ireland,Services,Partner,8,411.36,0.3500,2139.07,2073.92
O-04247,2025-12-08,C-0543,APAC,Japan,Hardware,Partner,5,543.65,0.3484,1771.16,1817.90
O-04248,2025-12-08,C-0125,EU,DACH,Services,Partner,38,586.78,0.3500,14493.47,14001.48
O-04249,2025-12-08,C-0330,US,US West,Hardware,Partner,16,3459.08,0.3436,36327.85,35511.04
O-04250,2025-12-08,C-0770,EU,UK & Ireland,Hardware,Partner,18,3240.80,0.3500,37917.36,38995.38
O-04251,2025-12-08,C-0220,EU,UK & Ireland,Hardware,Direct,13,891.84,0.3500,7536.05,7767.11
O-04252,2025-12-08,C-0079,EU,DACH,Support & CS,Direct,3,981.63,0.3500,1914.18,1660.32
O-04253,2025-12-08,C-0199,APAC,ANZ,Software,Online,69,693.28,0.2650,35159.90,14695.62
O-04254,2025-12-08,C-0009,US,US West,Hardware,Partner,16,1942.12,0.3338,20701.11,20512.80
O-04255,2025-12-08,C-0500,US,US West,Hardware,Online,18,727.93,0.2597,9700.03,8282.16
O-04256,2025-12-08,C-0633,US,US Central,Services,Partner,17,224.45,0.3500,2480.17,2317.27
O-04257,2025-12-08,C-0597,APAC,ANZ,Software,Partner,31,857.17,0.3500,17271.98,8073.33
O-04258,2025-12-08,C-0437,US,US West,Services,Direct,12,385.90,0.3500,3010.02,2760.96
O-04259,2025-12-08,C-0397,US,US East,Hardware,Partner,11,2916.83,0.3323,21423.36,20732.25
O-04260,2025-12-08,C-0042,APAC,ANZ,Software,Partner,33,649.31,0.3457,14020.71,6518.49
O-04261,2025-12-08,C-0048,EU,Southern Europe,Software,Direct,84,371.66,0.3500,20292.64,9232.44
O-04262,2025-12-08,C-0319,APAC,Japan,Hardware,Partner,1,3595.84,0.3356,2389.06,2383.20
O-04263,2025-12-08,C-0510,US,US Central,Support & CS,Direct,10,1716.79,0.3500,11159.14,9175.10
O-04264,2025-12-08,C-0385,US,US West,Hardware,Direct,6,600.16,0.3500,2340.62,2323.86
O-04265,2025-12-08,C-0117,APAC,Southeast Asia,Software,Partner,94,420.60,0.3500,25698.66,11833.66
O-04266,2025-12-09,C-0286,US,US East,Hardware,Partner,7,356.09,0.3312,1667.07,1632.68
O-04267,2025-12-09,C-0206,APAC,Japan,Services,Partner,33,480.52,0.3439,10404.56,9621.81
O-04268,2025-12-09,C-0770,EU,UK & Ireland,Support & CS,Direct,7,2291.12,0.3500,10424.60,8855.56
O-04269,2025-12-09,C-0729,US,US East,Hardware,Direct,9,2256.41,0.3500,13200.00,12967.20
O-04270,2025-12-09,C-0142,US,US East,Software,Partner,5,343.18,0.3500,1115.34,509.80
O-04271,2025-12-09,C-0352,US,US West,Hardware,Direct,3,1032.36,0.3500,2013.10,2034.84
O-04272,2025-12-09,C-0764,APAC,Greater China,Software,Direct,7,539.68,0.3500,2455.54,1122.17
O-04273,2025-12-09,C-0011,EU,DACH,Hardware,Partner,18,407.80,0.3500,4771.26,4922.10
O-04274,2025-12-09,C-0616,US,US Central,Software,Online,86,889.79,0.2426,57960.34,22599.08
O-04275,2025-12-09,C-0433,US,US Central,Software,Partner,58,476.98,0.3457,18101.28,8220.92
O-04276,2025-12-09,C-0054,EU,UK & Ireland,Software,Direct,110,776.51,0.3500,55520.47,25532.10
O-04277,2025-12-09,C-0796,APAC,Southeast Asia,Support & CS,Online,5,1453.07,0.2719,5289.62,4070.85
O-04278,2025-12-09,C-0068,EU,UK & Ireland,Software,Direct,84,817.82,0.3500,44652.97,21171.36
O-04279,2025-12-09,C-0573,APAC,Southeast Asia,Hardware,Partner,10,1212.90,0.3500,7883.85,8027.60
O-04280,2025-12-09,C-0792,EU,Benelux & Nordics,Hardware,Direct,10,3431.49,0.3500,22304.68,22708.90
O-04281,2025-12-09,C-0733,EU,UK & Ireland,Hardware,Direct,8,1351.35,0.3500,7027.02,7162.88
O-04282,2025-12-09,C-0002,APAC,Japan,Software,Partner,61,879.71,0.3500,34880.50,15770.33
O-04283,2025-12-09,C-0336,EU,Benelux & Nordics,Hardware,Direct,16,3563.54,0.3500,37060.82,38420.16
O-04284,2025-12-09,C-0485,EU,UK & Ireland,Services,Online,15,570.38,0.2749,6204.01,5293.50
O-04285,2025-12-09,C-0199,APAC,ANZ,Hardware,Partner,8,419.85,0.3500,2183.34,2253.28
O-04286,2025-12-09,C-0191,US,US East,Software,Direct,100,273.16,0.3500,17755.40,8309.00
O-04287,2025-12-09,C-0395,US,US West,Services,Direct,19,228.72,0.3500,2824.69,2591.98
O-04288,2025-12-09,C-0713,US,US Central,Support & CS,Online,7,1492.50,0.2601,7730.56,5772.97
O-04289,2025-12-10,C-0457,US,US West,Services,Direct,18,127.69,0.3500,1493.97,1434.96
O-04290,2025-12-10,C-0270,APAC,Japan,Services,Partner,36,377.16,0.3500,8825.54,8635.68
O-04291,2025-12-10,C-0566,US,US West,Software,Partner,52,834.23,0.3359,28806.97,13089.96
O-04292,2025-12-10,C-0266,US,US West,Hardware,Online,3,2326.10,0.2405,5299.77,4459.89
O-04293,2025-12-10,C-0189,APAC,ANZ,Support & CS,Partner,8,763.81,0.3301,4093.33,3285.92
O-04294,2025-12-10,C-0546,EU,Southern Europe,Support & CS,Partner,12,2250.81,0.3401,17822.88,15454.32
O-04295,2025-12-10,C-0341,EU,UK & Ireland,Services,Partner,22,503.12,0.3477,7220.05,7082.02
O-04296,2025-12-10,C-0063,EU,UK & Ireland,Hardware,Partner,11,3679.62,0.3466,26445.20,27894.13
O-04297,2025-12-10,C-0640,EU,DACH,Software,Partner,51,485.28,0.3457,16193.17,7539.33
O-04298,2025-12-10,C-0175,EU,UK & Ireland,Hardware,Direct,7,1137.15,0.3500,5174.03,5301.17
O-04299,2025-12-10,C-0752,EU,Benelux & Nordics,Hardware,Partner,9,2198.21,0.3362,13132.65,13003.74
O-04300,2025-12-10,C-0398,EU,DACH,Hardware,Partner,11,3040.00,0.3500,21736.00,22663.85
O-04301,2025-12-10,C-0458,EU,Benelux & Nordics,Support & CS,Partner,10,1062.62,0.3334,7083.59,5832.10
O-04302,2025-12-10,C-0314,EU,DACH,Software,Partner,46,215.90,0.3500,6455.41,3012.08
O-04303,2025-12-10,C-0066,EU,DACH,Support & CS,Partner,6,2230.43,0.3500,8698.68,7648.80
O-04304,2025-12-10,C-0590,US,US East,Services,Direct,13,546.29,0.3500,4616.15,4422.60
O-04305,2025-12-10,C-0014,US,US West,Software,Partner,90,450.86,0.3500,26375.31,11701.80
O-04306,2025-12-10,C-0281,US,US Central,Hardware,Partner,6,3557.09,0.3402,14081.78,13591.08
O-04307,2025-12-11,C-0488,US,US Central,Hardware,Direct,12,785.68,0.3500,6128.30,6199.32
O-04308,2025-12-11,C-0193,US,US West,Services,Direct,16,518.63,0.3500,5393.75,5065.44
O-04309,2025-12-11,C-0371,EU,Benelux & Nordics,Hardware,Partner,12,2089.88,0.3500,16301.06,17172.96
O-04310,2025-12-11,C-0372,US,US East,Support & CS,Partner,3,1009.62,0.3443,1985.90,1682.40
O-04311,2025-12-11,C-0126,EU,UK & Ireland,Hardware,Partner,5,1380.22,0.3500,4485.72,4748.75
O-04312,2025-12-11,C-0108,APAC,Greater China,Software,Direct,104,801.02,0.3500,54148.95,25665.12
O-04313,2025-12-11,C-0080,EU,Benelux & Nordics,Software,Online,16,157.58,0.2486,1894.51,744.80
O-04314,2025-12-11,C-0427,EU,DACH,Software,Direct,105,305.88,0.3500,20876.31,9980.25
O-04315,2025-12-11,C-0800,US,US Central,Hardware,Direct,8,1563.57,0.3500,8130.56,8360.48
O-04316,2025-12-11,C-0488,US,US Central,Support & CS,Direct,6,426.70,0.3500,1664.13,1392.18
O-04317,2025-12-11,C-0657,US,US Central,Services,Online,20,328.99,0.2679,4817.00,3974.60
O-04318,2025-12-11,C-0541,APAC,ANZ,Hardware,Direct,4,3792.54,0.3500,9860.60,10232.44
O-04319,2025-12-11,C-0372,US,US East,Services,Direct,34,186.95,0.3500,4131.59,3835.54
O-04320,2025-12-11,C-0283,APAC,Southeast Asia,Software,Partner,114,131.10,0.3378,9896.24,4410.66
O-04321,2025-12-11,C-0734,US,US West,Software,Partner,71,383.71,0.3500,17708.22,8130.92
O-04322,2025-12-11,C-0024,EU,UK & Ireland,Hardware,Partner,3,3351.38,0.3493,6542.18,6869.43
O-04323,2025-12-11,C-0500,US,US West,Software,Direct,79,659.59,0.3500,33869.95,15021.06
O-04324,2025-12-11,C-0272,EU,UK & Ireland,Services,Direct,18,203.01,0.3500,2375.22,2349.00
O-04325,2025-12-11,C-0383,EU,DACH,Software,Partner,16,219.16,0.3500,2279.26,1067.52
O-04326,2025-12-11,C-0538,APAC,Greater China,Hardware,Partner,5,621.82,0.3373,2060.45,2072.45
O-04327,2025-12-11,C-0268,EU,UK & Ireland,Hardware,Direct,11,2762.21,0.3500,19749.80,20211.95
O-04328,2025-12-11,C-0289,US,US West,Software,Partner,14,177.74,0.3460,1627.50,737.38
O-04329,2025-12-11,C-0627,US,US Central,Services,Partner,41,211.87,0.3461,5680.08,5454.23
O-04330,2025-12-11,C-0023,US,US East,Hardware,Partner,11,2973.22,0.3500,21258.52,21093.05
O-04331,2025-12-11,C-0078,EU,UK & Ireland,Software,Partner,74,306.05,0.3341,15081.90,6944.90
O-04332,2025-12-11,C-0210,EU,Southern Europe,Services,Partner,16,296.91,0.3500,3087.86,2927.36
O-04333,2025-12-11,C-0547,EU,UK & Ireland,Support & CS,Partner,7,1264.76,0.3484,5769.17,4854.43
O-04334,2025-12-12,C-0660,EU,Benelux & Nordics,Software,Direct,33,525.29,0.3500,11267.47,5390.88
O-04335,2025-12-12,C-0349,APAC,Greater China,Software,Partner,86,265.42,0.3323,15240.78,6929.88
O-04336,2025-12-12,C-0099,US,US East,Software,Direct,5,443.81,0.3500,1442.38,664.60
O-04337,2025-12-12,C-0223,EU,DACH,Software,Partner,17,678.13,0.3500,7493.34,3445.90
O-04338,2025-12-12,C-0744,US,US East,Hardware,Partner,8,3481.29,0.3425,18312.84,18174.24
O-04339,2025-12-12,C-0706,APAC,Japan,Support & CS,Direct,1,2299.14,0.3500,1494.44,1302.77
O-04340,2025-12-12,C-0749,EU,DACH,Services,Online,11,228.10,0.2576,1862.66,1564.31
O-04341,2025-12-12,C-0344,EU,UK & Ireland,Hardware,Partner,11,2746.81,0.3500,19639.69,20394.66
O-04342,2025-12-12,C-0067,EU,UK & Ireland,Software,Partner,5,177.84,0.3500,577.98,270.20
O-04343,2025-12-12,C-0031,US,US Central,Support & CS,Direct,4,271.85,0.3500,706.81,591.44
O-04344,2025-12-12,C-0685,US,US East,Hardware,Partner,10,1850.97,0.3500,12031.31,12043.70
O-04345,2025-12-12,C-0140,EU,Southern Europe,Hardware,Online,17,3111.14,0.2321,40611.86,35064.37
O-04346,2025-12-12,C-0127,EU,UK & Ireland,Hardware,Online,2,2989.85,0.2728,4348.51,4045.34
O-04347,2025-12-12,C-0181,US,US East,Hardware,Partner,11,2855.77,0.3500,20418.76,19923.09
O-04348,2025-12-12,C-0436,APAC,ANZ,Services,Partner,7,256.03,0.3500,1164.94,1120.21
O-04349,2025-12-12,C-0140,EU,Southern Europe,Services,Partner,44,631.78,0.3500,18068.91,17076.40
O-04350,2025-12-12,C-0740,APAC,ANZ,Software,Partner,30,615.02,0.3340,12287.86,5481.00
O-04351,2025-12-12,C-0288,EU,DACH,Support & CS,Partner,8,1406.87,0.3500,7315.72,6244.40
O-04352,2025-12-12,C-0256,US,US Central,Software,Online,33,634.94,0.2587,15533.06,6106.65
O-04353,2025-12-12,C-0051,APAC,Japan,Hardware,Direct,15,2380.85,0.3500,23213.29,23945.85
O-04354,2025-12-12,C-0443,US,US West,Services,Partner,36,600.77,0.3500,14058.02,12950.64
O-04355,2025-12-12,C-0248,US,US Central,Hardware,Partner,1,3974.08,0.3500,2583.15,2556.51
O-04356,2025-12-12,C-0639,EU,UK & Ireland,Hardware,Partner,3,2932.74,0.3324,5873.71,6011.34
O-04357,2025-12-13,C-0042,APAC,ANZ,Hardware,Direct,18,550.98,0.3500,6446.47,6539.58
O-04358,2025-12-13,C-0743,US,US Central,Hardware,Partner,18,1366.55,0.3367,16316.26,16373.34
O-04359,2025-12-13,C-0367,APAC,Southeast Asia,Hardware,Direct,18,1401.57,0.3500,16398.37,16797.42
O-04360,2025-12-13,C-0392,EU,Southern Europe,Services,Partner,10,195.37,0.3500,1269.90,1199.50
O-04361,2025-12-13,C-0537,EU,UK & Ireland,Services,Partner,7,321.36,0.3500,1462.19,1448.79
O-04362,2025-12-13,C-0611,APAC,Japan,Services,Partner,20,505.80,0.3366,6710.81,6301.80
O-04363,2025-12-13,C-0310,US,US Central,Services,Direct,7,567.92,0.3500,2584.04,2465.40
O-04364,2025-12-13,C-0703,EU,DACH,Hardware,Partner,13,711.59,0.3500,6012.94,6247.93
O-04365,2025-12-13,C-0595,EU,Benelux & Nordics,Hardware,Partner,13,2992.71,0.3423,25588.82,26399.88
O-04366,2025-12-13,C-0570,EU,Southern Europe,Software,Online,62,600.67,0.2796,26829.16,11126.52
O-04367,2025-12-13,C-0304,APAC,Southeast Asia,Hardware,Direct,5,1593.68,0.3500,5179.46,5155.85
O-04368,2025-12-13,C-0361,US,US East,Software,Partner,50,604.75,0.3500,19654.38,9026.50
O-04369,2025-12-13,C-0316,US,US East,Hardware,Partner,8,3573.05,0.3500,18579.86,18102.40
O-04370,2025-12-13,C-0214,US,US West,Services,Direct,43,512.50,0.3500,14324.38,13377.73
O-04371,2025-12-13,C-0355,APAC,Southeast Asia,Software,Partner,103,893.15,0.3500,59796.39,27876.95
O-04372,2025-12-13,C-0519,US,US East,Software,Partner,105,425.00,0.3500,29006.25,13381.20
O-04373,2025-12-13,C-0692,US,US East,Software,Partner,13,67.62,0.3500,571.39,261.17
O-04374,2025-12-13,C-0070,US,US West,Hardware,Online,3,3646.28,0.2698,7988.00,7266.63
O-04375,2025-12-13,C-0252,EU,Southern Europe,Hardware,Partner,16,1454.89,0.3500,15130.86,15486.24
O-04376,2025-12-13,C-0719,APAC,Southeast Asia,Software,Direct,113,136.42,0.3500,10020.05,4509.83
O-04377,2025-12-13,C-0500,US,US West,Software,Partner,24,771.54,0.3429,12168.34,5339.52
O-04378,2025-12-13,C-0750,US,US Central,Services,Partner,14,466.58,0.3390,4317.82,4006.52
O-04379,2025-12-13,C-0494,APAC,Southeast Asia,Hardware,Partner,16,1683.63,0.3313,18013.75,18050.40
O-04380,2025-12-13,C-0324,US,US Central,Support & CS,Partner,12,2375.68,0.3500,18530.30,15372.12
O-04381,2025-12-13,C-0292,APAC,Japan,Support & CS,Direct,8,973.04,0.3500,5059.81,4281.68
O-04382,2025-12-13,C-0281,US,US Central,Hardware,Online,14,3053.95,0.2348,32715.41,28539.28
O-04383,2025-12-13,C-0356,US,US West,Services,Partner,45,517.91,0.3500,15148.87,14383.35
O-04384,2025-12-14,C-0704,US,US West,Software,Partner,41,573.32,0.3500,15278.98,6985.58
O-04385,2025-12-14,C-0555,APAC,Southeast Asia,Services,Direct,39,138.45,0.3500,3509.71,3424.98
O-04386,2025-12-14,C-0592,EU,UK & Ireland,Services,Partner,17,279.47,0.3500,3088.14,3035.86
O-04387,2025-12-14,C-0135,APAC,Southeast Asia,Hardware,Partner,5,3194.31,0.3500,10381.51,10584.40
O-04388,2025-12-14,C-0099,US,US East,Hardware,Online,5,3089.82,0.2714,11255.88,9791.55
O-04389,2025-12-14,C-0356,US,US West,Services,Partner,32,277.21,0.3376,5876.11,5321.28
O-04390,2025-12-14,C-0144,EU,Benelux & Nordics,Hardware,Online,8,1220.96,0.2392,7430.94,6605.92
O-04391,2025-12-14,C-0542,US,US West,Hardware,Online,4,1977.40,0.2594,5858.20,5259.48
O-04392,2025-12-14,C-0703,EU,DACH,Services,Direct,42,619.94,0.3500,16924.36,16489.20
O-04393,2025-12-14,C-0292,APAC,Japan,Support & CS,Online,11,614.89,0.2336,5183.51,3733.07
O-04394,2025-12-14,C-0210,EU,Southern Europe,Support & CS,Partner,10,1372.09,0.3500,8918.59,7685.10
O-04395,2025-12-14,C-0312,US,US West,Software,Partner,109,832.73,0.3434,59597.76,27531.22
O-04396,2025-12-14,C-0579,APAC,ANZ,Software,Direct,74,773.28,0.3500,37194.77,16966.72
O-04397,2025-12-14,C-0110,EU,DACH,Services,Partner,43,579.52,0.3352,16565.98,15790.89
O-04398,2025-12-14,C-0386,US,US East,Hardware,Direct,7,3510.23,0.3500,15971.55,15509.83
O-04399,2025-12-14,C-0222,US,US Central,Hardware,Partner,9,652.19,0.3347,3905.34,3874.41
O-04400,2025-12-14,C-0606,US,US West,Support & CS,Partner,6,1891.83,0.3334,7566.88,6319.74
O-04401,2025-12-14,C-0461,EU,Benelux & Nordics,Software,Online,81,246.79,0.2383,15226.43,5993.19
O-04402,2025-12-14,C-0467,US,US Central,Support & CS,Online,7,991.63,0.2713,5058.07,3759.56
O-04403,2025-12-14,C-0086,EU,UK & Ireland,Hardware,Partner,11,3083.87,0.3500,22049.67,22087.67
O-04404,2025-12-14,C-0304,APAC,Southeast Asia,Hardware,Partner,17,848.35,0.3500,9374.27,9339.46
O-04405,2025-12-14,C-0540,US,US Central,Support & CS,Partner,9,312.90,0.3388,1861.95,1550.70
O-04406,2025-12-14,C-0397,US,US East,Hardware,Partner,4,3658.58,0.3490,9527.34,9588.24
O-04407,2025-12-14,C-0323,APAC,Southeast Asia,Software,Direct,108,398.04,0.3500,27942.41,12864.96
O-04408,2025-12-14,C-0605,EU,Benelux & Nordics,Software,Partner,48,759.62,0.3359,24214.58,11277.60
O-04409,2025-12-14,C-0289,US,US West,Software,Online,39,869.58,0.2701,24752.09,10212.15
O-04410,2025-12-14,C-0408,US,US East,Hardware,Online,5,3543.19,0.2566,13169.20,11768.35
O-04411,2025-12-14,C-0547,EU,UK & Ireland,Support & CS,Online,8,1731.56,0.2749,10044.75,7889.84
O-04412,2025-12-14,C-0285,US,US West,Software,Online,112,703.17,0.2680,57649.76,23940.00
O-04413,2025-12-14,C-0485,EU,UK & Ireland,Software,Partner,43,590.06,0.3500,16492.18,7525.86
O-04414,2025-12-15,C-0305,EU,UK & Ireland,Hardware,Direct,10,1329.51,0.3500,8641.82,8799.70
O-04415,2025-12-15,C-0564,EU,DACH,Software,Partner,107,625.58,0.3500,43509.09,20966.65
O-04416,2025-12-15,C-0600,EU,Benelux & Nordics,Hardware,Online,7,2768.94,0.2457,14620.55,12658.94
O-04417,2025-12-15,C-0746,US,US West,Support & CS,Partner,8,528.18,0.3500,2746.54,2339.04
O-04418,2025-12-15,C-0187,EU,Benelux & Nordics,Services,Online,13,377.83,0.2551,3658.64,3018.73
O-04419,2025-12-15,C-0189,APAC,ANZ,Support & CS,Direct,3,411.51,0.3500,802.44,682.95
O-04420,2025-12-15,C-0591,EU,DACH,Hardware,Partner,6,3516.64,0.3500,13714.90,14223.90
O-04421,2025-12-15,C-0590,US,US East,Software,Partner,55,92.43,0.3437,3336.33,1481.15
O-04422,2025-12-15,C-0511,US,US East,Services,Partner,18,640.48,0.3500,7493.62,6839.28
O-04423,2025-12-15,C-0229,US,US West,Services,Online,6,577.76,0.2305,2667.58,2055.24
O-04424,2025-12-15,C-0229,US,US West,Hardware,Direct,8,2536.85,0.3500,13191.62,13570.32
O-04425,2025-12-15,C-0510,US,US Central,Software,Partner,79,462.86,0.3386,24184.02,10811.15
O-04426,2025-12-15,C-0366,US,US West,Services,Partner,22,283.65,0.3315,4171.37,3813.70
O-04427,2025-12-15,C-0511,US,US East,Hardware,Partner,15,2646.38,0.3500,25802.21,26531.10
O-04428,2025-12-15,C-0208,US,US East,Hardware,Partner,17,2825.50,0.3330,32036.51,30374.58
O-04429,2025-12-15,C-0222,US,US Central,Hardware,Partner,16,3350.44,0.3500,34844.58,34105.44
O-04430,2025-12-15,C-0471,US,US East,Support & CS,Online,11,772.98,0.2325,6525.85,4499.66
O-04431,2025-12-15,C-0226,EU,UK & Ireland,Support & CS,Partner,3,2208.17,0.3500,4305.93,3785.10
O-04432,2025-12-15,C-0077,EU,UK & Ireland,Hardware,Partner,3,1584.80,0.3319,3176.18,3100.68
O-04433,2025-12-15,C-0531,APAC,Japan,Software,Partner,23,806.25,0.3500,12053.44,5560.48
O-04434,2025-12-15,C-0017,US,US Central,Software,Partner,59,133.24,0.3426,5168.08,2377.11
O-04435,2025-12-15,C-0427,EU,DACH,Software,Partner,29,182.04,0.3354,3508.46,1610.08
O-04436,2025-12-15,C-0042,APAC,ANZ,Software,Direct,16,489.79,0.3500,5093.82,2332.80
O-04437,2025-12-15,C-0796,APAC,Southeast Asia,Support & CS,Partner,6,2041.68,0.3500,7962.55,6617.64
O-04438,2025-12-15,C-0105,APAC,Greater China,Services,Partner,27,264.75,0.3500,4646.36,4483.62
O-04439,2025-12-15,C-0774,US,US East,Hardware,Direct,3,1241.98,0.3500,2421.86,2384.25
O-04440,2025-12-15,C-0757,EU,Southern Europe,Software,Partner,18,374.63,0.3500,4383.17,2034.90
O-04441,2025-12-15,C-0482,APAC,Greater China,Software,Online,88,576.47,0.2551,37787.81,14895.76
O-04442,2025-12-15,C-0159,EU,Southern Europe,Software,Direct,56,745.16,0.3500,27123.82,12515.44
O-04443,2025-12-15,C-0140,EU,Southern Europe,Services,Online,43,185.89,0.2556,5950.52,5080.88
O-04444,2025-12-15,C-0352,US,US West,Software,Partner,26,517.21,0.3433,8830.77,3931.46
O-04445,2025-12-15,C-0678,APAC,Greater China,Hardware,Direct,3,2119.78,0.3500,4133.57,4137.39
O-04446,2025-12-15,C-0110,EU,DACH,Hardware,Direct,14,4141.63,0.3500,37688.83,39125.80
O-04447,2025-12-15,C-0132,US,US West,Software,Partner,101,319.88,0.3500,21000.12,9359.67
O-04448,2025-12-15,C-0367,APAC,Southeast Asia,Hardware,Partner,2,374.92,0.3331,500.05,483.06
O-04449,2025-12-16,C-0675,APAC,Japan,Services,Direct,27,575.88,0.3500,10106.69,9802.08
O-04450,2025-12-16,C-0700,EU,UK & Ireland,Support & CS,Partner,4,2188.36,0.3328,5840.11,4851.44
O-04451,2025-12-16,C-0133,US,US West,Hardware,Partner,18,1210.96,0.3500,14168.23,14494.14
O-04452,2025-12-16,C-0438,APAC,Southeast Asia,Services,Direct,24,338.70,0.3500,5283.72,5085.36
O-04453,2025-12-16,C-0565,EU,Southern Europe,Software,Partner,11,803.42,0.3448,5790.13,2640.00
O-04454,2025-12-16,C-0708,EU,DACH,Software,Partner,79,105.71,0.3500,5428.21,2485.34
O-04455,2025-12-16,C-0706,APAC,Japan,Software,Partner,20,358.26,0.3500,4657.38,2143.00
O-04456,2025-12-16,C-0472,EU,Southern Europe,Services,Partner,19,432.95,0.3500,5346.93,5216.64
O-04457,2025-12-16,C-0294,EU,Southern Europe,Software,Direct,111,139.06,0.3500,10033.18,4836.27
O-04458,2025-12-16,C-0789,APAC,Greater China,Hardware,Partner,4,2204.85,0.3500,5732.61,5762.88
O-04459,2025-12-16,C-0325,US,US East,Software,Partner,95,648.06,0.3500,40017.71,18249.50
O-04460,2025-12-16,C-0079,EU,DACH,Services,Partner,28,577.77,0.3500,10515.41,10048.08
O-04461,2025-12-16,C-0673,US,US West,Hardware,Direct,16,1970.48,0.3500,20492.99,20609.12
O-04462,2025-12-16,C-0311,EU,DACH,Services,Direct,44,162.44,0.3500,4645.78,4444.88
O-04463,2025-12-16,C-0248,US,US Central,Hardware,Partner,11,2073.83,0.3500,14827.88,14459.94
O-04464,2025-12-16,C-0046,APAC,Japan,Support & CS,Direct,11,841.79,0.3500,6018.80,5208.83
O-04465,2025-12-16,C-0639,EU,UK & Ireland,Support & CS,Partner,8,2369.80,0.3500,12322.96,10439.28
O-04466,2025-12-16,C-0103,US,US East,Software,Direct,87,376.69,0.3500,21301.82,9931.05
O-04467,2025-12-16,C-0673,US,US West,Hardware,Partner,12,2962.43,0.3451,23279.84,22844.52
O-04468,2025-12-16,C-0155,US,US East,Hardware,Direct,3,413.44,0.3500,806.21,782.94
O-04469,2025-12-16,C-0317,US,US East,Software,Direct,38,592.26,0.3500,14628.82,6756.40
O-04470,2025-12-17,C-0064,EU,UK & Ireland,Software,Direct,37,203.07,0.3500,4883.83,2327.67
O-04471,2025-12-17,C-0123,APAC,Japan,Support & CS,Partner,2,1459.37,0.3500,1897.18,1568.32
O-04472,2025-12-17,C-0022,APAC,Southeast Asia,Support & CS,Online,12,2324.56,0.2486,20960.53,15605.16
O-04473,2025-12-17,C-0527,US,US West,Hardware,Partner,17,530.93,0.3500,5866.78,5881.49
O-04474,2025-12-17,C-0150,US,US Central,Hardware,Partner,1,4169.58,0.3373,2763.19,2744.98
O-04475,2025-12-17,C-0629,US,US East,Support & CS,Online,10,396.52,0.2311,3048.83,2191.10
O-04476,2025-12-17,C-0637,APAC,Greater China,Software,Partner,13,397.86,0.3381,3423.24,1599.78
O-04477,2025-12-17,C-0603,EU,UK & Ireland,Software,Direct,42,277.62,0.3500,7579.03,3563.28
O-04478,2025-12-17,C-0643,EU,DACH,Hardware,Partner,6,1845.86,0.3500,7198.85,7309.44
O-04479,2025-12-17,C-0212,APAC,ANZ,Hardware,Partner,5,2684.15,0.3396,8862.68,8656.30
O-04480,2025-12-17,C-0152,EU,DACH,Services,Direct,28,194.86,0.3500,3546.45,3483.76
O-04481,2025-12-17,C-0621,APAC,ANZ,Hardware,Online,8,835.46,0.2665,4902.43,4431.52
O-04482,2025-12-17,C-0184,US,US West,Software,Direct,102,213.51,0.3500,14155.71,6244.44
O-04483,2025-12-17,C-0752,EU,Benelux & Nordics,Software,Direct,26,489.65,0.3500,8275.09,3992.30
O-04484,2025-12-17,C-0643,EU,DACH,Hardware,Partner,11,3358.66,0.3500,24014.42,24392.39
O-04485,2025-12-17,C-0245,US,US East,Hardware,Online,7,1866.42,0.2738,9487.40,8438.64
O-04486,2025-12-17,C-0216,APAC,Japan,Hardware,Partner,13,3806.41,0.3500,32164.16,31887.96
O-04487,2025-12-17,C-0195,APAC,Southeast Asia,Hardware,Direct,17,3736.79,0.3500,41291.53,42976.00
O-04488,2025-12-17,C-0124,US,US East,Software,Online,84,877.25,0.2430,55780.45,21311.64
O-04489,2025-12-17,C-0366,US,US West,Support & CS,Partner,10,543.21,0.3500,3530.87,2935.40
O-04490,2025-12-17,C-0141,EU,Benelux & Nordics,Services,Direct,8,515.38,0.3500,2679.98,2633.60
O-04491,2025-12-17,C-0127,EU,UK & Ireland,Services,Partner,41,280.98,0.3428,7571.63,7350.48
O-04492,2025-12-17,C-0162,US,US West,Hardware,Partner,3,2495.88,0.3500,4866.97,4819.02
O-04493,2025-12-17,C-0061,US,US Central,Hardware,Direct,18,695.79,0.3500,8140.74,8266.14
O-04494,2025-12-17,C-0465,EU,DACH,Software,Direct,117,621.54,0.3500,47268.12,21747.96
O-04495,2025-12-17,C-0385,US,US West,Software,Partner,27,128.32,0.3493,2254.55,1020.87
O-04496,2025-12-18,C-0384,US,US West,Hardware,Partner,3,428.97,0.3404,848.83,831.03
O-04497,2025-12-18,C-0550,APAC,ANZ,Hardware,Partner,17,1336.70,0.3500,14770.54,15275.86
O-04498,2025-12-18,C-0107,US,US Central,Support & CS,Direct,6,2262.65,0.3500,8824.34,7240.08
O-04499,2025-12-18,C-0467,US,US Central,Support & CS,Direct,6,1549.40,0.3500,6042.66,5091.30
O-04500,2025-12-18,C-0108,APAC,Greater China,Hardware,Partner,18,1293.03,0.3500,15128.45,15599.34
O-04501,2025-12-18,C-0403,EU,DACH,Software,Partner,22,534.63,0.3500,7645.21,3653.54
O-04502,2025-12-18,C-0443,US,US West,Services,Partner,19,572.38,0.3320,7264.75,6681.73
O-04503,2025-12-18,C-0732,APAC,Japan,Software,Direct,80,815.14,0.3500,42387.28,20232.80
O-04504,2025-12-18,C-0690,US,US Central,Software,Direct,11,152.94,0.3500,1093.52,503.80
O-04505,2025-12-18,C-0559,EU,DACH,Services,Partner,15,621.91,0.3500,6063.62,5849.55
O-04506,2025-12-18,C-0078,EU,UK & Ireland,Hardware,Direct,12,1912.57,0.3500,14918.05,15807.24
O-04507,2025-12-18,C-0605,EU,Benelux & Nordics,Software,Online,38,74.43,0.2680,2070.48,878.56
O-04508,2025-12-18,C-0250,EU,Benelux & Nordics,Support & CS,Partner,1,2284.16,0.3431,1500.57,1276.83
O-04509,2025-12-18,C-0750,US,US Central,Support & CS,Partner,4,2031.21,0.3378,5380.46,4378.76
O-04510,2025-12-18,C-0273,EU,DACH,Support & CS,Partner,1,1264.66,0.3303,846.91,710.96
O-04511,2025-12-18,C-0032,EU,Southern Europe,Services,Partner,24,589.05,0.3316,9449.05,8690.88
O-04512,2025-12-18,C-0353,APAC,Japan,Support & CS,Partner,1,1483.04,0.3500,963.98,837.18
O-04513,2025-12-18,C-0656,APAC,Greater China,Services,Direct,42,215.93,0.3500,5894.89,5772.90
O-04514,2025-12-18,C-0566,US,US West,Support & CS,Partner,5,1507.29,0.3500,4898.69,4039.05
O-04515,2025-12-18,C-0146,US,US West,Services,Partner,14,247.95,0.3341,2311.66,2098.18
O-04516,2025-12-18,C-0789,APAC,Greater China,Hardware,Direct,12,3831.11,0.3500,29882.66,31264.80
O-04517,2025-12-18,C-0275,EU,UK & Ireland,Services,Partner,17,478.06,0.3414,5352.50,4985.59
O-04518,2025-12-19,C-0137,EU,DACH,Hardware,Online,11,449.95,0.2641,3642.47,3351.59
O-04519,2025-12-19,C-0355,APAC,Southeast Asia,Hardware,Partner,15,3633.83,0.3315,36437.95,35371.50
O-04520,2025-12-19,C-0538,APAC,Greater China,Hardware,Direct,3,4038.36,0.3500,7874.80,8274.30
O-04521,2025-12-19,C-0458,EU,Benelux & Nordics,Support & CS,Direct,6,616.38,0.3500,2403.88,2055.90
O-04522,2025-12-19,C-0443,US,US West,Hardware,Online,17,1023.57,0.2755,12606.52,11209.63
O-04523,2025-12-19,C-0142,US,US East,Hardware,Partner,10,895.29,0.3500,5819.39,5949.80
O-04524,2025-12-19,C-0191,US,US East,Support & CS,Direct,8,1942.51,0.3500,10101.05,8633.92
O-04525,2025-12-19,C-0025,APAC,Japan,Hardware,Partner,15,4066.45,0.3496,39673.76,39721.95
O-04526,2025-12-19,C-0455,US,US West,Hardware,Direct,17,3983.34,0.3500,44015.91,43754.94
O-04527,2025-12-19,C-0393,EU,Southern Europe,Software,Online,65,253.47,0.2483,12384.57,4930.90
O-04528,2025-12-19,C-0599,EU,UK & Ireland,Services,Online,10,573.64,0.2438,4337.85,3518.20
O-04529,2025-12-19,C-0426,EU,Southern Europe,Services,Direct,13,543.15,0.3500,4589.62,4543.76
O-04530,2025-12-19,C-0721,APAC,Southeast Asia,Software,Partner,54,499.62,0.3500,17536.66,8095.14
O-04531,2025-12-19,C-0746,US,US West,Software,Partner,47,263.77,0.3339,8258.26,3626.52
O-04532,2025-12-19,C-0363,EU,DACH,Hardware,Partner,10,3581.35,0.3500,23278.78,23470.90
O-04533,2025-12-19,C-0138,EU,DACH,Hardware,Direct,13,563.74,0.3500,4763.60,4768.40
O-04534,2025-12-19,C-0341,EU,UK & Ireland,Hardware,Partner,10,1137.62,0.3433,7471.18,7417.80
O-04535,2025-12-19,C-0009,US,US West,Hardware,Partner,10,1656.55,0.3500,10767.58,10448.30
O-04536,2025-12-19,C-0532,EU,DACH,Services,Direct,29,411.43,0.3500,7755.46,7635.41
O-04537,2025-12-19,C-0510,US,US Central,Hardware,Partner,10,3482.53,0.3500,22636.45,22214.70
O-04538,2025-12-20,C-0507,EU,DACH,Hardware,Direct,12,3312.09,0.3500,25834.30,26716.32
O-04539,2025-12-20,C-0179,EU,DACH,Support & CS,Partner,6,1025.22,0.3500,3998.36,3484.02
O-04540,2025-12-20,C-0072,APAC,ANZ,Support & CS,Partner,1,556.64,0.3500,361.82,308.55
O-04541,2025-12-20,C-0780,EU,DACH,Hardware,Partner,3,1021.81,0.3376,2030.63,2072.73
O-04542,2025-12-20,C-0622,US,US East,Services,Partner,37,488.08,0.3500,11738.32,11011.20
O-04543,2025-12-20,C-0606,US,US West,Software,Direct,88,411.20,0.3500,23520.64,10493.12
O-04544,2025-12-20,C-0690,US,US Central,Support & CS,Partner,7,1728.77,0.3500,7865.90,6550.81
O-04545,2025-12-20,C-0245,US,US East,Support & CS,Partner,3,350.96,0.3500,684.37,587.46
O-04546,2025-12-20,C-0743,US,US Central,Support & CS,Online,5,2105.94,0.2516,7880.46,5584.10
O-04547,2025-12-20,C-0555,APAC,Southeast Asia,Hardware,Direct,6,632.11,0.3500,2465.23,2493.00
O-04548,2025-12-20,C-0135,APAC,Southeast Asia,Software,Online,56,631.99,0.2586,26240.71,10512.32
O-04549,2025-12-20,C-0337,US,US East,Services,Partner,44,609.35,0.3500,17427.41,15923.60
O-04550,2025-12-20,C-0781,APAC,Greater China,Support & CS,Partner,9,2351.20,0.3500,13754.52,11656.17
O-04551,2025-12-20,C-0035,APAC,Greater China,Support & CS,Direct,10,1625.25,0.3500,10564.12,9041.80
O-04552,2025-12-20,C-0705,APAC,Southeast Asia,Support & CS,Partner,7,2165.67,0.3448,9932.48,8425.34
O-04553,2025-12-20,C-0612,EU,UK & Ireland,Hardware,Partner,7,2703.20,0.3500,12299.56,12548.20
O-04554,2025-12-20,C-0265,US,US Central,Support & CS,Direct,9,1947.69,0.3500,11393.99,9461.16
O-04555,2025-12-20,C-0667,US,US West,Software,Partner,75,309.54,0.3430,15251.94,6841.50
O-04556,2025-12-20,C-0729,US,US East,Software,Online,71,106.87,0.2675,5558.37,2213.78
O-04557,2025-12-20,C-0754,EU,DACH,Support & CS,Direct,5,684.17,0.3500,2223.55,1909.30
O-04558,2025-12-20,C-0767,US,US East,Software,Direct,18,560.90,0.3500,6562.53,3071.70
O-04559,2025-12-20,C-0521,EU,DACH,Hardware,Direct,4,3613.05,0.3500,9393.93,9778.32
O-04560,2025-12-21,C-0616,US,US Central,Hardware,Partner,15,3265.81,0.3500,31841.65,32434.80
O-04561,2025-12-21,C-0174,APAC,Southeast Asia,Hardware,Partner,1,1155.53,0.3500,751.09,773.35
O-04562,2025-12-21,C-0002,APAC,Japan,Services,Partner,28,365.70,0.3331,6829.09,6529.32
O-04563,2025-12-21,C-0324,US,US Central,Software,Online,35,473.60,0.2498,12435.73,4879.35
O-04564,2025-12-21,C-0035,APAC,Greater China,Hardware,Partner,15,2483.31,0.3500,24212.27,24908.70
O-04565,2025-12-21,C-0046,APAC,Japan,Hardware,Direct,13,1195.30,0.3500,10100.28,10209.29
O-04566,2025-12-21,C-0252,EU,Southern Europe,Support & CS,Partner,1,1614.83,0.3500,1049.64,902.70
O-04567,2025-12-21,C-0578,APAC,ANZ,Services,Partner,16,635.41,0.3344,6767.32,6437.76
O-04568,2025-12-21,C-0691,US,US East,Support & CS,Direct,11,556.60,0.3500,3979.69,3391.96
O-04569,2025-12-21,C-0673,US,US West,Hardware,Online,12,4081.59,0.2675,35879.38,31984.80
O-04570,2025-12-21,C-0485,EU,UK & Ireland,Services,Direct,41,478.90,0.3500,12762.68,12197.50
O-04571,2025-12-21,C-0127,EU,UK & Ireland,Services,Direct,31,285.09,0.3500,5744.56,5520.79
O-04572,2025-12-21,C-0361,US,US East,Support & CS,Direct,8,1728.15,0.3500,8986.38,7531.12
O-04573,2025-12-21,C-0427,EU,DACH,Hardware,Partner,12,3537.93,0.3500,27595.85,28157.52
O-04574,2025-12-21,C-0499,US,US West,Support & CS,Online,3,552.43,0.2430,1254.50,893.52
O-04575,2025-12-21,C-0451,EU,UK & Ireland,Services,Partner,3,216.98,0.3396,429.90,402.15
O-04576,2025-12-21,C-0245,US,US East,Services,Partner,31,635.51,0.3323,13153.37,11925.08
O-04577,2025-12-21,C-0510,US,US Central,Hardware,Direct,2,3611.64,0.3500,4695.13,4803.62
O-04578,2025-12-21,C-0368,EU,DACH,Software,Direct,43,94.63,0.3500,2644.91,1252.59
O-04579,2025-12-21,C-0248,US,US Central,Support & CS,Partner,1,491.09,0.3500,319.21,271.69
O-04580,2025-12-21,C-0606,US,US West,Services,Partner,18,565.99,0.3500,6622.08,6309.54
O-04581,2025-12-21,C-0115,US,US East,Software,Partner,30,66.58,0.3378,1322.71,601.80
O-04582,2025-12-21,C-0054,EU,UK & Ireland,Services,Partner,6,442.61,0.3500,1726.18,1675.44
O-04583,2025-12-21,C-0193,US,US West,Hardware,Direct,5,1995.54,0.3500,6485.51,6293.20
O-04584,2025-12-21,C-0639,EU,UK & Ireland,Support & CS,Partner,12,1085.79,0.3351,8662.76,7386.84
O-04585,2025-12-21,C-0115,US,US East,Hardware,Direct,1,3848.76,0.3500,2501.69,2573.88
O-04586,2025-12-21,C-0022,APAC,Southeast Asia,Services,Direct,30,438.60,0.3500,8552.70,8187.00
O-04587,2025-12-21,C-0553,US,US Central,Services,Partner,19,270.28,0.3500,3337.96,3085.60
O-04588,2025-12-21,C-0575,US,US West,Software,Partner,82,371.24,0.3500,19787.09,8777.28
O-04589,2025-12-21,C-0626,EU,DACH,Software,Direct,59,208.95,0.3500,8013.23,3698.12
O-04590,2025-12-22,C-0324,US,US Central,Software,Partner,91,639.83,0.3390,38486.66,17254.51
O-04591,2025-12-22,C-0288,EU,DACH,Software,Online,89,680.60,0.2636,44605.72,18558.28
O-04592,2025-12-22,C-0630,US,US Central,Software,Direct,78,253.99,0.3500,12877.29,5885.88
O-04593,2025-12-22,C-0256,US,US Central,Hardware,Partner,15,2789.81,0.3500,27200.65,26440.95
O-04594,2025-12-22,C-0270,APAC,Japan,Services,Online,12,437.03,0.2668,3845.37,3345.72
O-04595,2025-12-22,C-0030,US,US Central,Software,Partner,12,450.30,0.3386,3573.70,1554.12
O-04596,2025-12-22,C-0360,EU,DACH,Software,Partner,48,665.50,0.3366,21191.41,9467.52
O-04597,2025-12-22,C-0797,US,US Central,Software,Partner,114,374.44,0.3436,28017.88,12452.22
O-04598,2025-12-22,C-0215,APAC,Japan,Hardware,Partner,4,2278.86,0.3500,5925.04,5945.56
O-04599,2025-12-22,C-0471,US,US East,Services,Direct,27,560.94,0.3500,9844.50,9000.18
O-04600,2025-12-22,C-0664,APAC,Japan,Services,Direct,30,374.41,0.3500,7301.00,6897.30
O-04601,2025-12-22,C-0440,EU,UK & Ireland,Software,Partner,23,439.35,0.3500,6568.28,3140.19
O-04602,2025-12-22,C-0320,US,US East,Software,Partner,102,724.45,0.3420,48621.35,21796.38
O-04603,2025-12-22,C-0237,US,US Central,Support & CS,Direct,12,2049.77,0.3500,15988.21,13436.76
O-04604,2025-12-22,C-0062,EU,UK & Ireland,Services,Partner,18,583.20,0.3500,6823.44,6780.42
O-04605,2025-12-22,C-0166,EU,UK & Ireland,Software,Direct,19,890.63,0.3500,10999.28,5091.05
O-04606,2025-12-22,C-0724,EU,DACH,Software,Direct,116,628.03,0.3500,47353.46,22144.40
O-04607,2025-12-22,C-0704,US,US West,Software,Direct,35,400.35,0.3500,9107.96,4202.10
O-04608,2025-12-22,C-0592,EU,UK & Ireland,Hardware,Partner,17,860.53,0.3500,9508.86,9931.57
O-04609,2025-12-22,C-0416,EU,Benelux & Nordics,Software,Partner,56,370.53,0.3500,13487.29,6310.64
O-04610,2025-12-22,C-0405,EU,DACH,Software,Online,101,226.05,0.2309,17559.49,7001.32
O-04611,2025-12-22,C-0724,EU,DACH,Software,Partner,9,138.77,0.3500,811.80,386.46
O-04612,2025-12-22,C-0215,APAC,Japan,Software,Direct,111,742.93,0.3500,53602.40,24829.59
O-04613,2025-12-22,C-0382,EU,DACH,Support & CS,Direct,12,950.25,0.3500,7411.95,6374.64
O-04614,2025-12-22,C-0220,EU,UK & Ireland,Hardware,Direct,17,2850.42,0.3500,31497.14,32762.91
O-04615,2025-12-22,C-0339,EU,DACH,Software,Partner,47,367.43,0.3479,11261.50,5176.58
O-04616,2025-12-22,C-0158,US,US West,Services,Direct,40,290.79,0.3500,7560.54,6996.00
O-04617,2025-12-22,C-0766,EU,DACH,Support & CS,Online,11,594.14,0.2455,4930.92,3699.96
O-04618,2025-12-22,C-0336,EU,Benelux & Nordics,Hardware,Direct,14,419.47,0.3500,3817.18,3865.68
O-04619,2025-12-22,C-0773,US,US East,Support & CS,Direct,10,772.64,0.3500,5022.16,4293.10
O-04620,2025-12-22,C-0452,APAC,Southeast Asia,Hardware,Partner,6,4145.51,0.3500,16167.49,16521.90
O-04621,2025-12-22,C-0695,EU,Benelux & Nordics,Services,Partner,37,414.60,0.3500,9971.13,9467.19
O-04622,2025-12-22,C-0139,EU,UK & Ireland,Hardware,Direct,9,2592.32,0.3500,15165.07,15497.28
O-04623,2025-12-23,C-0538,APAC,Greater China,Software,Direct,55,209.89,0.3500,7503.57,3406.15
O-04624,2025-12-23,C-0207,APAC,Japan,Software,Online,89,522.59,0.2622,34314.77,13637.47
O-04625,2025-12-23,C-0065,EU,DACH,Hardware,Direct,2,3408.40,0.3500,4430.92,4632.52
O-04626,2025-12-23,C-0605,EU,Benelux & Nordics,Software,Partner,52,600.96,0.3407,20603.83,9310.60
O-04627,2025-12-23,C-0103,US,US East,Support & CS,Partner,4,1627.01,0.3500,4230.23,3596.48
O-04628,2025-12-23,C-0324,US,US Central,Hardware,Direct,17,2419.63,0.3500,26736.91,26471.55
O-04629,2025-12-23,C-0219,EU,Benelux & Nordics,Software,Partner,33,820.15,0.3500,17592.22,8059.26
O-04630,2025-12-23,C-0289,US,US West,Services,Partner,16,643.35,0.3500,6690.84,6329.28
O-04631,2025-12-23,C-0639,EU,UK & Ireland,Software,Direct,57,79.77,0.3500,2955.48,1389.66
O-04632,2025-12-23,C-0364,EU,DACH,Services,Direct,36,122.82,0.3500,2873.99,2792.88
O-04633,2025-12-23,C-0347,US,US East,Services,Partner,16,439.21,0.3358,4667.23,4265.44
O-04634,2025-12-23,C-0165,EU,Benelux & Nordics,Software,Online,56,829.42,0.2800,33443.95,14353.92
O-04635,2025-12-23,C-0191,US,US East,Support & CS,Direct,11,1857.21,0.3500,13279.05,10867.23
O-04636,2025-12-23,C-0690,US,US Central,Services,Partner,4,648.30,0.3448,1699.09,1630.48
O-04637,2025-12-23,C-0677,US,US East,Software,Partner,46,230.18,0.3358,7032.34,3203.90
O-04638,2025-12-23,C-0048,EU,Southern Europe,Hardware,Partner,11,4176.78,0.3500,29863.98,31223.50
O-04639,2025-12-23,C-0763,APAC,ANZ,Hardware,Online,11,4107.92,0.2695,33007.01,30429.52
O-04640,2025-12-23,C-0370,EU,UK & Ireland,Services,Direct,35,121.65,0.3500,2767.54,2643.90
O-04641,2025-12-23,C-0283,APAC,Southeast Asia,Support & CS,Online,7,1202.28,0.2413,6385.51,4756.64
O-04642,2025-12-23,C-0521,EU,DACH,Software,Partner,118,669.36,0.3429,51903.03,24095.60
O-04643,2025-12-23,C-0032,EU,Southern Europe,Services,Online,29,519.45,0.2471,11342.12,9433.99
O-04644,2025-12-23,C-0538,APAC,Greater China,Software,Partner,21,337.35,0.3500,4604.83,2187.78
O-04645,2025-12-23,C-0550,APAC,ANZ,Hardware,Partner,10,3978.41,0.3352,26446.91,26767.00
O-04646,2025-12-23,C-0174,APAC,Southeast Asia,Software,Online,54,484.15,0.2350,20000.97,7759.80
O-04647,2025-12-23,C-0703,EU,DACH,Hardware,Partner,9,2728.91,0.3500,15964.12,16818.48
O-04648,2025-12-23,C-0547,EU,UK & Ireland,Support & CS,Partner,6,1583.11,0.3500,6174.13,5328.24
O-04649,2025-12-23,C-0562,US,US Central,Software,Partner,35,805.35,0.3500,18321.71,8419.25
O-04650,2025-12-23,C-0789,APAC,Greater China,Hardware,Direct,15,1160.02,0.3500,11310.19,11495.70
O-04651,2025-12-24,C-0691,US,US East,Software,Partner,39,616.90,0.3500,15638.41,7050.03
O-04652,2025-12-24,C-0708,EU,DACH,Hardware,Direct,11,3630.23,0.3500,25956.14,26487.01
O-04653,2025-12-24,C-0017,US,US Central,Services,Online,37,536.24,0.2761,14362.67,11865.16
O-04654,2025-12-24,C-0028,APAC,Greater China,Hardware,Direct,1,550.70,0.3500,357.96,358.97
O-04655,2025-12-24,C-0077,EU,UK & Ireland,Support & CS,Partner,12,690.89,0.3372,5495.00,4695.00
O-04656,2025-12-24,C-0242,APAC,Japan,Support & CS,Partner,9,1307.82,0.3500,7650.75,6558.57
O-04657,2025-12-24,C-0427,EU,DACH,Hardware,Direct,18,2422.28,0.3500,28340.68,29551.14
O-04658,2025-12-24,C-0690,US,US Central,Hardware,Direct,4,3613.93,0.3500,9396.22,9484.96
O-04659,2025-12-24,C-0471,US,US East,Software,Direct,7,143.55,0.3500,653.15,301.07
O-04660,2025-12-24,C-0602,US,US East,Services,Direct,11,333.94,0.3500,2387.67,2292.84
O-04661,2025-12-24,C-0017,US,US Central,Software,Partner,104,185.34,0.3500,12528.98,5791.76
O-04662,2025-12-24,C-0713,US,US Central,Software,Partner,80,479.89,0.3500,24954.28,11082.40
O-04663,2025-12-24,C-0248,US,US Central,Software,Partner,120,648.56,0.3500,50587.68,22428.00
O-04664,2025-12-24,C-0733,EU,UK & Ireland,Services,Partner,28,346.90,0.3500,6313.58,5966.80
O-04665,2025-12-24,C-0604,EU,Southern Europe,Services,Direct,36,580.13,0.3500,13575.04,12902.76
O-04666,2025-12-24,C-0699,US,US Central,Hardware,Online,13,2458.11,0.2374,24370.39,20916.48
O-04667,2025-12-24,C-0579,APAC,ANZ,Support & CS,Online,11,1686.84,0.2417,14071.20,9998.01
O-04668,2025-12-24,C-0787,US,US West,Services,Partner,34,535.15,0.3428,11957.89,11019.74
O-04669,2025-12-24,C-0489,APAC,Greater China,Software,Online,19,118.49,0.2506,1687.15,686.66
O-04670,2025-12-24,C-0190,EU,Benelux & Nordics,Software,Partner,39,382.32,0.3500,9691.81,4454.58
O-04671,2025-12-24,C-0132,US,US West,Hardware,Partner,15,3137.49,0.3356,31266.50,29691.45
O-04672,2025-12-24,C-0741,APAC,Greater China,Support & CS,Direct,12,675.49,0.3500,5268.82,4597.08
O-04673,2025-12-24,C-0765,US,US East,Support & CS,Partner,1,1452.13,0.3500,943.88,810.11
O-04674,2025-12-24,C-0377,EU,DACH,Hardware,Partner,16,2025.68,0.3500,21067.07,21642.40
O-04675,2025-12-24,C-0028,APAC,Greater China,Hardware,Partner,11,1707.13,0.3379,12433.25,12413.50
O-04676,2025-12-24,C-0763,APAC,ANZ,Software,Direct,43,351.12,0.3500,9813.80,4567.46
O-04677,2025-12-24,C-0194,US,US West,Services,Online,25,299.31,0.2477,5628.90,4637.75
O-04678,2025-12-25,C-0060,EU,DACH,Software,Direct,71,151.83,0.3500,7006.95,3356.88
O-04679,2025-12-25,C-0711,US,US Central,Hardware,Online,10,1892.37,0.2616,13973.00,12641.00
O-04680,2025-12-25,C-0723,EU,UK & Ireland,Services,Partner,45,187.25,0.3372,5585.30,5229.90
O-04681,2025-12-25,C-0765,US,US East,Software,Online,103,483.54,0.2513,37289.47,14623.94
O-04682,2025-12-25,C-0295,US,US East,Hardware,Direct,10,3118.70,0.3500,20271.55,20646.40
O-04683,2025-12-25,C-0320,US,US East,Software,Online,27,889.15,0.2713,17493.25,7039.44
O-04684,2025-12-25,C-0692,US,US East,Hardware,Partner,10,3340.10,0.3352,22205.60,22058.40
O-04685,2025-12-25,C-0273,EU,DACH,Hardware,Direct,14,1645.55,0.3500,14974.51,15070.30
O-04686,2025-12-25,C-0292,APAC,Japan,Hardware,Partner,8,2601.42,0.3500,13527.38,13685.76
O-04687,2025-12-25,C-0466,US,US East,Support & CS,Direct,8,640.68,0.3500,3331.54,2719.76
O-04688,2025-12-25,C-0756,US,US West,Services,Direct,15,427.89,0.3500,4171.93,3845.70
O-04689,2025-12-25,C-0408,US,US East,Software,Online,94,138.37,0.2352,9947.36,3949.88
O-04690,2025-12-25,C-0023,US,US East,Software,Direct,14,248.22,0.3500,2258.80,1034.74
O-04691,2025-12-25,C-0260,APAC,ANZ,Software,Partner,32,114.12,0.3448,2392.58,1106.24
O-04692,2025-12-25,C-0666,US,US East,Hardware,Partner,15,3702.13,0.3460,36317.34,36294.30
O-04693,2025-12-25,C-0096,US,US East,Software,Direct,86,203.28,0.3500,11363.35,5081.74
O-04694,2025-12-25,C-0187,EU,Benelux & Nordics,Software,Online,116,159.68,0.2369,14134.44,5477.52
O-04695,2025-12-25,C-0212,APAC,ANZ,Hardware,Partner,13,3780.08,0.3388,32493.98,32605.69
O-04696,2025-12-25,C-0209,EU,UK & Ireland,Support & CS,Online,10,1677.10,0.2767,12130.27,9499.40
O-04697,2025-12-25,C-0395,US,US West,Software,Partner,100,66.69,0.3500,4334.85,2026.00
O-04698,2025-12-25,C-0110,EU,DACH,Hardware,Partner,2,853.46,0.3500,1109.50,1161.44
O-04699,2025-12-26,C-0704,US,US West,Software,Direct,68,159.55,0.3500,7052.11,3146.36
O-04700,2025-12-26,C-0113,US,US East,Support & CS,Partner,8,1842.38,0.3479,9611.04,8222.16
O-04701,2025-12-26,C-0468,EU,Southern Europe,Support & CS,Partner,1,1619.03,0.3500,1052.37,905.14
O-04702,2025-12-26,C-0595,EU,Benelux & Nordics,Hardware,Partner,2,2788.17,0.3500,3624.62,3649.42
O-04703,2025-12-26,C-0074,US,US West,Services,Online,9,278.60,0.2570,1862.94,1544.04
O-04704,2025-12-26,C-0250,EU,Benelux & Nordics,Software,Partner,28,708.18,0.3500,12888.88,6138.16
O-04705,2025-12-26,C-0518,APAC,Southeast Asia,Hardware,Online,18,3076.06,0.2721,40302.84,36942.66
O-04706,2025-12-26,C-0043,EU,Southern Europe,Services,Direct,28,429.65,0.3500,7819.63,7462.00
O-04707,2025-12-26,C-0666,US,US East,Hardware,Partner,17,3230.63,0.3500,35698.46,36346.00
O-04708,2025-12-26,C-0055,EU,UK & Ireland,Software,Direct,22,353.57,0.3500,5056.05,2346.74
O-04709,2025-12-26,C-0609,EU,DACH,Services,Online,8,385.04,0.2405,2339.56,1975.52
O-04710,2025-12-26,C-0370,EU,UK & Ireland,Services,Partner,43,276.41,0.3438,7799.23,7426.96
O-04711,2025-12-26,C-0752,EU,Benelux & Nordics,Hardware,Partner,2,1835.17,0.3304,2457.48,2396.44
O-04712,2025-12-26,C-0517,EU,UK & Ireland,Hardware,Direct,3,1581.10,0.3500,3083.14,3222.54
O-04713,2025-12-26,C-0386,US,US East,Software,Partner,19,324.85,0.3315,4126.03,1770.42
O-04714,2025-12-26,C-0144,EU,Benelux & Nordics,Software,Partner,32,883.71,0.3496,18393.76,8648.00
O-04715,2025-12-26,C-0388,US,US East,Services,Partner,35,575.64,0.3500,13095.81,12486.60
O-04716,2025-12-26,C-0352,US,US West,Hardware,Partner,8,1256.56,0.3500,6534.11,6393.28
O-04717,2025-12-26,C-0012,US,US East,Software,Partner,96,266.24,0.3500,16613.38,7439.04
O-04718,2025-12-26,C-0749,EU,DACH,Services,Partner,31,607.75,0.3361,12508.88,12132.78
O-04719,2025-12-26,C-0225,US,US East,Hardware,Partner,16,639.66,0.3500,6652.46,6846.40
O-04720,2025-12-26,C-0364,EU,DACH,Software,Direct,24,294.91,0.3500,4600.60,2151.60
O-04721,2025-12-26,C-0123,APAC,Japan,Services,Partner,45,637.24,0.3500,18639.27,18271.35
O-04722,2025-12-27,C-0706,APAC,Japan,Hardware,Online,16,1515.78,0.2707,17688.39,16199.36
O-04723,2025-12-27,C-0089,US,US West,Services,Online,22,286.85,0.2791,4549.40,3776.30
O-04724,2025-12-27,C-0226,EU,UK & Ireland,Hardware,Direct,15,1728.63,0.3500,16854.14,16884.90
O-04725,2025-12-27,C-0026,EU,Southern Europe,Software,Partner,73,612.15,0.3500,29046.52,13965.63
O-04726,2025-12-27,C-0500,US,US West,Support & CS,Online,9,340.25,0.2352,2342.04,1609.65
O-04727,2025-12-27,C-0764,APAC,Greater China,Software,Online,100,238.80,0.2776,17249.97,7315.00
O-04728,2025-12-27,C-0101,EU,UK & Ireland,Services,Partner,30,573.18,0.3500,11177.01,10811.10
O-04729,2025-12-27,C-0143,US,US Central,Software,Direct,7,411.42,0.3500,1871.96,843.36
O-04730,2025-12-27,C-0664,APAC,Japan,Support & CS,Online,2,467.71,0.2445,706.70,513.74
O-04731,2025-12-27,C-0249,EU,DACH,Services,Direct,23,256.09,0.3500,3828.55,3599.27
O-04732,2025-12-27,C-0662,EU,DACH,Software,Partner,73,104.89,0.3500,4977.03,2294.39
O-04733,2025-12-27,C-0326,EU,Benelux & Nordics,Software,Direct,65,781.09,0.3500,33001.05,15363.40
O-04734,2025-12-27,C-0641,APAC,Greater China,Support & CS,Direct,8,2070.63,0.3500,10767.28,9382.32
O-04735,2025-12-27,C-0550,APAC,ANZ,Software,Online,43,432.99,0.2450,14056.48,5601.61
O-04736,2025-12-27,C-0553,US,US Central,Software,Online,36,219.09,0.2586,5847.85,2312.28
O-04737,2025-12-27,C-0599,EU,UK & Ireland,Software,Partner,67,105.22,0.3450,4617.44,2201.62
O-04738,2025-12-27,C-0690,US,US Central,Hardware,Partner,14,3757.33,0.3500,34191.70,33890.50
O-04739,2025-12-27,C-0684,US,US East,Hardware,Partner,3,1450.78,0.3439,2855.51,2790.36
O-04740,2025-12-27,C-0181,US,US East,Support & CS,Partner,1,1128.80,0.3500,733.72,599.85
O-04741,2025-12-27,C-0662,EU,DACH,Hardware,Partner,16,4068.99,0.3500,42317.50,44906.72
O-04742,2025-12-27,C-0017,US,US Central,Hardware,Direct,18,2342.61,0.3500,27408.54,26647.02
O-04743,2025-12-27,C-0395,US,US West,Services,Partner,22,172.90,0.3408,2507.28,2325.40
O-04744,2025-12-27,C-0437,US,US West,Services,Partner,21,646.58,0.3500,8825.82,8100.33
O-04745,2025-12-27,C-0405,EU,DACH,Support & CS,Online,12,737.36,0.2725,6436.82,4893.48
O-04746,2025-12-28,C-0690,US,US Central,Services,Direct,41,543.06,0.3500,14472.55,13310.65
O-04747,2025-12-28,C-0192,APAC,Japan,Hardware,Partner,6,488.07,0.3430,1923.94,1966.44
O-04748,2025-12-28,C-0510,US,US Central,Hardware,Partner,8,438.65,0.3500,2280.98,2291.28
O-04749,2025-12-28,C-0683,US,US East,Hardware,Online,8,4159.71,0.2405,25274.44,21135.60
O-04750,2025-12-28,C-0458,EU,Benelux & Nordics,Support & CS,Direct,6,2392.34,0.3500,9330.13,8110.38
O-04751,2025-12-28,C-0115,US,US East,Hardware,Partner,1,3951.82,0.3500,2568.68,2569.40
O-04752,2025-12-28,C-0229,US,US West,Software,Direct,119,524.55,0.3500,40573.94,18611.60
O-04753,2025-12-28,C-0709,EU,Southern Europe,Software,Online,10,499.15,0.2308,3839.70,1544.80
O-04754,2025-12-28,C-0292,APAC,Japan,Services,Partner,16,540.44,0.3500,5620.58,5547.68
O-04755,2025-12-28,C-0452,APAC,Southeast Asia,Services,Partner,13,263.18,0.3396,2259.57,2171.00
O-04756,2025-12-28,C-0687,APAC,ANZ,Services,Partner,22,321.46,0.3305,4734.73,4529.36
O-04757,2025-12-28,C-0457,US,US West,Services,Partner,38,471.00,0.3442,11737.00,11095.24
O-04758,2025-12-28,C-0278,EU,Southern Europe,Hardware,Partner,8,3074.32,0.3500,15986.46,16410.08
O-04759,2025-12-28,C-0378,EU,Benelux & Nordics,Hardware,Online,9,1177.12,0.2507,7938.02,6979.50
O-04760,2025-12-28,C-0467,US,US Central,Hardware,Partner,14,1931.41,0.3500,17575.83,17247.58
O-04761,2025-12-28,C-0072,APAC,ANZ,Hardware,Partner,17,1738.04,0.3471,19291.43,19337.50
O-04762,2025-12-28,C-0784,US,US Central,Software,Online,83,244.98,0.2405,15443.99,6053.19
O-04763,2025-12-28,C-0784,US,US Central,Hardware,Partner,15,3024.93,0.3482,29576.48,30145.35
O-04764,2025-12-28,C-0344,EU,UK & Ireland,Services,Direct,42,328.68,0.3500,8972.96,8636.88
O-04765,2025-12-28,C-0102,US,US East,Software,Direct,17,640.47,0.3500,7077.19,3310.07
O-04766,2025-12-28,C-0708,EU,DACH,Services,Online,40,638.09,0.2618,18842.22,16492.80
O-04767,2025-12-28,C-0387,US,US Central,Software,Partner,104,251.74,0.3500,17017.62,7857.20
O-04768,2025-12-28,C-0519,US,US East,Software,Direct,44,658.21,0.3500,18824.81,8590.56
O-04769,2025-12-28,C-0788,EU,UK & Ireland,Hardware,Online,6,2728.72,0.2695,11960.40,11025.54
O-04770,2025-12-28,C-0695,EU,Benelux & Nordics,Support & CS,Online,4,1897.21,0.2361,5796.93,4182.36
O-04771,2025-12-28,C-0555,APAC,Southeast Asia,Support & CS,Partner,6,1746.90,0.3500,6812.91,5788.26
O-04772,2025-12-29,C-0004,EU,Southern Europe,Support & CS,Partner,3,1670.89,0.3500,3258.24,2763.33
O-04773,2025-12-29,C-0438,APAC,Southeast Asia,Support & CS,Direct,4,1248.06,0.3500,3244.96,2711.12
O-04774,2025-12-29,C-0744,US,US East,Services,Partner,20,417.35,0.3362,5540.83,5115.60
O-04775,2025-12-29,C-0601,EU,Southern Europe,Hardware,Partner,8,480.87,0.3420,2531.14,2575.28
O-04776,2025-12-29,C-0749,EU,DACH,Hardware,Partner,3,2347.77,0.3500,4578.15,4778.82
O-04777,2025-12-29,C-0194,US,US West,Software,Partner,100,134.99,0.3500,8774.35,3960.00
O-04778,2025-12-29,C-0369,EU,Southern Europe,Software,Online,42,168.96,0.2499,5323.01,2181.06
O-04779,2025-12-29,C-0284,EU,Southern Europe,Hardware,Partner,9,1444.12,0.3500,8448.10,8668.17
O-04780,2025-12-29,C-0236,US,US East,Hardware,Direct,9,3134.98,0.3500,18339.63,18323.28
O-04781,2025-12-29,C-0050,EU,Southern Europe,Services,Partner,15,589.36,0.3389,5844.32,5474.85
O-04782,2025-12-29,C-0255,EU,UK & Ireland,Software,Partner,49,600.84,0.3500,19136.75,8965.53
O-04783,2025-12-29,C-0706,APAC,Japan,Services,Online,9,613.65,0.2601,4086.11,3513.87
O-04784,2025-12-29,C-0619,APAC,Southeast Asia,Services,Partner,34,592.67,0.3305,13490.27,12318.54
O-04785,2025-12-29,C-0795,EU,DACH,Hardware,Partner,7,3706.59,0.3500,16864.98,17529.47
O-04786,2025-12-29,C-0423,US,US East,Software,Online,69,477.67,0.2723,23985.24,9936.69
O-04787,2025-12-29,C-0564,EU,DACH,Hardware,Partner,3,1998.26,0.3500,3896.61,3912.78
O-04788,2025-12-29,C-0195,APAC,Southeast Asia,Services,Online,40,435.35,0.2537,12996.31,11067.60
O-04789,2025-12-29,C-0191,US,US East,Hardware,Partner,1,611.23,0.3415,402.48,402.74
O-04790,2025-12-29,C-0259,EU,Southern Europe,Software,Partner,119,275.62,0.3451,21479.04,9728.25
O-04791,2025-12-29,C-0374,APAC,ANZ,Support & CS,Partner,4,894.77,0.3500,2326.40,2019.48
O-04792,2025-12-29,C-0283,APAC,Southeast Asia,Hardware,Partner,3,3846.17,0.3500,7500.03,7595.73
O-04793,2025-12-29,C-0794,APAC,ANZ,Hardware,Partner,10,3832.38,0.3500,24910.47,24667.40
O-04794,2025-12-29,C-0580,EU,Benelux & Nordics,Hardware,Direct,4,3892.33,0.3500,10120.06,10495.16
O-04795,2025-12-29,C-0715,EU,UK & Ireland,Software,Partner,106,798.85,0.3340,56393.06,25675.32
O-04796,2025-12-29,C-0471,US,US East,Hardware,Online,1,1157.05,0.2364,883.50,730.56
O-04797,2025-12-29,C-0014,US,US West,Support & CS,Partner,6,2083.44,0.3500,8125.42,6775.44
O-04798,2025-12-29,C-0196,APAC,Japan,Support & CS,Online,4,419.93,0.2722,1222.55,942.12
O-04799,2025-12-29,C-0059,EU,UK & Ireland,Software,Online,77,821.94,0.2342,48468.31,18747.96
O-04800,2025-12-29,C-0059,EU,UK & Ireland,Software,Partner,68,228.06,0.3500,10080.25,4633.52
O-04801,2025-12-29,C-0328,US,US Central,Hardware,Direct,9,2561.12,0.3500,14982.55,15199.83
O-04802,2025-12-29,C-0099,US,US East,Support & CS,Partner,4,710.28,0.3482,1851.78,1575.24
O-04803,2025-12-29,C-0279,US,US East,Software,Direct,30,625.59,0.3500,12199.01,5421.00
O-04804,2025-12-29,C-0628,APAC,ANZ,Software,Online,108,261.98,0.2610,20908.98,8763.12
O-04805,2025-12-29,C-0288,EU,DACH,Hardware,Partner,10,817.71,0.3500,5315.12,5321.20
O-04806,2025-12-29,C-0664,APAC,Japan,Support & CS,Partner,6,754.93,0.3491,2948.37,2472.72
O-04807,2025-12-30,C-0289,US,US West,Hardware,Partner,13,3447.72,0.3500,29133.23,29938.35
O-04808,2025-12-30,C-0597,APAC,ANZ,Hardware,Partner,6,2863.27,0.3488,11187.91,11526.36
O-04809,2025-12-30,C-0371,EU,Benelux & Nordics,Software,Direct,27,130.60,0.3500,2292.03,1088.37
O-04810,2025-12-30,C-0341,EU,UK & Ireland,Hardware,Partner,11,2399.60,0.3500,17157.14,17364.49
O-04811,2025-12-30,C-0405,EU,DACH,Services,Online,45,569.44,0.2425,19411.57,15751.80
O-04812,2025-12-30,C-0394,EU,DACH,Support & CS,Partner,8,517.81,0.3423,2724.47,2299.52
O-04813,2025-12-30,C-0376,EU,DACH,Hardware,Partner,18,3223.71,0.3500,37717.41,38268.54
O-04814,2025-12-30,C-0799,APAC,Japan,Software,Direct,67,633.02,0.3500,27568.02,13029.49
O-04815,2025-12-30,C-0080,EU,Benelux & Nordics,Services,Partner,5,409.77,0.3500,1331.75,1287.60
O-04816,2025-12-30,C-0369,EU,Southern Europe,Hardware,Direct,8,3560.07,0.3500,18512.36,18802.64
O-04817,2025-12-30,C-0151,EU,DACH,Hardware,Partner,16,742.79,0.3388,7858.42,8155.20
O-04818,2025-12-30,C-0719,APAC,Southeast Asia,Services,Partner,15,644.33,0.3442,6338.43,6129.30
O-04819,2025-12-30,C-0123,APAC,Japan,Hardware,Direct,5,3852.03,0.3500,12519.10,13137.20
O-04820,2025-12-30,C-0100,EU,DACH,Services,Partner,42,562.09,0.3443,15478.82,15300.60
O-04821,2025-12-30,C-0675,APAC,Japan,Software,Partner,97,120.57,0.3500,7601.94,3458.05
O-04822,2025-12-30,C-0467,US,US Central,Hardware,Partner,12,3380.27,0.3500,26366.11,26672.28
O-04823,2025-12-30,C-0343,US,US West,Support & CS,Partner,6,1807.97,0.3335,7229.96,5749.32
O-04824,2025-12-30,C-0491,US,US East,Hardware,Direct,7,1876.06,0.3500,8536.07,8606.50
O-04825,2025-12-30,C-0546,EU,Southern Europe,Hardware,Direct,3,2701.92,0.3500,5268.74,5447.13
O-04826,2025-12-30,C-0250,EU,Benelux & Nordics,Hardware,Direct,16,4049.63,0.3500,42116.15,42807.84
O-04827,2025-12-30,C-0388,US,US East,Support & CS,Partner,9,2318.14,0.3500,13561.12,11040.12
O-04828,2025-12-30,C-0594,EU,Benelux & Nordics,Hardware,Partner,16,2000.15,0.3410,21089.84,21006.08
O-04829,2025-12-30,C-0408,US,US East,Support & CS,Partner,1,2386.55,0.3494,1552.78,1266.95
O-04830,2025-12-30,C-0076,APAC,Southeast Asia,Software,Partner,57,893.16,0.3487,33158.99,15602.04
O-04831,2025-12-30,C-0755,EU,Benelux & Nordics,Support & CS,Partner,6,2178.00,0.3500,8494.20,7346.10
O-04832,2025-12-30,C-0673,US,US West,Hardware,Partner,12,3688.90,0.3480,28860.28,29151.84
O-04833,2025-12-30,C-0738,EU,DACH,Hardware,Direct,9,2720.70,0.3500,15916.09,15998.31
O-04834,2025-12-30,C-0255,EU,UK & Ireland,Services,Direct,35,469.43,0.3500,10679.53,10440.15
O-04835,2025-12-30,C-0622,US,US East,Software,Partner,49,640.74,0.3359,20850.90,9151.73
O-04836,2025-12-30,C-0264,APAC,Greater China,Hardware,Partner,1,2954.88,0.3431,1941.19,2000.03
O-04837,2025-12-30,C-0029,US,US West,Support & CS,Partner,6,1577.78,0.3500,6153.34,5237.04
O-04838,2025-12-30,C-0271,EU,DACH,Software,Partner,28,380.21,0.3500,6919.82,3243.80
O-04839,2025-12-30,C-0290,EU,Southern Europe,Software,Direct,20,240.99,0.3500,3132.87,1451.20
O-04840,2025-12-31,C-0388,US,US East,Software,Partner,24,302.32,0.3500,4716.19,2095.92
O-04841,2025-12-31,C-0594,EU,Benelux & Nordics,Support & CS,Partner,5,1506.25,0.3500,4895.31,4329.55
O-04842,2025-12-31,C-0320,US,US East,Software,Partner,77,798.56,0.3500,39967.93,18252.85
O-04843,2025-12-31,C-0238,EU,DACH,Services,Partner,2,410.41,0.3469,536.10,522.06
O-04844,2025-12-31,C-0692,US,US East,Hardware,Partner,2,600.08,0.3500,780.10,780.30
O-04845,2025-12-31,C-0284,EU,Southern Europe,Services,Online,11,595.44,0.2712,4773.46,4119.39
O-04846,2025-12-31,C-0032,EU,Southern Europe,Services,Partner,3,620.24,0.3500,1209.47,1139.70
O-04847,2025-12-31,C-0527,US,US West,Support & CS,Partner,8,949.54,0.3500,4937.61,4173.68
O-04848,2025-12-31,C-0543,APAC,Japan,Services,Partner,12,536.74,0.3500,4186.57,3976.20
O-04849,2025-12-31,C-0326,EU,Benelux & Nordics,Software,Direct,43,831.95,0.3500,23253.00,10642.50
O-04850,2025-12-31,C-0359,EU,DACH,Hardware,Partner,9,373.20,0.3500,2183.22,2275.38
O-04851,2025-12-31,C-0603,EU,UK & Ireland,Hardware,Partner,6,3264.19,0.3500,12730.34,13078.56
O-04852,2025-12-31,C-0383,EU,DACH,Hardware,Direct,15,745.12,0.3500,7264.92,7635.30
O-04853,2025-12-31,C-0366,US,US West,Support & CS,Partner,1,959.41,0.3500,623.62,512.07
O-04854,2025-12-31,C-0475,APAC,Japan,Hardware,Online,18,1644.88,0.2566,22010.90,19968.66
O-04855,2025-12-31,C-0325,US,US East,Software,Partner,73,870.32,0.3500,41296.68,18629.60
O-04856,2025-12-31,C-0462,EU,Benelux & Nordics,Software,Partner,111,523.39,0.3500,37762.59,18069.69
O-04857,2025-12-31,C-0761,US,US West,Hardware,Online,9,4024.94,0.2777,26165.44,23504.22
O-04858,2025-12-31,C-0403,EU,DACH,Hardware,Partner,17,2934.13,0.3500,32422.14,33908.20
O-04859,2025-12-31,C-0601,EU,Southern Europe,Hardware,Partner,17,2160.93,0.3500,23878.28,24565.68
O-04860,2025-12-31,C-0766,EU,DACH,Hardware,Online,9,4000.44,0.2797,25933.93,24681.60
O-04861,2025-12-31,C-0268,EU,UK & Ireland,Support & CS,Online,2,2352.21,0.2455,3549.65,2573.28
O-04862,2025-12-31,C-0656,APAC,Greater China,Software,Direct,118,620.69,0.3500,47606.92,21526.74
O-04863,2025-12-31,C-0110,EU,DACH,Hardware,Partner,14,1694.21,0.3500,15417.31,16281.30
O-04864,2025-12-31,C-0042,APAC,ANZ,Support & CS,Partner,12,1178.71,0.3500,9193.94,7774.32
O-04865,2025-12-31,C-0468,EU,Southern Europe,Hardware,Partner,6,1907.42,0.3416,7535.42,7729.74
O-04866,2025-12-31,C-0521,EU,DACH,Software,Partner,97,893.86,0.3500,56357.87,27016.44
O-04867,2025-12-31,C-0762,EU,Benelux & Nordics,Services,Partner,21,213.60,0.3382,2968.72,2795.31
O-04868,2025-12-31,C-0703,EU,DACH,Hardware,Direct,8,2464.09,0.3500,12813.27,13500.96
O-04869,2025-12-31,C-0093,US,US West,Hardware,Partner,1,1824.34,0.3500,1185.82,1166.54
O-04870,2025-12-31,C-0103,US,US East,Software,Partner,110,171.48,0.3305,12628.78,5688.10
O-04871,2025-12-31,C-0251,APAC,Japan,Hardware,Direct,15,3997.99,0.3500,38980.40,40901.85
O-04872,2026-01-01,C-0028,APAC,Greater China,Software,Partner,31,545.01,0.3466,11039.63,5221.02
O-04873,2026-01-01,C-0588,EU,DACH,Hardware,Partner,5,2162.53,0.3440,7093.56,7096.20
O-04874,2026-01-01,C-0608,APAC,Greater China,Software,Partner,12,532.30,0.3462,4176.47,1946.04
O-04875,2026-01-01,C-0771,EU,UK & Ireland,Software,Direct,60,896.35,0.3500,34957.65,16743.00
O-04876,2026-01-01,C-0713,US,US Central,Services,Partner,5,445.34,0.3500,1447.36,1378.65
O-04877,2026-01-01,C-0664,APAC,Japan,Services,Partner,20,483.58,0.3500,6286.54,6047.80
O-04878,2026-01-01,C-0725,EU,Southern Europe,Support & CS,Partner,7,798.89,0.3500,3634.95,3176.39
O-04879,2026-01-01,C-0277,EU,UK & Ireland,Hardware,Partner,1,2325.73,0.3500,1511.72,1559.65
O-04880,2026-01-01,C-0482,APAC,Greater China,Support & CS,Partner,9,951.44,0.3500,5565.92,4778.73
O-04881,2026-01-01,C-0496,EU,Benelux & Nordics,Software,Partner,58,407.64,0.3500,15368.03,6983.78
O-04882,2026-01-01,C-0549,EU,UK & Ireland,Services,Online,11,221.85,0.2660,1791.20,1500.84
O-04883,2026-01-01,C-0396,EU,DACH,Hardware,Partner,17,1650.74,0.3500,18240.68,19002.43
O-04884,2026-01-01,C-0040,EU,Southern Europe,Services,Online,31,243.20,0.2470,5676.87,4781.13
O-04885,2026-01-01,C-0141,EU,Benelux & Nordics,Hardware,Partner,3,4189.68,0.3300,8420.90,8455.35
O-04886,2026-01-01,C-0529,EU,DACH,Services,Partner,2,616.44,0.3500,801.37,764.18
O-04887,2026-01-01,C-0426,EU,Southern Europe,Hardware,Partner,13,2114.78,0.3365,18242.00,18589.35
O-04888,2026-01-01,C-0042,APAC,ANZ,Support & CS,Direct,8,2255.47,0.3500,11728.44,10231.20
O-04889,2026-01-01,C-0180,EU,UK & Ireland,Support & CS,Partner,9,1014.46,0.3500,5934.59,5069.34
O-04890,2026-01-01,C-0021,EU,DACH,Support & CS,Online,1,680.88,0.2428,515.56,377.69
O-04891,2026-01-01,C-0647,APAC,Southeast Asia,Services,Online,8,439.09,0.2591,2602.56,2164.64
O-04892,2026-01-01,C-0655,EU,DACH,Hardware,Online,11,3633.02,0.2740,29013.68,27154.82
O-04893,2026-01-01,C-0499,US,US West,Services,Partner,29,154.35,0.3462,2926.41,2731.51
O-04894,2026-01-01,C-0431,EU,DACH,Software,Partner,62,637.86,0.3482,25777.40,11822.16
O-04895,2026-01-01,C-0256,US,US Central,Services,Online,18,302.10,0.2375,4146.17,3332.88
O-04896,2026-01-01,C-0500,US,US West,Software,Direct,18,788.62,0.3500,9226.85,4283.46
O-04897,2026-01-01,C-0050,EU,Southern Europe,Hardware,Partner,13,906.51,0.3500,7660.01,8023.08
O-04898,2026-01-01,C-0739,US,US Central,Services,Partner,21,619.52,0.3500,8456.45,7825.23
O-04899,2026-01-01,C-0351,EU,UK & Ireland,Software,Partner,67,870.24,0.3307,39023.46,18051.81
O-04900,2026-01-01,C-0536,APAC,Greater China,Services,Direct,24,290.66,0.3500,4534.30,4347.60
O-04901,2026-01-01,C-0664,APAC,Japan,Hardware,Direct,12,1722.05,0.3500,13431.99,14029.68
O-04902,2026-01-02,C-0733,EU,UK & Ireland,Hardware,Partner,7,3670.96,0.3454,16819.79,17426.08
O-04903,2026-01-02,C-0162,US,US West,Support & CS,Direct,2,630.72,0.3500,819.94,680.90
O-04904,2026-01-02,C-0721,APAC,Southeast Asia,Hardware,Partner,10,2525.03,0.3500,16412.70,16804.00
O-04905,2026-01-02,C-0353,APAC,Japan,Hardware,Partner,12,2089.84,0.3500,16300.75,16350.96
O-04906,2026-01-02,C-0625,EU,DACH,Software,Partner,19,475.62,0.3500,5873.91,2726.31
O-04907,2026-01-02,C-0703,EU,DACH,Software,Partner,29,690.47,0.3500,13015.36,5921.22
O-04908,2026-01-02,C-0295,US,US East,Software,Online,101,388.74,0.2336,30091.31,11760.44
O-04909,2026-01-02,C-0541,APAC,ANZ,Services,Partner,1,173.71,0.3500,112.91,105.54
O-04910,2026-01-02,C-0416,EU,Benelux & Nordics,Software,Partner,52,130.13,0.3500,4398.39,2054.52
O-04911,2026-01-02,C-0328,US,US Central,Software,Partner,17,472.47,0.3311,5372.62,2312.68
O-04912,2026-01-02,C-0772,EU,DACH,Hardware,Partner,12,3658.53,0.3500,28536.53,28860.48
O-04913,2026-01-02,C-0694,EU,UK & Ireland,Software,Online,12,667.13,0.2657,5878.62,2437.20
O-04914,2026-01-02,C-0628,APAC,ANZ,Hardware,Direct,4,2994.21,0.3500,7784.95,7742.52
O-04915,2026-01-02,C-0365,APAC,ANZ,Software,Partner,55,466.85,0.3435,16855.84,7773.15
O-04916,2026-01-02,C-0316,US,US East,Services,Partner,41,520.99,0.3500,13884.38,13306.96
O-04917,2026-01-02,C-0784,US,US Central,Hardware,Direct,6,2457.79,0.3500,9585.38,9805.68
O-04918,2026-01-02,C-0360,EU,DACH,Software,Partner,54,857.64,0.3500,30103.16,13692.24
O-04919,2026-01-02,C-0490,US,US West,Hardware,Partner,7,3745.75,0.3500,17043.16,17447.71
O-04920,2026-01-02,C-0212,APAC,ANZ,Software,Partner,86,874.72,0.3500,48896.85,22579.30
O-04921,2026-01-02,C-0384,US,US West,Software,Partner,93,608.35,0.3328,37747.62,17150.13
O-04922,2026-01-02,C-0201,APAC,Greater China,Software,Partner,65,403.54,0.3500,17049.57,7957.30
O-04923,2026-01-02,C-0625,EU,DACH,Hardware,Partner,12,1297.12,0.3500,10117.54,10395.12
O-04924,2026-01-02,C-0750,US,US Central,Services,Direct,19,571.45,0.3500,7057.41,6768.56
O-04925,2026-01-02,C-0282,APAC,Southeast Asia,Software,Partner,62,596.05,0.3343,24600.23,10912.00
O-04926,2026-01-02,C-0591,EU,DACH,Hardware,Partner,5,984.22,0.3500,3198.72,3314.85
O-04927,2026-01-02,C-0192,APAC,Japan,Support & CS,Partner,2,2139.46,0.3500,2781.30,2314.12
O-04928,2026-01-02,C-0022,APAC,Southeast Asia,Hardware,Partner,8,1498.72,0.3468,7831.54,8030.08
O-04929,2026-01-02,C-0136,EU,UK & Ireland,Hardware,Partner,4,698.54,0.3500,1816.20,1917.96
O-04930,2026-01-02,C-0437,US,US West,Hardware,Partner,16,2586.12,0.3500,26895.65,26188.96
O-04931,2026-01-02,C-0724,EU,DACH,Hardware,Partner,17,1900.59,0.3500,21001.52,21065.04
O-04932,2026-01-02,C-0689,APAC,Japan,Services,Partner,30,318.07,0.3500,6202.37,5870.40
O-04933,2026-01-02,C-0500,US,US West,Hardware,Online,2,3072.71,0.2708,4481.13,3962.84
O-04934,2026-01-02,C-0611,APAC,Japan,Software,Online,24,885.35,0.2503,15930.06,6523.68
O-04935,2026-01-02,C-0180,EU,UK & Ireland,Software,Online,110,628.21,0.2509,51764.91,21365.30
O-04936,2026-01-02,C-0390,EU,Benelux & Nordics,Software,Partner,62,752.18,0.3500,30312.85,14258.76
O-04937,2026-01-03,C-0559,EU,DACH,Hardware,Direct,8,461.51,0.3500,2399.85,2431.04
O-04938,2026-01-03,C-0263,EU,Southern Europe,Hardware,Partner,1,412.45,0.3448,270.24,271.44
O-04939,2026-01-03,C-0739,US,US Central,Hardware,Direct,7,2246.71,0.3500,10222.53,10181.01
O-04940,2026-01-03,C-0455,US,US West,Software,Partner,37,639.52,0.3436,15532.12,7058.49
O-04941,2026-01-03,C-0370,EU,UK & Ireland,Services,Partner,38,137.96,0.3500,3407.61,3238.74
O-04942,2026-01-03,C-0561,US,US West,Hardware,Partner,6,1281.17,0.3491,5003.39,4961.82
O-04943,2026-01-03,C-0562,US,US Central,Software,Partner,60,543.41,0.3464,21310.91,9856.20
O-04944,2026-01-03,C-0500,US,US West,Hardware,Partner,3,3221.16,0.3306,6469.16,6308.13
O-04945,2026-01-03,C-0724,EU,DACH,Software,Online,95,601.18,0.2513,42759.13,17699.45
O-04946,2026-01-03,C-0118,APAC,Japan,Support & CS,Partner,12,600.52,0.3500,4684.06,3942.72
O-04947,2026-01-03,C-0077,EU,UK & Ireland,Support & CS,Direct,6,1906.67,0.3500,7436.01,6363.18
O-04948,2026-01-03,C-0797,US,US Central,Support & CS,Direct,11,617.86,0.3500,4417.70,3704.03
O-04949,2026-01-03,C-0616,US,US Central,Hardware,Partner,11,2870.23,0.3453,20669.12,20570.88
O-04950,2026-01-03,C-0292,APAC,Japan,Services,Partner,37,176.20,0.3500,4237.61,4095.90
O-04951,2026-01-03,C-0470,EU,UK & Ireland,Hardware,Partner,7,627.06,0.3477,2863.30,2989.00
O-04952,2026-01-03,C-0141,EU,Benelux & Nordics,Software,Partner,114,411.20,0.3500,30469.92,13947.90
O-04953,2026-01-03,C-0117,APAC,Southeast Asia,Services,Partner,28,432.91,0.3411,7986.33,7484.12
O-04954,2026-01-03,C-0218,EU,DACH,Services,Partner,37,204.66,0.3441,4967.00,4876.97
O-04955,2026-01-04,C-0703,EU,DACH,Software,Direct,67,784.25,0.3500,34154.09,15974.14
O-04956,2026-01-04,C-0738,EU,DACH,Services,Partner,17,124.52,0.3450,1386.59,1357.96
O-04957,2026-01-04,C-0205,US,US East,Services,Direct,45,555.25,0.3500,16241.06,15582.15
O-04958,2026-01-04,C-0155,US,US East,Support & CS,Partner,7,1939.49,0.3500,8824.68,7403.62
O-04959,2026-01-04,C-0226,EU,UK & Ireland,Software,Partner,86,137.51,0.3500,7686.81,3670.48
O-04960,2026-01-04,C-0024,EU,UK & Ireland,Services,Partner,43,288.76,0.3363,8240.62,7764.51
O-04961,2026-01-04,C-0079,EU,DACH,Hardware,Partner,8,2698.67,0.3500,14033.08,14418.32
O-04962,2026-01-04,C-0492,APAC,ANZ,Hardware,Direct,2,1704.93,0.3500,2216.41,2297.60
O-04963,2026-01-04,C-0305,EU,UK & Ireland,Services,Direct,1,643.02,0.3500,417.96,408.25
O-04964,2026-01-04,C-0245,US,US East,Hardware,Partner,11,4025.06,0.3430,29090.12,29226.78
O-04965,2026-01-04,C-0328,US,US Central,Services,Direct,25,213.23,0.3500,3464.99,3300.00
O-04966,2026-01-04,C-0105,APAC,Greater China,Services,Partner,33,601.93,0.3390,13130.81,12644.61
O-04967,2026-01-04,C-0155,US,US East,Hardware,Direct,14,1180.18,0.3500,10739.64,10600.38
O-04968,2026-01-04,C-0452,APAC,Southeast Asia,Software,Partner,8,282.72,0.3375,1498.38,700.64
O-04969,2026-01-04,C-0034,US,US East,Software,Partner,97,149.76,0.3500,9442.37,4320.38
O-04970,2026-01-04,C-0482,APAC,Greater China,Software,Direct,105,292.42,0.3500,19957.67,9479.40
O-04971,2026-01-04,C-0709,EU,Southern Europe,Hardware,Partner,10,1026.07,0.3500,6669.45,6731.90
O-04972,2026-01-04,C-0243,EU,DACH,Support & CS,Partner,1,1032.24,0.3500,670.96,578.59
O-04973,2026-01-04,C-0604,EU,Southern Europe,Hardware,Direct,13,2292.59,0.3500,19372.39,19863.22
O-04974,2026-01-04,C-0622,US,US East,Hardware,Direct,11,3727.70,0.3500,26653.06,26049.43
O-04975,2026-01-04,C-0604,EU,Southern Europe,Hardware,Online,8,1430.11,0.2569,8501.40,7847.68
O-04976,2026-01-04,C-0605,EU,Benelux & Nordics,Services,Direct,36,468.07,0.3500,10952.84,10722.96
O-04977,2026-01-04,C-0407,EU,UK & Ireland,Services,Online,19,224.40,0.2580,3163.63,2615.92
O-04978,2026-01-04,C-0345,EU,UK & Ireland,Hardware,Partner,13,1459.85,0.3500,12335.73,13002.08
O-04979,2026-01-04,C-0564,EU,DACH,Services,Partner,6,575.59,0.3500,2244.80,2236.68
O-04980,2026-01-04,C-0039,US,US West,Services,Partner,44,137.31,0.3464,3948.88,3590.40
O-04981,2026-01-04,C-0732,APAC,Japan,Software,Direct,78,847.85,0.3500,42986.00,20342.40
O-04982,2026-01-04,C-0165,EU,Benelux & Nordics,Software,Partner,76,332.00,0.3500,16400.80,7453.32
O-04983,2026-01-04,C-0589,EU,DACH,Hardware,Direct,17,1405.83,0.3500,15534.42,15772.77
O-04984,2026-01-04,C-0489,APAC,Greater China,Support & CS,Partner,3,1545.82,0.3401,3060.48,2546.58
O-04985,2026-01-04,C-0533,APAC,Japan,Services,Partner,25,501.96,0.3500,8156.85,7676.25
O-04986,2026-01-04,C-0733,EU,UK & Ireland,Hardware,Partner,11,454.18,0.3366,3314.19,3359.51
O-04987,2026-01-04,C-0355,APAC,Southeast Asia,Hardware,Online,12,3164.04,0.2302,29229.99,24853.92
O-04988,2026-01-05,C-0384,US,US West,Support & CS,Direct,10,1014.59,0.3500,6594.84,5397.00
O-04989,2026-01-05,C-0288,EU,DACH,Software,Direct,101,532.42,0.3500,34953.37,16374.12
O-04990,2026-01-05,C-0280,US,US East,Hardware,Direct,15,2923.17,0.3500,28500.91,28637.25
O-04991,2026-01-05,C-0325,US,US East,Services,Online,29,620.33,0.2634,13250.48,10699.84
O-04992,2026-01-05,C-0257,US,US East,Software,Partner,117,741.63,0.3460,56750.09,25246.26
O-04993,2026-01-05,C-0701,EU,Southern Europe,Support & CS,Direct,3,1593.41,0.3500,3107.15,2703.93
O-04994,2026-01-05,C-0070,US,US West,Services,Partner,13,617.61,0.3500,5218.80,4760.34
O-04995,2026-01-05,C-0437,US,US West,Services,Partner,28,263.32,0.3500,4792.42,4378.08
O-04996,2026-01-05,C-0775,US,US East,Support & CS,Partner,7,1762.72,0.3494,8028.13,6624.94
O-04997,2026-01-05,C-0385,US,US West,Services,Direct,2,646.76,0.3500,840.79,769.26
O-04998,2026-01-05,C-0256,US,US Central,Software,Partner,82,97.78,0.3408,5285.31,2420.64
O-04999,2026-01-05,C-0592,EU,UK & Ireland,Software,Partner,6,717.19,0.3359,2857.66,1294.26
O-05000,2026-01-05,C-0721,APAC,Southeast Asia,Software,Online,30,617.76,0.2380,14122.15,5442.00
O-05001,2026-01-05,C-0139,EU,UK & Ireland,Support & CS,Partner,9,917.58,0.3374,5471.53,4499.10
O-05002,2026-01-05,C-0224,US,US West,Software,Partner,114,808.94,0.3500,59942.45,26465.10
O-05003,2026-01-05,C-0185,APAC,ANZ,Hardware,Partner,17,1278.30,0.3500,14125.22,14377.41
O-05004,2026-01-05,C-0690,US,US Central,Software,Partner,88,739.07,0.3500,42274.80,19342.40
O-05005,2026-01-05,C-0674,EU,DACH,Services,Online,1,379.32,0.2333,290.82,232.19
O-05006,2026-01-05,C-0353,APAC,Japan,Support & CS,Partner,2,2014.33,0.3500,2618.63,2251.12
O-05007,2026-01-05,C-0342,APAC,Japan,Services,Partner,2,300.21,0.3500,390.27,375.80
O-05008,2026-01-05,C-0248,US,US Central,Support & CS,Partner,2,682.10,0.3350,907.22,747.12
O-05009,2026-01-05,C-0757,EU,Southern Europe,Support & CS,Direct,11,1893.26,0.3500,13536.81,11784.63
O-05010,2026-01-05,C-0618,EU,DACH,Hardware,Direct,2,3770.48,0.3500,4901.62,5047.56
O-05011,2026-01-05,C-0120,EU,Benelux & Nordics,Hardware,Partner,9,3561.97,0.3500,20837.52,21408.21
O-05012,2026-01-05,C-0755,EU,Benelux & Nordics,Hardware,Direct,5,906.74,0.3500,2946.91,3007.40
O-05013,2026-01-05,C-0501,US,US West,Hardware,Direct,1,1640.86,0.3500,1066.56,1059.34
O-05014,2026-01-05,C-0550,APAC,ANZ,Software,Partner,14,563.23,0.3319,5268.16,2307.48
O-05015,2026-01-05,C-0436,APAC,ANZ,Software,Partner,53,848.22,0.3500,29221.18,13176.33
O-05016,2026-01-05,C-0295,US,US East,Services,Online,11,513.87,0.2349,4324.79,3461.92
O-05017,2026-01-06,C-0350,EU,Benelux & Nordics,Hardware,Partner,1,3204.50,0.3500,2082.93,2199.52
O-05018,2026-01-06,C-0070,US,US West,Services,Online,9,534.67,0.2449,3633.51,2871.36
O-05019,2026-01-06,C-0769,US,US West,Services,Partner,38,395.63,0.3439,9863.04,9232.86
O-05020,2026-01-06,C-0316,US,US East,Hardware,Direct,13,2801.59,0.3500,23673.44,23175.49
O-05021,2026-01-06,C-0325,US,US East,Hardware,Direct,15,3371.91,0.3500,32876.12,32959.95
O-05022,2026-01-06,C-0227,US,US East,Hardware,Partner,9,698.29,0.3500,4085.00,3977.19
O-05023,2026-01-06,C-0157,US,US West,Services,Partner,6,355.21,0.3332,1421.17,1293.00
O-05024,2026-01-06,C-0436,APAC,ANZ,Support & CS,Partner,11,1945.21,0.3473,13966.71,11918.83
O-05025,2026-01-06,C-0212,APAC,ANZ,Services,Partner,5,572.55,0.3500,1860.79,1780.60
O-05026,2026-01-06,C-0428,US,US East,Support & CS,Partner,4,346.21,0.3500,900.15,728.00
O-05027,2026-01-06,C-0130,EU,Southern Europe,Services,Online,28,547.72,0.2420,11625.16,9855.72
O-05028,2026-01-06,C-0619,APAC,Southeast Asia,Software,Partner,62,843.76,0.3355,34761.08,15436.76
O-05029,2026-01-06,C-0030,US,US Central,Support & CS,Direct,8,1044.62,0.3500,5432.02,4456.32
O-05030,2026-01-06,C-0422,EU,DACH,Software,Direct,70,319.54,0.3500,14539.07,6968.50
O-05031,2026-01-06,C-0433,US,US Central,Support & CS,Partner,12,313.54,0.3500,2445.61,2068.56
O-05032,2026-01-06,C-0350,EU,Benelux & Nordics,Software,Direct,51,166.51,0.3500,5519.81,2633.13
O-05033,2026-01-06,C-0617,APAC,ANZ,Software,Online,36,284.31,0.2530,7645.56,3109.68
O-05034,2026-01-06,C-0421,EU,Southern Europe,Hardware,Partner,2,1840.09,0.3308,2462.88,2455.10
O-05035,2026-01-06,C-0444,EU,DACH,Software,Partner,52,585.54,0.3495,19806.18,9251.84
O-05036,2026-01-06,C-0746,US,US West,Software,Partner,60,371.57,0.3406,14700.59,6642.00
O-05037,2026-01-06,C-0108,APAC,Greater China,Support & CS,Partner,4,2168.30,0.3315,5798.00,4658.32
O-05038,2026-01-06,C-0649,EU,DACH,Hardware,Partner,15,1335.30,0.3500,13019.18,13042.20
O-05039,2026-01-06,C-0408,US,US East,Hardware,Partner,11,4140.57,0.3500,29605.08,29592.42
O-05040,2026-01-06,C-0491,US,US East,Services,Partner,31,351.63,0.3500,7085.34,6709.02
O-05041,2026-01-07,C-0611,APAC,Japan,Software,Partner,74,544.14,0.3317,26911.09,11803.74
O-05042,2026-01-07,C-0331,EU,Benelux & Nordics,Services,Direct,31,601.36,0.3500,12117.40,12040.71
O-05043,2026-01-07,C-0371,EU,Benelux & Nordics,Software,Partner,93,686.10,0.3500,41474.75,19057.56
O-05044,2026-01-07,C-0466,US,US East,Support & CS,Partner,8,484.61,0.3390,2562.56,2050.96
O-05045,2026-01-07,C-0243,EU,DACH,Hardware,Direct,6,3954.72,0.3500,15423.41,16126.38
O-05046,2026-01-07,C-0566,US,US West,Hardware,Direct,4,2566.16,0.3500,6672.02,6778.76
O-05047,2026-01-07,C-0158,US,US West,Software,Partner,100,186.51,0.3407,12297.53,5624.00
O-05048,2026-01-07,C-0131,EU,DACH,Support & CS,Direct,10,362.12,0.3500,2353.78,2056.00
O-05049,2026-01-07,C-0718,APAC,Southeast Asia,Hardware,Partner,4,2261.20,0.3412,5958.81,5921.56
O-05050,2026-01-07,C-0342,APAC,Japan,Hardware,Direct,17,2685.91,0.3500,29679.31,30581.98
O-05051,2026-01-07,C-0187,EU,Benelux & Nordics,Hardware,Partner,1,3747.59,0.3321,2502.85,2555.94
O-05052,2026-01-07,C-0703,EU,DACH,Hardware,Online,6,355.48,0.2482,1603.54,1426.56
O-05053,2026-01-07,C-0789,APAC,Greater China,Software,Online,65,186.86,0.2495,9115.63,3608.15
O-05054,2026-01-07,C-0234,APAC,Japan,Hardware,Direct,3,770.25,0.3500,1501.99,1521.75
O-05055,2026-01-07,C-0171,EU,Southern Europe,Services,Direct,21,568.91,0.3500,7765.62,7589.40
O-05056,2026-01-07,C-0053,APAC,Japan,Services,Direct,25,463.52,0.3500,7532.20,7153.75
O-05057,2026-01-07,C-0032,EU,Southern Europe,Support & CS,Online,5,2037.90,0.2468,7674.64,5600.90
O-05058,2026-01-07,C-0372,US,US East,Software,Partner,27,435.47,0.3427,7728.54,3474.90
O-05059,2026-01-07,C-0176,APAC,Greater China,Hardware,Partner,7,1202.15,0.3363,5585.25,5612.39
O-05060,2026-01-07,C-0604,EU,Southern Europe,Hardware,Partner,12,450.97,0.3500,3517.57,3584.88
O-05061,2026-01-07,C-0339,EU,DACH,Services,Partner,17,197.17,0.3456,2193.42,2088.62
O-05062,2026-01-07,C-0312,US,US West,Hardware,Direct,5,788.92,0.3500,2563.99,2491.30
O-05063,2026-01-07,C-0054,EU,UK & Ireland,Hardware,Direct,3,2964.13,0.3500,5780.05,6050.49
O-05064,2026-01-08,C-0662,EU,DACH,Services,Direct,32,548.23,0.3500,11403.18,10863.04
O-05065,2026-01-08,C-0426,EU,Southern Europe,Services,Direct,30,378.38,0.3500,7378.41,6977.40
O-05066,2026-01-08,C-0304,APAC,Southeast Asia,Support & CS,Partner,3,836.33,0.3315,1677.37,1410.96
O-05067,2026-01-08,C-0239,EU,DACH,Software,Partner,45,632.41,0.3383,18830.04,8578.35
O-05068,2026-01-08,C-0583,EU,Benelux & Nordics,Services,Partner,27,150.03,0.3353,2692.74,2590.38
O-05069,2026-01-08,C-0245,US,US East,Software,Partner,35,231.90,0.3408,5350.34,2466.10
O-05070,2026-01-08,C-0720,US,US West,Software,Direct,89,308.99,0.3500,17875.07,8177.32
O-05071,2026-01-08,C-0482,APAC,Greater China,Software,Partner,115,200.78,0.3500,15008.31,6894.25
O-05072,2026-01-08,C-0427,EU,DACH,Hardware,Direct,14,1359.20,0.3500,12368.72,12969.60
O-05073,2026-01-08,C-0158,US,US West,Software,Online,109,89.18,0.2645,7149.75,2799.12
O-05074,2026-01-08,C-0542,US,US West,Hardware,Direct,7,1013.88,0.3500,4613.15,4486.86
O-05075,2026-01-08,C-0799,APAC,Japan,Software,Partner,110,712.50,0.3500,50943.75,24308.90
O-05076,2026-01-08,C-0561,US,US West,Support & CS,Direct,11,471.51,0.3500,3371.30,2762.21
O-05077,2026-01-08,C-0678,APAC,Greater China,Hardware,Direct,16,2139.68,0.3500,22252.67,23354.56
O-05078,2026-01-08,C-0291,EU,UK & Ireland,Software,Online,6,229.85,0.2697,1007.19,414.42
O-05079,2026-01-08,C-0366,US,US West,Hardware,Partner,9,443.59,0.3500,2595.00,2521.35
O-05080,2026-01-08,C-0472,EU,Southern Europe,Support & CS,Direct,8,771.84,0.3500,4013.57,3379.52
O-05081,2026-01-08,C-0559,EU,DACH,Software,Direct,37,428.74,0.3500,10311.20,4805.19
O-05082,2026-01-08,C-0549,EU,UK & Ireland,Software,Direct,70,523.53,0.3500,23820.62,11253.20
O-05083,2026-01-08,C-0561,US,US West,Software,Direct,45,867.87,0.3500,25385.20,11675.70
O-05084,2026-01-08,C-0028,APAC,Greater China,Services,Partner,16,493.64,0.3449,5174.20,5054.88
O-05085,2026-01-08,C-0217,EU,UK & Ireland,Services,Partner,33,527.83,0.3418,11465.12,10768.89
O-05086,2026-01-08,C-0127,EU,UK & Ireland,Hardware,Partner,6,3019.57,0.3500,11776.32,12052.50
O-05087,2026-01-08,C-0070,US,US West,Software,Partner,90,312.85,0.3322,18803.13,8306.10
O-05088,2026-01-08,C-0616,US,US Central,Hardware,Online,7,673.55,0.2453,3558.24,3109.12
O-05089,2026-01-08,C-0712,EU,Southern Europe,Hardware,Direct,5,1801.71,0.3500,5855.56,5999.95
O-05090,2026-01-08,C-0669,EU,UK & Ireland,Software,Partner,8,555.20,0.3500,2887.04,1372.88
O-05091,2026-01-08,C-0312,US,US West,Software,Partner,68,279.83,0.3455,12454.84,5773.88
O-05092,2026-01-08,C-0563,EU,UK & Ireland,Support & CS,Partner,5,2016.74,0.3500,6554.41,5752.50
O-05093,2026-01-08,C-0517,EU,UK & Ireland,Services,Direct,17,383.12,0.3500,4233.48,4135.25
O-05094,2026-01-09,C-0633,US,US Central,Software,Direct,35,467.33,0.3500,10631.76,4938.50
O-05095,2026-01-09,C-0783,US,US Central,Services,Partner,30,363.05,0.3386,7204.07,6588.90
O-05096,2026-01-09,C-0782,EU,Benelux & Nordics,Software,Partner,17,738.99,0.3350,8354.25,3865.63
O-05097,2026-01-09,C-0262,EU,DACH,Support & CS,Partner,7,606.52,0.3500,2759.67,2397.43
O-05098,2026-01-09,C-0579,APAC,ANZ,Software,Direct,21,152.18,0.3500,2077.26,935.76
O-05099,2026-01-09,C-0739,US,US Central,Hardware,Direct,1,927.68,0.3500,602.99,617.44
O-05100,2026-01-09,C-0146,US,US West,Services,Online,19,221.59,0.2733,3059.67,2606.61
O-05101,2026-01-09,C-0309,EU,UK & Ireland,Support & CS,Partner,11,1001.00,0.3500,7157.15,5994.23
O-05102,2026-01-09,C-0586,APAC,Southeast Asia,Hardware,Partner,2,1239.14,0.3500,1610.88,1635.86
O-05103,2026-01-09,C-0206,APAC,Japan,Software,Online,87,787.56,0.2475,51561.09,20339.73
O-05104,2026-01-09,C-0066,EU,DACH,Services,Partner,6,167.42,0.3438,659.16,648.78
O-05105,2026-01-09,C-0401,US,US East,Services,Partner,39,147.62,0.3500,3742.17,3556.80
O-05106,2026-01-09,C-0018,EU,DACH,Software,Direct,65,461.02,0.3500,19478.10,9240.40
O-05107,2026-01-09,C-0512,EU,Benelux & Nordics,Hardware,Online,12,3513.55,0.2582,31278.06,28099.56
O-05108,2026-01-09,C-0498,US,US East,Support & CS,Direct,2,825.15,0.3500,1072.69,888.16
O-05109,2026-01-09,C-0482,APAC,Greater China,Hardware,Online,12,509.98,0.2772,4423.66,4141.44
O-05110,2026-01-09,C-0767,US,US East,Software,Partner,91,118.26,0.3500,6995.08,3114.93
O-05111,2026-01-09,C-0685,US,US East,Support & CS,Partner,10,1908.61,0.3500,12405.97,10307.20
O-05112,2026-01-09,C-0526,US,US West,Services,Online,36,220.28,0.2659,5821.68,4718.88
O-05113,2026-01-09,C-0710,US,US East,Hardware,Partner,1,2635.54,0.3389,1742.43,1679.23
O-05114,2026-01-09,C-0591,EU,DACH,Hardware,Partner,8,3929.91,0.3369,20848.10,20666.16
O-05115,2026-01-09,C-0459,EU,UK & Ireland,Hardware,Partner,3,3290.66,0.3352,6562.85,6415.56
O-05116,2026-01-09,C-0699,US,US Central,Hardware,Direct,8,2205.05,0.3500,11466.26,11300.72
O-05117,2026-01-09,C-0611,APAC,Japan,Software,Online,82,700.87,0.2716,41860.62,17091.26
O-05118,2026-01-09,C-0216,APAC,Japan,Software,Partner,19,302.58,0.3500,3736.86,1740.97
O-05119,2026-01-09,C-0562,US,US Central,Hardware,Online,2,2315.63,0.2437,3502.65,3078.86
O-05120,2026-01-09,C-0744,US,US East,Services,Direct,6,131.39,0.3500,512.42,479.34
O-05121,2026-01-09,C-0229,US,US West,Services,Partner,3,308.38,0.3500,601.34,576.75
O-05122,2026-01-09,C-0378,EU,Benelux & Nordics,Hardware,Direct,8,3378.85,0.3500,17570.02,17625.76
O-05123,2026-01-09,C-0002,APAC,Japan,Services,Partner,41,197.82,0.3317,5420.52,4908.93
O-05124,2026-01-09,C-0489,APAC,Greater China,Services,Online,6,525.19,0.2469,2373.19,1955.58
O-05125,2026-01-09,C-0020,APAC,ANZ,Support & CS,Direct,4,649.16,0.3500,1687.82,1467.08
O-05126,2026-01-09,C-0673,US,US West,Hardware,Partner,1,3745.10,0.3476,2443.13,2456.09
O-05127,2026-01-09,C-0373,US,US West,Hardware,Partner,8,926.85,0.3458,4850.77,4796.00
O-05128,2026-01-09,C-0235,EU,Southern Europe,Hardware,Partner,12,2258.67,0.3500,17617.63,18639.00
O-05129,2026-01-09,C-0030,US,US Central,Support & CS,Direct,1,2115.51,0.3500,1375.08,1136.69
O-05130,2026-01-09,C-0697,EU,Southern Europe,Hardware,Partner,17,2941.79,0.3500,32506.78,33166.49
O-05131,2026-01-10,C-0210,EU,Southern Europe,Services,Partner,8,305.29,0.3402,1611.48,1517.04
O-05132,2026-01-10,C-0066,EU,DACH,Hardware,Partner,13,1736.41,0.3500,14672.66,14987.96
O-05133,2026-01-10,C-0537,EU,UK & Ireland,Support & CS,Online,3,2316.54,0.2320,5337.63,3856.41
O-05134,2026-01-10,C-0130,EU,Southern Europe,Services,Direct,5,612.53,0.3500,1990.72,1896.90
O-05135,2026-01-10,C-0691,US,US East,Hardware,Partner,13,2458.58,0.3500,20775.00,20342.92
O-05136,2026-01-10,C-0275,EU,UK & Ireland,Hardware,Direct,4,2639.50,0.3500,6862.70,7111.96
O-05137,2026-01-10,C-0627,US,US Central,Software,Partner,30,704.61,0.3500,13739.90,6198.00
O-05138,2026-01-10,C-0476,US,US West,Support & CS,Partner,2,473.02,0.3305,633.35,505.84
O-05139,2026-01-10,C-0189,APAC,ANZ,Services,Direct,10,553.76,0.3500,3599.44,3434.30
O-05140,2026-01-10,C-0309,EU,UK & Ireland,Software,Partner,36,358.92,0.3500,8398.73,3828.96
O-05141,2026-01-10,C-0784,US,US Central,Hardware,Partner,7,3009.51,0.3500,13693.27,13360.34
O-05142,2026-01-10,C-0657,US,US Central,Hardware,Partner,4,1523.79,0.3391,4028.52,4070.56
O-05143,2026-01-10,C-0457,US,US West,Hardware,Partner,14,2810.00,0.3395,25985.77,25638.34
O-05144,2026-01-10,C-0251,APAC,Japan,Hardware,Direct,10,1141.51,0.3500,7419.82,7716.10
O-05145,2026-01-10,C-0691,US,US East,Support & CS,Direct,8,1760.00,0.3500,9152.00,7477.04
O-05146,2026-01-10,C-0174,APAC,Southeast Asia,Software,Direct,104,840.75,0.3500,56834.70,26794.56
O-05147,2026-01-10,C-0585,US,US West,Services,Partner,1,143.37,0.3500,93.19,89.67
O-05148,2026-01-10,C-0359,EU,DACH,Software,Partner,19,380.09,0.3365,4791.50,2192.79
O-05149,2026-01-10,C-0457,US,US West,Support & CS,Partner,7,1760.61,0.3500,8010.78,6724.76
O-05150,2026-01-10,C-0485,EU,UK & Ireland,Services,Partner,45,186.48,0.3500,5454.54,5341.50
O-05151,2026-01-10,C-0249,EU,DACH,Services,Online,7,458.31,0.2587,2378.10,2025.45
O-05152,2026-01-10,C-0726,EU,DACH,Hardware,Partner,12,3708.45,0.3343,29626.75,29978.16
O-05153,2026-01-10,C-0740,APAC,ANZ,Hardware,Partner,17,1277.70,0.3500,14118.59,14622.21
O-05154,2026-01-10,C-0147,APAC,Greater China,Services,Partner,21,615.19,0.3418,8502.67,7824.81
O-05155,2026-01-10,C-0499,US,US West,Software,Online,33,787.96,0.2747,18860.13,7525.65
O-05156,2026-01-11,C-0288,EU,DACH,Software,Partner,113,675.43,0.3500,49610.33,23519.82
O-05157,2026-01-11,C-0056,US,US East,Hardware,Direct,9,2543.55,0.3500,14879.77,15085.44
O-05158,2026-01-11,C-0041,US,US Central,Hardware,Online,12,1178.94,0.2395,10758.45,9154.80
O-05159,2026-01-11,C-0347,US,US East,Software,Partner,51,867.56,0.3343,29453.28,12881.07
O-05160,2026-01-11,C-0321,EU,DACH,Hardware,Partner,9,1870.03,0.3302,11272.67,11091.42
O-05161,2026-01-11,C-0547,EU,UK & Ireland,Hardware,Partner,16,2523.05,0.3500,26239.72,26964.32
O-05162,2026-01-11,C-0074,US,US West,Software,Partner,62,428.25,0.3500,17258.48,7970.10
O-05163,2026-01-11,C-0707,APAC,ANZ,Support & CS,Partner,5,491.97,0.3500,1598.90,1342.45
O-05164,2026-01-11,C-0124,US,US East,Hardware,Partner,4,4171.09,0.3500,10844.83,10611.88
O-05165,2026-01-11,C-0036,EU,DACH,Services,Partner,44,463.44,0.3500,13254.38,13049.08
O-05166,2026-01-11,C-0381,EU,DACH,Software,Partner,67,665.36,0.3333,29723.12,13743.71
O-05167,2026-01-11,C-0459,EU,UK & Ireland,Services,Partner,13,479.17,0.3500,4048.99,3826.94
O-05168,2026-01-11,C-0749,EU,DACH,Software,Partner,55,617.82,0.3343,22619.94,10450.55
O-05169,2026-01-11,C-0010,APAC,Southeast Asia,Support & CS,Direct,5,1047.60,0.3500,3404.70,2971.65
O-05170,2026-01-11,C-0289,US,US West,Software,Partner,107,181.01,0.3500,12589.25,5613.22
O-05171,2026-01-11,C-0795,EU,DACH,Hardware,Partner,7,3656.06,0.3500,16635.07,17520.02
O-05172,2026-01-11,C-0489,APAC,Greater China,Hardware,Direct,3,465.38,0.3500,907.49,938.16
O-05173,2026-01-11,C-0706,APAC,Japan,Services,Partner,37,477.97,0.3498,11498.63,11118.13
O-05174,2026-01-11,C-0370,EU,UK & Ireland,Services,Direct,9,581.49,0.3500,3401.72,3347.28
O-05175,2026-01-11,C-0577,US,US East,Hardware,Online,1,1869.53,0.2655,1373.25,1243.40
O-05176,2026-01-11,C-0009,US,US West,Hardware,Partner,10,1830.28,0.3500,11896.82,12158.50
O-05177,2026-01-11,C-0212,APAC,ANZ,Hardware,Partner,4,3440.12,0.3500,8944.31,9283.88
O-05178,2026-01-11,C-0321,EU,DACH,Hardware,Online,12,1551.34,0.2440,14073.23,12818.28
O-05179,2026-01-11,C-0775,US,US East,Hardware,Online,14,1738.05,0.2365,18577.05,15891.40
O-05180,2026-01-11,C-0643,EU,DACH,Services,Direct,1,508.08,0.3500,330.25,328.49
O-05181,2026-01-11,C-0277,EU,UK & Ireland,Support & CS,Online,2,1225.46,0.2350,1874.84,1381.50
O-05182,2026-01-11,C-0476,US,US West,Services,Partner,4,201.75,0.3500,524.55,505.20
O-05183,2026-01-12,C-0575,US,US West,Services,Partner,37,545.70,0.3392,13341.37,12042.76
O-05184,2026-01-12,C-0146,US,US West,Hardware,Partner,9,1484.09,0.3500,8681.93,8462.25
O-05185,2026-01-12,C-0144,EU,Benelux & Nordics,Software,Direct,28,761.18,0.3500,13853.48,6460.16
O-05186,2026-01-12,C-0649,EU,DACH,Services,Online,8,421.49,0.2545,2513.67,2128.80
O-05187,2026-01-12,C-0427,EU,DACH,Support & CS,Partner,5,677.13,0.3500,2200.67,1853.95
O-05188,2026-01-12,C-0636,APAC,Japan,Software,Partner,19,895.97,0.3500,11065.23,4991.11
O-05189,2026-01-12,C-0769,US,US West,Support & CS,Partner,11,2392.06,0.3500,17103.23,14226.52
O-05190,2026-01-12,C-0654,APAC,ANZ,Software,Online,108,195.33,0.2449,15928.52,6514.56
O-05191,2026-01-12,C-0119,EU,DACH,Support & CS,Online,5,720.54,0.2537,2688.84,1993.65
O-05192,2026-01-12,C-0459,EU,UK & Ireland,Support & CS,Partner,10,1177.79,0.3500,7655.64,6387.00
O-05193,2026-01-12,C-0573,APAC,Southeast Asia,Services,Partner,8,236.00,0.3500,1227.20,1199.36
O-05194,2026-01-12,C-0318,US,US East,Software,Direct,86,252.84,0.3500,14133.76,6321.86
O-05195,2026-01-12,C-0141,EU,Benelux & Nordics,Hardware,Direct,17,616.13,0.3500,6808.24,6991.59
O-05196,2026-01-12,C-0799,APAC,Japan,Services,Partner,45,578.90,0.3345,17336.55,16585.20
O-05197,2026-01-12,C-0121,US,US East,Hardware,Direct,18,2021.40,0.3500,23650.38,24230.34
O-05198,2026-01-12,C-0572,EU,Southern Europe,Software,Direct,37,801.69,0.3500,19280.64,8991.37
O-05199,2026-01-12,C-0351,EU,UK & Ireland,Hardware,Online,11,2064.92,0.2597,16814.79,14968.91
O-05200,2026-01-12,C-0290,EU,Southern Europe,Services,Partner,5,131.54,0.3352,437.22,421.55
O-05201,2026-01-12,C-0290,EU,Southern Europe,Software,Direct,98,743.20,0.3500,47341.84,22733.06
O-05202,2026-01-12,C-0550,APAC,ANZ,Hardware,Partner,18,1561.46,0.3435,18450.74,18167.94
O-05203,2026-01-12,C-0205,US,US East,Services,Partner,7,521.84,0.3500,2374.37,2180.36
O-05204,2026-01-12,C-0061,US,US Central,Hardware,Online,3,3921.93,0.2678,8614.94,7801.59
O-05205,2026-01-12,C-0670,APAC,Greater China,Software,Direct,92,501.42,0.3500,29984.92,13901.20
O-05206,2026-01-12,C-0589,EU,DACH,Hardware,Partner,10,1842.45,0.3409,12144.32,12069.40
O-05207,2026-01-12,C-0148,EU,Benelux & Nordics,Hardware,Partner,16,1088.43,0.3500,11319.67,11784.00
O-05208,2026-01-12,C-0519,US,US East,Software,Direct,101,339.58,0.3500,22293.43,10198.98
O-05209,2026-01-12,C-0190,EU,Benelux & Nordics,Services,Partner,8,582.03,0.3485,3033.39,2849.04
O-05210,2026-01-12,C-0284,EU,Southern Europe,Software,Partner,44,384.14,0.3500,10986.40,5220.16
O-05211,2026-01-12,C-0468,EU,Southern Europe,Hardware,Partner,10,3648.19,0.3457,23870.65,24193.70
O-05212,2026-01-12,C-0695,EU,Benelux & Nordics,Software,Partner,33,174.57,0.3377,3815.59,1738.77
O-05213,2026-01-12,C-0148,EU,Benelux & Nordics,Hardware,Partner,4,3764.63,0.3500,9788.04,9960.84
O-05214,2026-01-13,C-0220,EU,UK & Ireland,Hardware,Partner,11,4033.32,0.3500,28838.24,29994.80
O-05215,2026-01-13,C-0225,US,US East,Software,Partner,60,370.99,0.3500,14468.61,6750.00
O-05216,2026-01-13,C-0211,EU,UK & Ireland,Hardware,Partner,4,4172.65,0.3500,10848.89,11294.36
O-05217,2026-01-13,C-0096,US,US East,Support & CS,Direct,12,1050.85,0.3500,8196.63,6805.08
O-05218,2026-01-13,C-0014,US,US West,Software,Partner,24,837.38,0.3500,13063.13,5892.48
O-05219,2026-01-13,C-0095,US,US East,Software,Partner,101,639.48,0.3500,41981.86,19187.98
O-05220,2026-01-13,C-0155,US,US East,Hardware,Direct,18,1279.55,0.3500,14970.73,15081.66
O-05221,2026-01-13,C-0719,APAC,Southeast Asia,Software,Direct,31,142.87,0.3500,2878.83,1310.68
O-05222,2026-01-13,C-0561,US,US West,Services,Partner,20,247.87,0.3326,3308.36,3088.60
O-05223,2026-01-13,C-0039,US,US West,Hardware,Partner,5,1946.04,0.3463,6360.77,6239.80
O-05224,2026-01-13,C-0207,APAC,Japan,Software,Direct,25,778.04,0.3500,12643.15,5743.00
O-05225,2026-01-13,C-0740,APAC,ANZ,Support & CS,Partner,10,702.30,0.3471,4585.53,3985.80
O-05226,2026-01-13,C-0193,US,US West,Hardware,Partner,8,467.53,0.3500,2431.16,2501.68
O-05227,2026-01-13,C-0344,EU,UK & Ireland,Support & CS,Partner,9,1720.46,0.3500,10064.69,8538.12
O-05228,2026-01-13,C-0533,APAC,Japan,Support & CS,Partner,11,2086.18,0.3375,15203.39,12558.26
O-05229,2026-01-13,C-0787,US,US West,Support & CS,Partner,7,2051.39,0.3500,9333.82,7989.80
O-05230,2026-01-13,C-0501,US,US West,Services,Partner,42,320.25,0.3476,8775.36,7995.54
O-05231,2026-01-13,C-0765,US,US East,Hardware,Partner,5,1479.65,0.3300,4956.78,4754.60
O-05232,2026-01-13,C-0506,US,US East,Software,Direct,92,876.73,0.3500,52428.45,23144.44
O-05233,2026-01-13,C-0575,US,US West,Services,Partner,26,291.23,0.3500,4921.79,4726.28
O-05234,2026-01-13,C-0780,EU,DACH,Support & CS,Partner,8,369.74,0.3360,1963.95,1689.28
O-05235,2026-01-13,C-0799,APAC,Japan,Software,Direct,43,794.84,0.3500,22215.78,10180.25
O-05236,2026-01-13,C-0602,US,US East,Services,Online,28,226.23,0.2538,4726.55,3883.88
O-05237,2026-01-13,C-0743,US,US Central,Services,Partner,19,300.13,0.3500,3706.61,3383.52
O-05238,2026-01-13,C-0669,EU,UK & Ireland,Software,Partner,85,651.81,0.3500,36012.50,17105.40
O-05239,2026-01-14,C-0390,EU,Benelux & Nordics,Hardware,Direct,2,921.10,0.3500,1197.43,1267.88
O-05240,2026-01-14,C-0266,US,US West,Support & CS,Partner,10,1187.07,0.3500,7715.95,6529.10
O-05241,2026-01-14,C-0555,APAC,Southeast Asia,Support & CS,Partner,11,2257.94,0.3363,16484.16,13863.74
O-05242,2026-01-14,C-0781,APAC,Greater China,Services,Online,32,548.42,0.2305,13503.68,11229.12
O-05243,2026-01-14,C-0201,APAC,Greater China,Services,Partner,22,274.15,0.3500,3920.34,3857.26
O-05244,2026-01-14,C-0721,APAC,Southeast Asia,Software,Partner,34,316.15,0.3500,6986.91,3167.44
O-05245,2026-01-14,C-0545,EU,Southern Europe,Software,Direct,18,452.44,0.3500,5293.55,2474.46
O-05246,2026-01-14,C-0185,APAC,ANZ,Hardware,Partner,8,374.30,0.3500,1946.36,1953.92
O-05247,2026-01-14,C-0138,EU,DACH,Services,Direct,38,190.19,0.3500,4697.69,4432.32
O-05248,2026-01-14,C-0366,US,US West,Services,Partner,22,541.95,0.3500,7749.89,7232.72
O-05249,2026-01-14,C-0199,APAC,ANZ,Support & CS,Online,1,1075.24,0.2499,806.53,610.97
O-05250,2026-01-14,C-0194,US,US West,Support & CS,Direct,11,607.89,0.3500,4346.41,3589.30
O-05251,2026-01-14,C-0362,US,US East,Support & CS,Direct,1,1212.44,0.3500,788.09,671.17
O-05252,2026-01-14,C-0739,US,US Central,Support & CS,Online,3,308.19,0.2775,668.04,487.32
O-05253,2026-01-14,C-0022,APAC,Southeast Asia,Hardware,Online,4,3900.37,0.2558,11610.37,10235.32
O-05254,2026-01-14,C-0726,EU,DACH,Software,Partner,82,60.57,0.3446,3255.34,1520.28
O-05255,2026-01-14,C-0135,APAC,Southeast Asia,Software,Partner,102,152.51,0.3500,10111.41,4761.36
O-05256,2026-01-14,C-0126,EU,UK & Ireland,Services,Partner,45,495.11,0.3500,14481.97,14436.45
O-05257,2026-01-14,C-0494,APAC,Southeast Asia,Software,Direct,90,702.14,0.3500,41075.19,19179.90
O-05258,2026-01-14,C-0284,EU,Southern Europe,Hardware,Partner,13,3670.61,0.3500,31016.65,31919.81
O-05259,2026-01-14,C-0399,EU,DACH,Hardware,Partner,9,531.14,0.3500,3107.17,3210.03
O-05260,2026-01-14,C-0323,APAC,Southeast Asia,Software,Partner,114,897.67,0.3317,68387.15,31673.76
O-05261,2026-01-14,C-0654,APAC,ANZ,Software,Partner,100,375.62,0.3356,24957.18,11529.00
O-05262,2026-01-14,C-0194,US,US West,Software,Partner,35,284.67,0.3411,6564.47,3029.95
O-05263,2026-01-14,C-0191,US,US East,Software,Online,70,809.20,0.2649,41637.79,16282.70
O-05264,2026-01-14,C-0534,EU,UK & Ireland,Software,Online,16,524.72,0.2583,6226.78,2481.28
O-05265,2026-01-14,C-0536,APAC,Greater China,Software,Online,115,626.13,0.2658,52866.95,22106.45
O-05266,2026-01-14,C-0374,APAC,ANZ,Services,Partner,34,389.67,0.3302,8874.16,8351.76
O-05267,2026-01-14,C-0460,APAC,Southeast Asia,Services,Direct,35,213.52,0.3500,4857.58,4735.15
O-05268,2026-01-14,C-0788,EU,UK & Ireland,Services,Partner,14,557.82,0.3500,5076.16,4973.36
O-05269,2026-01-14,C-0398,EU,DACH,Hardware,Online,3,1700.21,0.2537,3806.59,3352.89
O-05270,2026-01-15,C-0317,US,US East,Hardware,Online,6,399.23,0.2637,1763.70,1573.32
O-05271,2026-01-15,C-0766,EU,DACH,Hardware,Partner,2,2303.13,0.3384,3047.72,3015.02
O-05272,2026-01-15,C-0305,EU,UK & Ireland,Software,Partner,34,883.30,0.3500,19520.93,8890.66
O-05273,2026-01-15,C-0020,APAC,ANZ,Services,Partner,39,306.64,0.3500,7773.32,7228.65
O-05274,2026-01-15,C-0252,EU,Southern Europe,Hardware,Partner,6,463.53,0.3500,1807.77,1888.68
O-05275,2026-01-15,C-0328,US,US Central,Support & CS,Partner,3,902.57,0.3500,1760.01,1471.23
O-05276,2026-01-15,C-0157,US,US West,Support & CS,Partner,1,328.22,0.3394,216.82,178.57
O-05277,2026-01-15,C-0552,EU,UK & Ireland,Support & CS,Partner,8,1868.22,0.3370,9909.31,8150.80
O-05278,2026-01-15,C-0093,US,US West,Software,Direct,102,549.59,0.3500,36437.82,16329.18
O-05279,2026-01-15,C-0589,EU,DACH,Hardware,Partner,1,1345.69,0.3454,880.94,923.15
O-05280,2026-01-15,C-0424,EU,Benelux & Nordics,Services,Partner,28,167.88,0.3500,3055.42,2921.24
O-05281,2026-01-15,C-0482,APAC,Greater China,Hardware,Online,18,442.81,0.2785,5750.50,5170.68
O-05282,2026-01-15,C-0101,EU,UK & Ireland,Hardware,Online,6,4088.83,0.2577,18210.83,16311.48
O-05283,2026-01-15,C-0599,EU,UK & Ireland,Hardware,Partner,12,1249.91,0.3333,10000.25,10135.68
O-05284,2026-01-15,C-0108,APAC,Greater China,Hardware,Direct,17,2781.33,0.3500,30733.70,31206.22
O-05285,2026-01-15,C-0266,US,US West,Software,Partner,98,628.96,0.3424,40533.28,18360.30
O-05286,2026-01-15,C-0488,US,US Central,Hardware,Partner,10,4061.12,0.3500,26397.28,25991.60
O-05287,2026-01-15,C-0233,EU,DACH,Services,Partner,19,519.48,0.3500,6415.58,6083.23
O-05288,2026-01-15,C-0659,EU,Benelux & Nordics,Support & CS,Online,1,1310.06,0.2362,1000.67,742.37
O-05289,2026-01-15,C-0056,US,US East,Services,Partner,40,646.60,0.3500,16811.60,15472.40
O-05290,2026-01-15,C-0361,US,US East,Software,Partner,38,75.44,0.3324,1913.71,837.52
O-05291,2026-01-15,C-0739,US,US Central,Software,Partner,15,415.09,0.3500,4047.13,1828.95
O-05292,2026-01-15,C-0764,APAC,Greater China,Software,Direct,67,475.27,0.3500,20698.01,9719.69
O-05293,2026-01-15,C-0409,US,US East,Hardware,Partner,8,2366.33,0.3461,12378.98,12457.36
O-05294,2026-01-15,C-0690,US,US Central,Hardware,Direct,11,4119.66,0.3500,29455.57,30095.01
O-05295,2026-01-15,C-0460,APAC,Southeast Asia,Services,Partner,11,400.85,0.3450,2888.14,2705.01
O-05296,2026-01-15,C-0223,EU,DACH,Software,Partner,70,198.27,0.3463,9072.98,4099.90
O-05297,2026-01-15,C-0138,EU,DACH,Hardware,Partner,17,3015.73,0.3498,33333.63,33528.59
O-05298,2026-01-15,C-0624,US,US West,Hardware,Partner,7,394.03,0.3303,1847.29,1818.53
O-05299,2026-01-15,C-0379,APAC,Greater China,Hardware,Online,16,1069.08,0.2459,12899.44,11152.16
O-05300,2026-01-15,C-0065,EU,DACH,Software,Partner,52,70.80,0.3390,2433.53,1129.96
O-05301,2026-01-15,C-0371,EU,Benelux & Nordics,Services,Partner,5,121.87,0.3446,399.35,385.10
O-05302,2026-01-15,C-0477,EU,UK & Ireland,Services,Partner,7,505.45,0.3500,2299.80,2206.05
O-05303,2026-01-15,C-0464,US,US East,Services,Partner,1,325.43,0.3500,211.53,195.43
O-05304,2026-01-16,C-0214,US,US West,Services,Direct,29,129.95,0.3500,2449.56,2322.61
O-05305,2026-01-16,C-0732,APAC,Japan,Services,Direct,17,383.12,0.3500,4233.48,4082.55
O-05306,2026-01-16,C-0054,EU,UK & Ireland,Hardware,Online,6,2914.89,0.2774,12637.47,12039.24
O-05307,2026-01-16,C-0252,EU,Southern Europe,Services,Partner,30,256.71,0.3500,5005.84,4775.40
O-05308,2026-01-16,C-0034,US,US East,Software,Partner,33,232.81,0.3392,5076.58,2260.83
O-05309,2026-01-16,C-0165,EU,Benelux & Nordics,Software,Online,88,225.43,0.2549,14780.39,6065.84
O-05310,2026-01-16,C-0482,APAC,Greater China,Services,Partner,40,231.45,0.3500,6017.70,5707.60
O-05311,2026-01-16,C-0158,US,US West,Hardware,Partner,9,538.31,0.3500,3149.11,3130.83
O-05312,2026-01-16,C-0380,US,US West,Services,Partner,3,250.33,0.3378,497.34,472.20
O-05313,2026-01-16,C-0027,US,US West,Support & CS,Direct,8,625.35,0.3500,3251.82,2746.80
O-05314,2026-01-16,C-0017,US,US Central,Hardware,Partner,17,3806.10,0.3484,42160.00,42173.60
O-05315,2026-01-16,C-0310,US,US Central,Services,Direct,38,522.83,0.3500,12913.90,12065.00
O-05316,2026-01-16,C-0664,APAC,Japan,Software,Partner,33,147.57,0.3500,3165.38,1503.81
O-05317,2026-01-16,C-0762,EU,Benelux & Nordics,Software,Direct,44,708.62,0.3500,20266.53,9394.00
O-05318,2026-01-16,C-0570,EU,Southern Europe,Support & CS,Partner,3,2257.30,0.3500,4401.74,3690.24
O-05319,2026-01-16,C-0597,APAC,ANZ,Software,Partner,67,123.40,0.3500,5374.07,2497.76
O-05320,2026-01-16,C-0701,EU,Southern Europe,Hardware,Partner,10,2904.83,0.3500,18881.40,20025.60
O-05321,2026-01-16,C-0708,EU,DACH,Hardware,Online,7,3420.59,0.2578,17771.84,15856.96
O-05322,2026-01-16,C-0396,EU,DACH,Hardware,Partner,14,1743.12,0.3500,15862.39,16184.98
O-05323,2026-01-16,C-0048,EU,Southern Europe,Hardware,Online,12,1048.83,0.2580,9338.58,8461.44
O-05324,2026-01-16,C-0276,US,US East,Support & CS,Direct,7,1824.39,0.3500,8300.97,6966.89
O-05325,2026-01-16,C-0535,EU,UK & Ireland,Software,Online,10,498.41,0.2569,3703.86,1503.60
O-05326,2026-01-16,C-0409,US,US East,Software,Partner,52,896.37,0.3475,30414.08,13654.16
O-05327,2026-01-16,C-0755,EU,Benelux & Nordics,Hardware,Partner,5,3659.76,0.3498,11897.59,11989.60
O-05328,2026-01-16,C-0510,US,US Central,Hardware,Online,9,2075.08,0.2555,13903.21,12386.88
O-05329,2026-01-16,C-0732,APAC,Japan,Services,Direct,34,383.14,0.3500,8467.39,8309.60
O-05330,2026-01-16,C-0331,EU,Benelux & Nordics,Services,Partner,31,641.20,0.3343,13232.46,12300.49
O-05331,2026-01-16,C-0143,US,US Central,Hardware,Direct,5,2992.10,0.3500,9724.33,9803.80
O-05332,2026-01-16,C-0161,APAC,ANZ,Hardware,Partner,12,2808.74,0.3500,21908.17,22995.84
O-05333,2026-01-16,C-0014,US,US West,Software,Partner,68,551.66,0.3408,24727.95,11415.84
O-05334,2026-01-16,C-0511,US,US East,Support & CS,Partner,11,373.45,0.3447,2691.88,2193.18
O-05335,2026-01-16,C-0450,US,US East,Hardware,Direct,9,3905.79,0.3500,22848.87,22208.58
O-05336,2026-01-16,C-0211,EU,UK & Ireland,Hardware,Direct,11,828.64,0.3500,5924.78,6141.85
O-05337,2026-01-17,C-0626,EU,DACH,Hardware,Partner,4,1786.83,0.3500,4645.76,4649.40
O-05338,2026-01-17,C-0687,APAC,ANZ,Hardware,Partner,1,563.01,0.3500,365.96,369.27
O-05339,2026-01-17,C-0603,EU,UK & Ireland,Services,Online,32,212.10,0.2675,4971.65,4309.12
O-05340,2026-01-17,C-0003,US,US West,Services,Direct,20,265.09,0.3500,3446.17,3207.00
O-05341,2026-01-17,C-0277,EU,UK & Ireland,Software,Partner,64,169.55,0.3500,7053.28,3253.76
O-05342,2026-01-17,C-0761,US,US West,Hardware,Direct,9,2560.55,0.3500,14979.22,15132.24
O-05343,2026-01-17,C-0342,APAC,Japan,Services,Partner,40,141.78,0.3500,3686.28,3636.40
O-05344,2026-01-17,C-0612,EU,UK & Ireland,Software,Direct,118,80.72,0.3500,6191.22,2813.12
O-05345,2026-01-17,C-0265,US,US Central,Software,Partner,57,334.44,0.3500,12391.00,5777.52
O-05346,2026-01-17,C-0120,EU,Benelux & Nordics,Support & CS,Online,3,1811.16,0.2619,4010.40,2980.44
O-05347,2026-01-17,C-0435,APAC,Japan,Hardware,Partner,3,2530.48,0.3500,4934.44,4987.65
O-05348,2026-01-17,C-0372,US,US East,Services,Direct,18,150.38,0.3500,1759.45,1666.62
O-05349,2026-01-17,C-0234,APAC,Japan,Services,Online,22,330.78,0.2531,5435.64,4535.52
O-05350,2026-01-17,C-0545,EU,Southern Europe,Hardware,Partner,14,3787.42,0.3403,34980.37,36032.64
O-05351,2026-01-17,C-0452,APAC,Southeast Asia,Hardware,Direct,6,1275.49,0.3500,4974.41,5000.22
O-05352,2026-01-17,C-0081,EU,Southern Europe,Software,Partner,95,594.34,0.3500,36700.50,17075.30
O-05353,2026-01-17,C-0507,EU,DACH,Software,Direct,104,328.16,0.3500,22183.62,10380.24
O-05354,2026-01-17,C-0171,EU,Southern Europe,Hardware,Partner,5,4034.12,0.3500,13110.89,13241.70
O-05355,2026-01-17,C-0011,EU,DACH,Hardware,Partner,1,1598.10,0.3500,1038.76,1049.94
O-05356,2026-01-17,C-0784,US,US Central,Services,Direct,13,480.88,0.3500,4063.44,3903.90
O-05357,2026-01-17,C-0400,EU,UK & Ireland,Support & CS,Partner,4,1152.22,0.3500,2995.77,2562.08
O-05358,2026-01-17,C-0621,APAC,ANZ,Services,Direct,26,288.86,0.3500,4881.73,4750.98
O-05359,2026-01-17,C-0560,EU,UK & Ireland,Services,Partner,22,194.28,0.3500,2778.20,2719.64
O-05360,2026-01-17,C-0430,EU,UK & Ireland,Software,Partner,17,568.07,0.3411,6362.77,2897.31
O-05361,2026-01-17,C-0162,US,US West,Hardware,Partner,8,3914.49,0.3500,20355.35,19908.32
O-05362,2026-01-17,C-0492,APAC,ANZ,Services,Partner,7,274.14,0.3500,1247.34,1184.96
O-05363,2026-01-17,C-0282,APAC,Southeast Asia,Software,Direct,25,892.77,0.3500,14507.51,6874.50
O-05364,2026-01-17,C-0015,US,US East,Hardware,Partner,14,1463.28,0.3500,13315.85,12986.82
O-05365,2026-01-17,C-0627,US,US Central,Hardware,Partner,18,3821.69,0.3500,44713.77,44740.62
O-05366,2026-01-18,C-0667,US,US West,Hardware,Direct,4,1058.92,0.3500,2753.19,2695.04
O-05367,2026-01-18,C-0116,US,US East,Software,Partner,103,68.36,0.3500,4576.70,2136.22
O-05368,2026-01-18,C-0672,EU,Southern Europe,Services,Direct,44,363.25,0.3500,10388.95,10354.52
O-05369,2026-01-18,C-0581,APAC,Southeast Asia,Hardware,Partner,6,648.70,0.3500,2529.93,2609.16
O-05370,2026-01-18,C-0310,US,US Central,Hardware,Partner,8,3162.34,0.3440,16596.35,16205.92
O-05371,2026-01-18,C-0541,APAC,ANZ,Hardware,Direct,18,3115.53,0.3500,36451.70,36862.20
O-05372,2026-01-18,C-0321,EU,DACH,Hardware,Direct,9,350.36,0.3500,2049.61,2167.47
O-05373,2026-01-18,C-0391,EU,DACH,Software,Partner,41,542.23,0.3500,14450.43,6856.84
O-05374,2026-01-18,C-0143,US,US Central,Hardware,Direct,11,3632.05,0.3500,25969.16,25478.42
O-05375,2026-01-18,C-0718,APAC,Southeast Asia,Services,Partner,39,387.36,0.3500,9819.58,9461.01
O-05376,2026-01-18,C-0651,US,US Central,Support & CS,Partner,6,2073.93,0.3500,8088.33,6703.14
O-05377,2026-01-18,C-0074,US,US West,Support & CS,Direct,3,1990.47,0.3500,3881.42,3264.93
O-05378,2026-01-18,C-0055,EU,UK & Ireland,Support & CS,Online,1,1528.30,0.2690,1117.23,839.68
O-05379,2026-01-18,C-0367,APAC,Southeast Asia,Support & CS,Online,9,1044.29,0.2770,6795.63,5163.93
O-05380,2026-01-18,C-0319,APAC,Japan,Support & CS,Direct,4,2078.16,0.3500,5403.22,4651.72
O-05381,2026-01-18,C-0695,EU,Benelux & Nordics,Hardware,Partner,16,3941.87,0.3302,42241.27,43015.36
O-05382,2026-01-18,C-0040,EU,Southern Europe,Hardware,Partner,5,2679.64,0.3496,8713.98,9193.45
O-05383,2026-01-18,C-0695,EU,Benelux & Nordics,Hardware,Partner,12,1944.23,0.3500,15164.99,15238.92
O-05384,2026-01-18,C-0020,APAC,ANZ,Software,Direct,62,173.10,0.3500,6975.93,3145.88
O-05385,2026-01-18,C-0471,US,US East,Support & CS,Partner,1,2198.27,0.3500,1428.88,1177.98
O-05386,2026-01-18,C-0349,APAC,Greater China,Support & CS,Partner,9,1197.03,0.3500,7002.63,5796.63
O-05387,2026-01-18,C-0793,US,US East,Support & CS,Direct,5,1714.27,0.3500,5571.38,4727.40
O-05388,2026-01-18,C-0095,US,US East,Services,Partner,35,202.52,0.3500,4607.33,4354.70
O-05389,2026-01-18,C-0408,US,US East,Support & CS,Direct,12,1338.41,0.3500,10439.60,8662.68
O-05390,2026-01-18,C-0589,EU,DACH,Software,Direct,30,660.10,0.3500,12871.95,5909.70
O-05391,2026-01-18,C-0036,EU,DACH,Services,Direct,7,342.29,0.3500,1557.42,1472.03
O-05392,2026-01-18,C-0180,EU,UK & Ireland,Hardware,Partner,2,2960.13,0.3378,3920.13,3850.66
O-05393,2026-01-18,C-0334,APAC,Japan,Services,Direct,3,147.17,0.3500,286.98,272.67
O-05394,2026-01-18,C-0550,APAC,ANZ,Services,Direct,8,489.16,0.3500,2543.63,2411.28
O-05395,2026-01-18,C-0757,EU,Southern Europe,Services,Partner,3,136.63,0.3500,266.43,264.24
O-05396,2026-01-18,C-0287,US,US East,Hardware,Partner,17,4158.26,0.3500,45948.77,45331.01
O-05397,2026-01-19,C-0621,APAC,ANZ,Hardware,Direct,18,2089.21,0.3500,24443.76,24890.94
O-05398,2026-01-19,C-0526,US,US West,Services,Partner,7,609.99,0.3500,2775.45,2551.50
O-05399,2026-01-19,C-0435,APAC,Japan,Software,Partner,15,204.97,0.3322,2053.11,933.00
O-05400,2026-01-19,C-0113,US,US East,Hardware,Partner,1,1455.73,0.3500,946.22,945.80
O-05401,2026-01-19,C-0035,APAC,Greater China,Software,Direct,30,400.89,0.3500,7817.35,3633.90
O-05402,2026-01-19,C-0608,APAC,Greater China,Software,Partner,31,261.93,0.3500,5277.89,2464.81
O-05403,2026-01-19,C-0328,US,US Central,Hardware,Partner,16,2908.65,0.3325,31064.32,29425.28
O-05404,2026-01-19,C-0002,APAC,Japan,Software,Partner,92,886.86,0.3329,54431.72,24917.28
O-05405,2026-01-19,C-0057,EU,Southern Europe,Hardware,Partner,1,3894.98,0.3500,2531.74,2637.81
O-05406,2026-01-19,C-0526,US,US West,Software,Online,68,721.85,0.2360,37499.60,14509.84
O-05407,2026-01-19,C-0670,APAC,Greater China,Services,Partner,26,197.80,0.3500,3342.82,3252.08
O-05408,2026-01-19,C-0585,US,US West,Software,Partner,89,782.48,0.3467,45497.11,20245.72
O-05409,2026-01-19,C-0567,APAC,Southeast Asia,Software,Partner,30,122.57,0.3329,2452.96,1107.90
O-05410,2026-01-19,C-0340,EU,DACH,Hardware,Partner,3,1997.89,0.3500,3895.89,3973.14
O-05411,2026-01-19,C-0039,US,US West,Software,Direct,36,333.67,0.3500,7807.88,3462.84
O-05412,2026-01-19,C-0567,APAC,Southeast Asia,Hardware,Partner,15,4088.85,0.3460,40108.68,40752.00
O-05413,2026-01-19,C-0371,EU,Benelux & Nordics,Software,Partner,113,754.71,0.3457,55797.67,25872.48
O-05414,2026-01-19,C-0531,APAC,Japan,Services,Partner,33,243.12,0.3464,5243.94,5117.97
O-05415,2026-01-19,C-0066,EU,DACH,Support & CS,Partner,3,1070.91,0.3402,2119.71,1773.60
O-05416,2026-01-19,C-0619,APAC,Southeast Asia,Support & CS,Partner,3,929.91,0.3500,1813.32,1567.68
O-05417,2026-01-19,C-0026,EU,Southern Europe,Hardware,Partner,10,989.30,0.3500,6430.45,6453.60
O-05418,2026-01-19,C-0791,US,US West,Hardware,Partner,1,3674.53,0.3500,2388.44,2368.59
O-05419,2026-01-19,C-0308,APAC,Japan,Hardware,Direct,15,610.28,0.3500,5950.23,5974.35
O-05420,2026-01-19,C-0080,EU,Benelux & Nordics,Software,Direct,72,238.19,0.3500,11147.29,5066.64
O-05421,2026-01-19,C-0639,EU,UK & Ireland,Services,Partner,26,596.04,0.3408,10215.37,9700.86
O-05422,2026-01-19,C-0340,EU,DACH,Support & CS,Partner,3,726.00,0.3500,1415.70,1237.68
O-05423,2026-01-19,C-0667,US,US West,Software,Online,53,419.25,0.2322,17060.03,6521.65
O-05424,2026-01-19,C-0425,EU,Benelux & Nordics,Software,Partner,93,411.22,0.3500,24858.25,11595.24
O-05425,2026-01-20,C-0355,APAC,Southeast Asia,Hardware,Partner,3,985.69,0.3329,1972.75,1990.08
O-05426,2026-01-20,C-0565,EU,Southern Europe,Software,Partner,65,88.17,0.3500,3725.18,1766.05
O-05427,2026-01-20,C-0541,APAC,ANZ,Support & CS,Partner,4,2031.33,0.3429,5339.26,4441.44
O-05428,2026-01-20,C-0308,APAC,Japan,Services,Partner,45,512.19,0.3500,14981.56,14251.50
O-05429,2026-01-20,C-0602,US,US East,Support & CS,Partner,11,1667.42,0.3500,11922.05,10032.22
O-05430,2026-01-20,C-0376,EU,DACH,Hardware,Partner,18,4015.65,0.3314,48326.96,49090.32
O-05431,2026-01-20,C-0027,US,US West,Software,Online,75,639.82,0.2356,36683.12,14278.50
O-05432,2026-01-20,C-0555,APAC,Southeast Asia,Support & CS,Online,2,1661.06,0.2333,2546.95,1880.30
O-05433,2026-01-20,C-0769,US,US West,Support & CS,Partner,7,1710.44,0.3467,7822.46,6376.09
O-05434,2026-01-20,C-0716,APAC,Southeast Asia,Services,Partner,11,617.41,0.3500,4414.48,4258.54
O-05435,2026-01-20,C-0098,EU,DACH,Software,Partner,109,811.32,0.3431,58090.38,26987.31
O-05436,2026-01-20,C-0600,EU,Benelux & Nordics,Hardware,Partner,2,3866.00,0.3374,5122.92,5037.00
O-05437,2026-01-20,C-0658,US,US East,Hardware,Partner,7,2470.59,0.3500,11241.18,11190.69
O-05438,2026-01-20,C-0584,EU,DACH,Support & CS,Partner,10,733.31,0.3318,4899.76,4167.50
O-05439,2026-01-20,C-0775,US,US East,Support & CS,Partner,2,2068.51,0.3500,2689.06,2268.64
O-05440,2026-01-20,C-0371,EU,Benelux & Nordics,Services,Partner,12,629.34,0.3470,4931.43,4707.36
O-05441,2026-01-20,C-0124,US,US East,Services,Partner,27,133.82,0.3364,2397.56,2263.68
O-05442,2026-01-20,C-0262,EU,DACH,Support & CS,Partner,6,1146.93,0.3403,4539.75,3896.22
O-05443,2026-01-20,C-0259,EU,Southern Europe,Services,Partner,16,480.18,0.3306,5142.56,4810.88
O-05444,2026-01-20,C-0491,US,US East,Hardware,Partner,8,1768.75,0.3500,9197.50,9250.80
O-05445,2026-01-20,C-0369,EU,Southern Europe,Support & CS,Partner,1,1963.03,0.3500,1275.97,1071.14
O-05446,2026-01-20,C-0540,US,US Central,Services,Online,3,306.03,0.2575,681.71,562.50
O-05447,2026-01-20,C-0111,APAC,ANZ,Software,Partner,12,565.32,0.3426,4459.51,2085.48
O-05448,2026-01-20,C-0112,EU,UK & Ireland,Support & CS,Direct,11,614.25,0.3500,4391.89,3844.28
O-05449,2026-01-20,C-0476,US,US West,Software,Partner,99,781.11,0.3500,50264.43,23109.57
O-05450,2026-01-20,C-0527,US,US West,Hardware,Partner,7,2896.16,0.3361,13460.18,12899.32
O-05451,2026-01-20,C-0305,EU,UK & Ireland,Support & CS,Partner,11,2197.05,0.3379,16000.43,13316.16
O-05452,2026-01-20,C-0365,APAC,ANZ,Hardware,Partner,18,3013.74,0.3500,35260.76,35136.54
O-05453,2026-01-21,C-0285,US,US West,Hardware,Direct,5,823.49,0.3500,2676.34,2752.20
O-05454,2026-01-21,C-0050,EU,Southern Europe,Services,Partner,35,434.03,0.3421,9994.69,9717.05
O-05455,2026-01-21,C-0409,US,US East,Hardware,Partner,14,1498.70,0.3363,13926.42,13497.26
O-05456,2026-01-21,C-0227,US,US East,Hardware,Direct,5,3963.60,0.3500,12881.70,13109.70
O-05457,2026-01-21,C-0740,APAC,ANZ,Hardware,Partner,10,2160.21,0.3500,14041.36,14280.50
O-05458,2026-01-21,C-0294,EU,Southern Europe,Services,Direct,6,612.66,0.3500,2389.37,2263.80
O-05459,2026-01-21,C-0085,US,US East,Services,Direct,12,506.66,0.3500,3951.95,3733.32
O-05460,2026-01-21,C-0321,EU,DACH,Support & CS,Direct,10,1306.65,0.3500,8493.23,7110.80
O-05461,2026-01-21,C-0548,US,US Central,Hardware,Partner,2,3376.66,0.3500,4389.66,4323.44
O-05462,2026-01-21,C-0260,APAC,ANZ,Support & CS,Direct,6,1189.32,0.3500,4638.35,3989.10
O-05463,2026-01-21,C-0574,EU,Southern Europe,Software,Partner,13,354.71,0.3363,3060.68,1417.13
O-05464,2026-01-21,C-0378,EU,Benelux & Nordics,Services,Online,21,619.83,0.2410,9879.08,8342.46
O-05465,2026-01-21,C-0190,EU,Benelux & Nordics,Hardware,Direct,5,1758.97,0.3500,5716.65,6041.15
O-05466,2026-01-21,C-0702,EU,DACH,Hardware,Direct,10,2719.20,0.3500,17674.80,18225.90
O-05467,2026-01-21,C-0107,US,US Central,Hardware,Online,6,2470.39,0.2708,10808.59,9815.28
O-05468,2026-01-21,C-0166,EU,UK & Ireland,Software,Online,6,736.43,0.2341,3384.27,1379.52
O-05469,2026-01-21,C-0757,EU,Southern Europe,Hardware,Partner,8,572.09,0.3500,2974.87,2997.20
O-05470,2026-01-21,C-0249,EU,DACH,Hardware,Online,4,3838.49,0.2545,11447.07,10234.96
O-05471,2026-01-21,C-0609,EU,DACH,Hardware,Partner,9,1846.79,0.3387,10992.10,11443.95
O-05472,2026-01-22,C-0636,APAC,Japan,Hardware,Partner,3,2208.86,0.3500,4307.28,4514.73
O-05473,2026-01-22,C-0101,EU,UK & Ireland,Services,Partner,37,593.11,0.3500,14264.30,14022.26
O-05474,2026-01-22,C-0353,APAC,Japan,Hardware,Partner,11,2126.28,0.3500,15202.90,15565.00
O-05475,2026-01-22,C-0175,EU,UK & Ireland,Software,Direct,102,842.25,0.3500,55841.18,26839.26
O-05476,2026-01-22,C-0569,EU,UK & Ireland,Services,Direct,7,164.96,0.3500,750.57,708.05
O-05477,2026-01-22,C-0147,APAC,Greater China,Software,Partner,65,376.91,0.3500,15924.45,7289.10
O-05478,2026-01-22,C-0180,EU,UK & Ireland,Services,Online,30,443.35,0.2649,9777.74,8457.30
O-05479,2026-01-22,C-0101,EU,UK & Ireland,Hardware,Direct,1,1568.11,0.3500,1019.27,1028.25
O-05480,2026-01-22,C-0393,EU,Southern Europe,Support & CS,Direct,6,639.76,0.3500,2495.06,2089.20
O-05481,2026-01-22,C-0265,US,US Central,Hardware,Partner,3,875.68,0.3472,1714.98,1706.04
O-05482,2026-01-22,C-0090,APAC,Southeast Asia,Software,Partner,46,482.70,0.3500,14432.73,6888.96
O-05483,2026-01-22,C-0061,US,US Central,Software,Direct,58,512.77,0.3500,19331.43,8686.66
O-05484,2026-01-22,C-0051,APAC,Japan,Hardware,Direct,2,711.81,0.3500,925.35,950.50
O-05485,2026-01-22,C-0511,US,US East,Hardware,Partner,5,3263.88,0.3500,10607.61,10783.30
O-05486,2026-01-22,C-0506,US,US East,Hardware,Partner,14,1609.75,0.3500,14648.73,14248.22
O-05487,2026-01-22,C-0531,APAC,Japan,Services,Partner,16,227.15,0.3500,2362.36,2223.04
O-05488,2026-01-22,C-0782,EU,Benelux & Nordics,Hardware,Partner,12,461.04,0.3337,3686.40,3794.28
O-05489,2026-01-22,C-0063,EU,UK & Ireland,Software,Online,15,766.83,0.2737,8353.80,3417.90
O-05490,2026-01-22,C-0402,APAC,Greater China,Support & CS,Direct,4,1566.93,0.3500,4074.02,3422.32
O-05491,2026-01-22,C-0225,US,US East,Software,Partner,42,129.34,0.3500,3530.98,1630.02
O-05492,2026-01-22,C-0579,APAC,ANZ,Hardware,Online,3,2236.34,0.2487,5040.36,4445.97
O-05493,2026-01-22,C-0251,APAC,Japan,Software,Partner,10,676.84,0.3500,4399.46,2025.20
O-05494,2026-01-22,C-0782,EU,Benelux & Nordics,Software,Direct,82,594.25,0.3500,31673.53,14525.48
O-05495,2026-01-22,C-0560,EU,UK & Ireland,Support & CS,Partner,9,323.26,0.3500,1891.07,1607.94
O-05496,2026-01-22,C-0738,EU,DACH,Support & CS,Online,2,954.40,0.2716,1390.35,1088.94
O-05497,2026-01-22,C-0454,EU,DACH,Hardware,Direct,15,574.18,0.3500,5598.25,5597.70
O-05498,2026-01-23,C-0461,EU,Benelux & Nordics,Hardware,Direct,10,1259.39,0.3500,8186.04,8437.30
O-05499,2026-01-23,C-0390,EU,Benelux & Nordics,Software,Direct,59,571.43,0.3500,21914.34,10281.93
O-05500,2026-01-23,C-0231,US,US West,Support & CS,Partner,12,1896.84,0.3500,14795.35,12521.04
O-05501,2026-01-23,C-0381,EU,DACH,Services,Partner,2,284.38,0.3500,369.69,364.74
O-05502,2026-01-23,C-0566,US,US West,Hardware,Online,2,2676.07,0.2387,4074.70,3408.52
O-05503,2026-01-23,C-0700,EU,UK & Ireland,Hardware,Direct,4,2139.95,0.3500,5563.87,5798.24
O-05504,2026-01-23,C-0255,EU,UK & Ireland,Hardware,Direct,7,3348.35,0.3500,15234.99,15431.22
O-05505,2026-01-23,C-0479,US,US West,Hardware,Direct,15,2903.51,0.3500,28309.22,28045.80
O-05506,2026-01-23,C-0536,APAC,Greater China,Hardware,Online,3,538.31,0.2721,1175.58,1090.71
O-05507,2026-01-23,C-0110,EU,DACH,Services,Direct,7,419.53,0.3500,1908.86,1838.20
O-05508,2026-01-23,C-0525,EU,Benelux & Nordics,Support & CS,Direct,7,1814.53,0.3500,8256.11,7072.31
O-05509,2026-01-23,C-0759,EU,UK & Ireland,Software,Partner,114,716.25,0.3479,53248.54,24838.32
O-05510,2026-01-23,C-0555,APAC,Southeast Asia,Software,Direct,32,141.54,0.3500,2944.03,1381.44
O-05511,2026-01-23,C-0418,US,US West,Software,Online,89,843.24,0.2304,57754.77,22644.27
O-05512,2026-01-23,C-0229,US,US West,Hardware,Direct,15,1888.89,0.3500,18416.68,18001.95
O-05513,2026-01-23,C-0463,EU,UK & Ireland,Software,Online,63,841.13,0.2798,38162.10,16080.75
O-05514,2026-01-23,C-0382,EU,DACH,Hardware,Partner,6,1936.92,0.3377,7697.03,7974.78
O-05515,2026-01-23,C-0494,APAC,Southeast Asia,Services,Partner,28,451.20,0.3439,8288.96,7737.24
O-05516,2026-01-23,C-0768,EU,DACH,Support & CS,Online,6,658.57,0.2744,2867.21,2241.48
O-05517,2026-01-23,C-0087,US,US West,Services,Direct,15,540.27,0.3500,5267.63,4999.95
O-05518,2026-01-23,C-0391,EU,DACH,Support & CS,Partner,2,2189.96,0.3500,2846.95,2412.66
O-05519,2026-01-23,C-0435,APAC,Japan,Hardware,Partner,4,2635.80,0.3500,6853.08,7060.32
O-05520,2026-01-23,C-0695,EU,Benelux & Nordics,Hardware,Partner,7,2043.27,0.3456,9359.77,9797.76
O-05521,2026-01-23,C-0589,EU,DACH,Hardware,Direct,1,1747.28,0.3500,1135.73,1167.30
O-05522,2026-01-23,C-0145,US,US East,Services,Online,16,543.06,0.2661,6376.46,5216.48
O-05523,2026-01-23,C-0486,EU,UK & Ireland,Services,Partner,28,563.26,0.3500,10251.33,10121.44
O-05524,2026-01-24,C-0608,APAC,Greater China,Services,Online,29,162.08,0.2600,3478.21,2884.05
O-05525,2026-01-24,C-0517,EU,UK & Ireland,Software,Direct,41,443.83,0.3500,11828.07,5603.06
O-05526,2026-01-24,C-0286,US,US East,Hardware,Online,6,425.89,0.2463,1925.94,1657.32
O-05527,2026-01-24,C-0689,APAC,Japan,Hardware,Partner,14,3521.68,0.3372,32677.52,31971.38
O-05528,2026-01-24,C-0590,US,US East,Services,Partner,9,195.62,0.3500,1144.38,1060.20
O-05529,2026-01-24,C-0797,US,US Central,Services,Direct,24,160.33,0.3500,2501.15,2282.64
O-05530,2026-01-24,C-0099,US,US East,Services,Online,7,207.15,0.2366,1106.97,910.98
O-05531,2026-01-24,C-0141,EU,Benelux & Nordics,Support & CS,Online,11,1996.33,0.2535,16392.52,12427.25
O-05532,2026-01-24,C-0285,US,US West,Services,Online,33,431.45,0.2525,10643.31,8857.53
O-05533,2026-01-24,C-0716,APAC,Southeast Asia,Software,Partner,7,593.18,0.3500,2698.97,1236.27
O-05534,2026-01-24,C-0296,EU,Southern Europe,Services,Online,7,291.14,0.2470,1534.57,1247.33
O-05535,2026-01-24,C-0750,US,US Central,Hardware,Partner,12,1302.94,0.3500,10162.93,10247.88
O-05536,2026-01-24,C-0758,EU,Benelux & Nordics,Software,Direct,83,247.55,0.3500,13355.32,6352.82
O-05537,2026-01-24,C-0448,EU,UK & Ireland,Software,Online,15,239.62,0.2761,2602.03,1074.00
O-05538,2026-01-24,C-0218,EU,DACH,Support & CS,Partner,8,955.46,0.3500,4968.39,4292.56
O-05539,2026-01-24,C-0608,APAC,Greater China,Services,Partner,36,545.76,0.3368,13030.03,11972.16
O-05540,2026-01-24,C-0566,US,US West,Software,Partner,96,704.37,0.3328,45115.96,19778.88
O-05541,2026-01-24,C-0022,APAC,Southeast Asia,Services,Partner,1,476.27,0.3500,309.58,305.00
O-05542,2026-01-24,C-0050,EU,Southern Europe,Support & CS,Partner,12,1321.42,0.3322,10589.72,8610.00
O-05543,2026-01-24,C-0061,US,US Central,Hardware,Direct,12,3545.68,0.3500,27656.30,27014.04
O-05544,2026-01-24,C-0061,US,US Central,Hardware,Partner,16,1750.46,0.3444,18362.30,18342.24
O-05545,2026-01-24,C-0577,US,US East,Software,Partner,91,823.63,0.3480,48866.77,22174.88
O-05546,2026-01-24,C-0259,EU,Southern Europe,Services,Online,31,207.48,0.2764,4653.99,4076.81
O-05547,2026-01-24,C-0581,APAC,Southeast Asia,Software,Online,89,899.81,0.2799,57666.08,24046.91
O-05548,2026-01-24,C-0095,US,US East,Hardware,Online,18,3333.75,0.2636,44191.46,38799.72
O-05549,2026-01-24,C-0494,APAC,Southeast Asia,Services,Partner,11,375.29,0.3442,2707.25,2626.69
O-05550,2026-01-24,C-0762,EU,Benelux & Nordics,Software,Partner,105,860.34,0.3500,58718.21,26802.30
O-05551,2026-01-24,C-0363,EU,DACH,Hardware,Partner,14,2910.30,0.3500,26483.73,26722.78
O-05552,2026-01-24,C-0380,US,US West,Hardware,Partner,6,1599.06,0.3317,6411.51,6189.84
O-05553,2026-01-25,C-0067,EU,UK & Ireland,Hardware,Partner,14,1536.04,0.3500,13977.96,14804.30
O-05554,2026-01-25,C-0256,US,US Central,Support & CS,Direct,10,1957.85,0.3500,12726.02,10873.00
O-05555,2026-01-25,C-0527,US,US West,Services,Direct,17,394.00,0.3500,4353.70,4008.26
O-05556,2026-01-25,C-0148,EU,Benelux & Nordics,Support & CS,Partner,11,607.17,0.3447,4376.96,3701.17
O-05557,2026-01-25,C-0702,EU,DACH,Hardware,Partner,11,1083.03,0.3500,7743.66,8142.42
O-05558,2026-01-25,C-0674,EU,DACH,Services,Partner,27,211.67,0.3500,3714.81,3669.30
O-05559,2026-01-25,C-0782,EU,Benelux & Nordics,Software,Partner,22,454.24,0.3345,6650.03,3041.06
O-05560,2026-01-25,C-0278,EU,Southern Europe,Hardware,Partner,11,1054.85,0.3500,7542.18,7771.61
O-05561,2026-01-25,C-0532,EU,DACH,Hardware,Partner,12,407.10,0.3468,3191.24,3368.64
O-05562,2026-01-25,C-0566,US,US West,Services,Direct,7,270.24,0.3500,1229.59,1126.65
O-05563,2026-01-25,C-0207,APAC,Japan,Hardware,Partner,16,1492.67,0.3500,15523.77,16111.36
O-05564,2026-01-25,C-0629,US,US East,Software,Online,103,744.33,0.2413,58163.27,22812.44
O-05565,2026-01-25,C-0466,US,US East,Support & CS,Partner,10,1271.58,0.3500,8265.27,6827.80
O-05566,2026-01-25,C-0130,EU,Southern Europe,Hardware,Direct,15,958.04,0.3500,9340.89,9887.55
O-05567,2026-01-25,C-0089,US,US West,Software,Partner,80,521.95,0.3499,27147.52,12635.20
O-05568,2026-01-25,C-0658,US,US East,Software,Partner,17,810.71,0.3500,8958.35,4167.38
O-05569,2026-01-25,C-0707,APAC,ANZ,Hardware,Partner,2,1407.19,0.3500,1829.35,1832.78
O-05570,2026-01-25,C-0446,EU,Southern Europe,Hardware,Direct,8,760.54,0.3500,3954.81,4108.08
O-05571,2026-01-25,C-0432,APAC,ANZ,Hardware,Online,15,3933.12,0.2694,43103.19,40009.20
O-05572,2026-01-25,C-0061,US,US Central,Software,Direct,53,460.64,0.3500,15869.05,7354.28
O-05573,2026-01-25,C-0729,US,US East,Services,Partner,27,469.27,0.3500,8235.69,7577.01
O-05574,2026-01-25,C-0186,APAC,ANZ,Services,Partner,44,242.11,0.3500,6924.35,6809.88
O-05575,2026-01-25,C-0730,US,US West,Hardware,Direct,17,3491.63,0.3500,38582.51,38750.99
O-05576,2026-01-25,C-0231,US,US West,Support & CS,Partner,12,1521.19,0.3500,11865.28,9984.48
O-05577,2026-01-25,C-0774,US,US East,Support & CS,Partner,6,1840.72,0.3500,7178.81,6019.02
O-05578,2026-01-25,C-0425,EU,Benelux & Nordics,Support & CS,Partner,5,1660.37,0.3462,5427.62,4700.10
O-05579,2026-01-25,C-0669,EU,UK & Ireland,Software,Partner,31,881.33,0.3500,17758.80,8535.54
O-05580,2026-01-25,C-0060,EU,DACH,Services,Online,3,257.72,0.2406,587.15,498.45
O-05581,2026-01-25,C-0026,EU,Southern Europe,Hardware,Direct,11,3868.02,0.3500,27656.34,28198.50
O-05582,2026-01-25,C-0022,APAC,Southeast Asia,Services,Partner,6,484.54,0.3500,1889.71,1794.96
O-05583,2026-01-25,C-0782,EU,Benelux & Nordics,Support & CS,Partner,7,274.24,0.3489,1249.87,1096.34
O-05584,2026-01-25,C-0072,APAC,ANZ,Hardware,Partner,2,1859.63,0.3500,2417.52,2428.12
O-05585,2026-01-25,C-0423,US,US East,Hardware,Online,11,533.74,0.2774,4242.25,3783.89
O-05586,2026-01-25,C-0239,EU,DACH,Software,Partner,35,868.79,0.3481,19822.45,9173.15
O-05587,2026-01-25,C-0703,EU,DACH,Services,Partner,21,138.30,0.3500,1887.80,1833.51
O-05588,2026-01-25,C-0238,EU,DACH,Support & CS,Direct,11,741.56,0.3500,5302.15,4628.58
O-05589,2026-01-26,C-0133,US,US West,Services,Direct,37,634.17,0.3500,15251.79,13974.16
O-05590,2026-01-26,C-0611,APAC,Japan,Support & CS,Partner,6,371.37,0.3422,1465.70,1212.06
O-05591,2026-01-26,C-0419,EU,UK & Ireland,Hardware,Partner,5,3492.17,0.3448,11439.63,11499.75
O-05592,2026-01-26,C-0147,APAC,Greater China,Services,Direct,3,440.39,0.3500,858.76,824.73
O-05593,2026-01-26,C-0280,US,US East,Hardware,Direct,13,2618.22,0.3500,22123.96,21830.25
O-05594,2026-01-26,C-0434,EU,DACH,Software,Partner,92,613.28,0.3500,36674.14,17185.60
O-05595,2026-01-26,C-0334,APAC,Japan,Software,Partner,115,892.80,0.3500,66736.80,31067.25
O-05596,2026-01-26,C-0397,US,US East,Support & CS,Partner,3,1763.55,0.3347,3519.82,2875.83
O-05597,2026-01-26,C-0314,EU,DACH,Software,Partner,78,74.25,0.3500,3764.47,1798.68
O-05598,2026-01-26,C-0123,APAC,Japan,Support & CS,Direct,5,1537.30,0.3500,4996.23,4230.15
O-05599,2026-01-26,C-0334,APAC,Japan,Hardware,Partner,16,1619.98,0.3500,16847.79,17499.20
O-05600,2026-01-26,C-0384,US,US West,Hardware,Online,14,2735.74,0.2552,28527.17,25121.74
O-05601,2026-01-26,C-0688,US,US East,Hardware,Direct,13,3549.90,0.3500,29996.66,29679.13
O-05602,2026-01-26,C-0367,APAC,Southeast Asia,Software,Partner,68,542.00,0.3399,24329.87,10848.04
O-05603,2026-01-26,C-0308,APAC,Japan,Hardware,Direct,3,1877.01,0.3500,3660.17,3813.93
O-05604,2026-01-26,C-0145,US,US East,Software,Direct,32,212.46,0.3500,4419.17,2038.40
O-05605,2026-01-27,C-0697,EU,Southern Europe,Hardware,Partner,7,3300.80,0.3392,15269.05,15101.87
O-05606,2026-01-27,C-0647,APAC,Southeast Asia,Services,Direct,21,185.21,0.3500,2528.12,2380.77
O-05607,2026-01-27,C-0746,US,US West,Software,Partner,18,524.77,0.3500,6139.81,2863.62
O-05608,2026-01-27,C-0711,US,US Central,Hardware,Partner,13,2622.34,0.3362,22628.11,22786.14
O-05609,2026-01-27,C-0288,EU,DACH,Software,Partner,55,318.37,0.3463,11447.18,5316.85
O-05610,2026-01-27,C-0270,APAC,Japan,Software,Online,12,769.65,0.2691,6750.89,2867.28
O-05611,2026-01-27,C-0454,EU,DACH,Support & CS,Partner,12,1515.80,0.3493,11836.09,10308.24
O-05612,2026-01-27,C-0505,APAC,Greater China,Hardware,Direct,14,1247.71,0.3500,11354.16,11879.42
O-05613,2026-01-27,C-0743,US,US Central,Services,Direct,17,394.02,0.3500,4353.92,4211.92
O-05614,2026-01-27,C-0207,APAC,Japan,Software,Partner,22,755.89,0.3500,10809.23,4881.14
O-05615,2026-01-27,C-0722,US,US East,Services,Partner,13,442.68,0.3308,3851.07,3540.03
O-05616,2026-01-27,C-0499,US,US West,Services,Partner,7,441.79,0.3332,2061.99,1886.71
O-05617,2026-01-27,C-0537,EU,UK & Ireland,Services,Online,36,404.24,0.2380,11088.88,9146.16
O-05618,2026-01-27,C-0432,APAC,ANZ,Software,Partner,106,362.78,0.3437,25237.62,11573.08
O-05619,2026-01-27,C-0440,EU,UK & Ireland,Software,Online,16,423.45,0.2471,5100.77,2081.28
O-05620,2026-01-27,C-0286,US,US East,Software,Partner,24,413.63,0.3500,6452.63,3002.88
O-05621,2026-01-27,C-0376,EU,DACH,Support & CS,Direct,1,848.05,0.3500,551.23,468.78
O-05622,2026-01-27,C-0368,EU,DACH,Hardware,Direct,1,3774.08,0.3500,2453.15,2537.77
O-05623,2026-01-27,C-0353,APAC,Japan,Services,Partner,17,135.64,0.3500,1498.82,1479.17
O-05624,2026-01-27,C-0366,US,US West,Hardware,Online,4,1984.78,0.2645,5839.59,5222.96
O-05625,2026-01-27,C-0093,US,US West,Hardware,Direct,10,2648.18,0.3500,17213.17,17124.60
O-05626,2026-01-27,C-0640,EU,DACH,Software,Partner,36,507.34,0.3500,11871.76,5603.40
O-05627,2026-01-27,C-0378,EU,Benelux & Nordics,Support & CS,Direct,4,1935.76,0.3500,5032.98,4367.00
O-05628,2026-01-27,C-0546,EU,Southern Europe,Software,Partner,116,209.31,0.3500,15781.97,7321.92
O-05629,2026-01-27,C-0341,EU,UK & Ireland,Hardware,Partner,13,3164.21,0.3500,26737.57,27573.91
O-05630,2026-01-27,C-0627,US,US Central,Hardware,Partner,16,2722.64,0.3500,28315.46,29168.16
O-05631,2026-01-27,C-0375,US,US Central,Software,Direct,68,115.77,0.3500,5117.03,2284.80
O-05632,2026-01-28,C-0574,EU,Southern Europe,Software,Online,52,384.33,0.2306,15376.39,6028.88
O-05633,2026-01-28,C-0390,EU,Benelux & Nordics,Hardware,Online,18,3130.23,0.2341,43153.28,37730.70
O-05634,2026-01-28,C-0629,US,US East,Hardware,Partner,11,2362.27,0.3500,16890.23,16742.99
O-05635,2026-01-28,C-0384,US,US West,Support & CS,Partner,3,1700.22,0.3500,3315.43,2767.17
O-05636,2026-01-28,C-0315,APAC,Japan,Software,Partner,81,69.22,0.3500,3644.43,1658.88
O-05637,2026-01-28,C-0527,US,US West,Hardware,Direct,17,3180.97,0.3500,35149.72,35526.77
O-05638,2026-01-28,C-0079,EU,DACH,Services,Partner,30,397.87,0.3402,7875.53,7335.90
O-05639,2026-01-28,C-0393,EU,Southern Europe,Hardware,Direct,14,926.36,0.3500,8429.88,8618.26
O-05640,2026-01-28,C-0535,EU,UK & Ireland,Hardware,Online,6,1477.47,0.2323,6805.89,5975.88
O-05641,2026-01-28,C-0586,APAC,Southeast Asia,Software,Direct,105,750.11,0.3500,51195.01,23081.10
O-05642,2026-01-28,C-0533,APAC,Japan,Hardware,Partner,8,1485.69,0.3500,7725.59,7825.84
O-05643,2026-01-28,C-0788,EU,UK & Ireland,Services,Direct,27,228.48,0.3500,4009.82,3783.78
O-05644,2026-01-28,C-0744,US,US East,Services,Online,12,250.98,0.2315,2314.64,1862.28
O-05645,2026-01-28,C-0477,EU,UK & Ireland,Software,Partner,103,295.35,0.3500,19773.68,9245.28
O-05646,2026-01-28,C-0575,US,US West,Support & CS,Online,1,444.88,0.2773,321.52,245.25
O-05647,2026-01-28,C-0328,US,US Central,Hardware,Partner,10,1058.36,0.3500,6879.34,7001.40
O-05648,2026-01-28,C-0761,US,US West,Services,Direct,9,432.82,0.3500,2532.00,2357.82
O-05649,2026-01-28,C-0477,EU,UK & Ireland,Software,Direct,82,745.36,0.3500,39727.69,18461.48
O-05650,2026-01-28,C-0239,EU,DACH,Services,Partner,18,169.85,0.3500,1987.24,1967.76
O-05651,2026-01-28,C-0594,EU,Benelux & Nordics,Hardware,Online,4,1507.55,0.2317,4633.22,3949.96
O-05652,2026-01-28,C-0772,EU,DACH,Support & CS,Direct,6,1963.99,0.3500,7659.56,6703.68
O-05653,2026-01-28,C-0377,EU,DACH,Hardware,Partner,14,1297.22,0.3500,11804.70,12115.46
O-05654,2026-01-28,C-0792,EU,Benelux & Nordics,Software,Partner,68,787.98,0.3333,35724.35,16468.92
O-05655,2026-01-28,C-0529,EU,DACH,Support & CS,Partner,4,975.19,0.3337,2598.97,2194.88
O-05656,2026-01-28,C-0348,EU,UK & Ireland,Software,Partner,8,452.94,0.3500,2355.29,1087.04
O-05657,2026-01-28,C-0602,US,US East,Support & CS,Direct,12,264.45,0.3500,2062.71,1765.44
O-05658,2026-01-28,C-0032,EU,Southern Europe,Hardware,Partner,6,3045.11,0.3427,12008.45,12529.08
O-05659,2026-01-28,C-0782,EU,Benelux & Nordics,Hardware,Partner,12,3103.25,0.3500,24205.35,24685.80
O-05660,2026-01-28,C-0640,EU,DACH,Hardware,Online,13,1349.90,0.2578,13025.52,11653.98
O-05661,2026-01-28,C-0477,EU,UK & Ireland,Services,Direct,36,223.97,0.3500,5240.90,5195.52
O-05662,2026-01-28,C-0063,EU,UK & Ireland,Hardware,Partner,9,1935.43,0.3500,11322.27,11809.62
O-05663,2026-01-28,C-0485,EU,UK & Ireland,Services,Partner,16,546.43,0.3387,5781.63,5486.56
O-05664,2026-01-28,C-0317,US,US East,Software,Partner,16,80.58,0.3317,861.65,374.56
O-05665,2026-01-28,C-0586,APAC,Southeast Asia,Software,Direct,77,302.84,0.3500,15157.14,6993.91
O-05666,2026-01-28,C-0119,EU,DACH,Services,Partner,23,313.95,0.3500,4693.55,4502.25
O-05667,2026-01-29,C-0407,EU,UK & Ireland,Services,Partner,21,195.95,0.3500,2674.72,2639.49
O-05668,2026-01-29,C-0130,EU,Southern Europe,Support & CS,Direct,2,2356.54,0.3500,3063.50,2597.20
O-05669,2026-01-29,C-0276,US,US East,Software,Direct,38,375.43,0.3500,9273.12,4119.96
O-05670,2026-01-29,C-0461,EU,Benelux & Nordics,Hardware,Direct,3,3215.47,0.3500,6270.17,6297.09
O-05671,2026-01-29,C-0694,EU,UK & Ireland,Software,Partner,108,429.34,0.3500,30139.67,13973.04
O-05672,2026-01-29,C-0757,EU,Southern Europe,Support & CS,Partner,7,1471.09,0.3301,6898.66,5642.91
O-05673,2026-01-29,C-0394,EU,DACH,Hardware,Direct,6,2807.46,0.3500,10949.09,11035.92
O-05674,2026-01-29,C-0701,EU,Southern Europe,Support & CS,Partner,9,1337.72,0.3500,7825.66,6660.27
O-05675,2026-01-29,C-0628,APAC,ANZ,Support & CS,Partner,1,1484.03,0.3500,964.62,811.84
O-05676,2026-01-29,C-0699,US,US Central,Services,Partner,9,341.55,0.3500,1998.07,1852.56
O-05677,2026-01-29,C-0124,US,US East,Hardware,Partner,5,419.64,0.3413,1382.10,1397.20
O-05678,2026-01-29,C-0423,US,US East,Hardware,Partner,10,3789.67,0.3301,25386.97,24833.20
O-05679,2026-01-29,C-0326,EU,Benelux & Nordics,Support & CS,Direct,10,587.32,0.3500,3817.58,3284.90
O-05680,2026-01-29,C-0691,US,US East,Software,Partner,45,144.11,0.3422,4265.62,1902.15
O-05681,2026-01-29,C-0548,US,US Central,Services,Direct,39,150.15,0.3500,3806.30,3655.08
O-05682,2026-01-29,C-0095,US,US East,Hardware,Direct,15,3463.58,0.3500,33769.90,33978.15
O-05683,2026-01-29,C-0607,APAC,Japan,Support & CS,Partner,1,513.72,0.3313,343.54,285.81
O-05684,2026-01-29,C-0705,APAC,Southeast Asia,Services,Partner,17,647.11,0.3470,7183.41,6969.66
O-05685,2026-01-29,C-0660,EU,Benelux & Nordics,Software,Partner,40,387.95,0.3353,10314.95,4616.40
O-05686,2026-01-29,C-0240,US,US West,Hardware,Direct,13,3697.36,0.3500,31242.69,31299.32
O-05687,2026-01-29,C-0024,EU,UK & Ireland,Hardware,Partner,12,2636.16,0.3440,20750.37,21717.96
O-05688,2026-01-29,C-0214,US,US West,Hardware,Partner,12,2101.07,0.3500,16388.35,16106.76
O-05689,2026-01-29,C-0112,EU,UK & Ireland,Support & CS,Partner,8,1058.87,0.3471,5530.37,4859.28
O-05690,2026-01-29,C-0387,US,US Central,Services,Partner,3,270.16,0.3433,532.23,490.89
O-05691,2026-01-29,C-0344,EU,UK & Ireland,Services,Direct,10,335.56,0.3500,2181.14,2079.70
O-05692,2026-01-29,C-0220,EU,UK & Ireland,Hardware,Direct,8,818.31,0.3500,4255.21,4378.08
O-05693,2026-01-29,C-0146,US,US West,Hardware,Partner,1,3078.04,0.3500,2000.73,1944.17
O-05694,2026-01-29,C-0144,EU,Benelux & Nordics,Software,Direct,29,543.60,0.3500,10246.86,4718.30
O-05695,2026-01-29,C-0051,APAC,Japan,Hardware,Partner,4,3655.82,0.3500,9505.13,9430.12
O-05696,2026-01-29,C-0028,APAC,Greater China,Software,Online,99,417.90,0.2535,30882.73,12562.11
O-05697,2026-01-29,C-0431,EU,DACH,Software,Partner,33,213.98,0.3500,4589.87,2200.77
O-05698,2026-01-29,C-0222,US,US Central,Software,Partner,18,476.85,0.3500,5579.15,2477.16
O-05699,2026-01-29,C-0161,APAC,ANZ,Hardware,Partner,16,1209.44,0.3423,12727.25,12718.08
O-05700,2026-01-29,C-0366,US,US West,Software,Partner,75,490.39,0.3500,23906.51,11061.75
O-05701,2026-01-30,C-0213,APAC,Southeast Asia,Software,Direct,107,534.79,0.3500,37194.64,17192.76
O-05702,2026-01-30,C-0050,EU,Southern Europe,Hardware,Partner,5,897.24,0.3500,2916.03,2923.90
O-05703,2026-01-30,C-0057,EU,Southern Europe,Services,Partner,14,236.35,0.3402,2183.38,2127.72
O-05704,2026-01-30,C-0087,US,US West,Software,Partner,13,709.94,0.3500,5998.99,2713.62
O-05705,2026-01-30,C-0468,EU,Southern Europe,Hardware,Online,8,2104.91,0.2674,12336.30,11020.32
O-05706,2026-01-30,C-0272,EU,UK & Ireland,Software,Partner,70,742.78,0.3500,33796.49,15789.90
O-05707,2026-01-30,C-0525,EU,Benelux & Nordics,Hardware,Direct,1,382.87,0.3500,248.87,251.11
O-05708,2026-01-30,C-0279,US,US East,Hardware,Direct,13,2134.95,0.3500,18040.33,17991.35
O-05709,2026-01-30,C-0761,US,US West,Support & CS,Partner,4,548.56,0.3500,1426.26,1219.68
O-05710,2026-01-30,C-0146,US,US West,Software,Online,25,875.03,0.2361,16711.39,6497.25
O-05711,2026-01-30,C-0305,EU,UK & Ireland,Software,Online,71,290.03,0.2711,15009.43,6181.26
O-05712,2026-01-30,C-0458,EU,Benelux & Nordics,Hardware,Partner,7,1497.48,0.3338,6983.33,7129.29
O-05713,2026-01-30,C-0461,EU,Benelux & Nordics,Hardware,Partner,14,3450.25,0.3410,31830.66,32472.86
O-05714,2026-01-30,C-0782,EU,Benelux & Nordics,Hardware,Partner,10,633.80,0.3427,4166.08,4356.10
O-05715,2026-01-30,C-0408,US,US East,Hardware,Partner,1,3501.39,0.3500,2275.90,2257.16
O-05716,2026-01-30,C-0431,EU,DACH,Support & CS,Online,9,309.06,0.2465,2096.00,1567.35
O-05717,2026-01-30,C-0315,APAC,Japan,Software,Online,61,305.05,0.2771,13452.54,5707.16
O-05718,2026-01-30,C-0353,APAC,Japan,Software,Direct,61,735.97,0.3500,29181.21,13579.21
O-05719,2026-01-30,C-0399,EU,DACH,Support & CS,Direct,9,814.10,0.3500,4762.49,4084.29
O-05720,2026-01-30,C-0262,EU,DACH,Hardware,Partner,4,3687.45,0.3500,9587.37,10070.12
O-05721,2026-01-30,C-0789,APAC,Greater China,Software,Partner,52,558.26,0.3500,18869.19,8758.36
O-05722,2026-01-30,C-0133,US,US West,Hardware,Partner,2,2716.95,0.3449,3559.51,3529.04
O-05723,2026-01-30,C-0356,US,US West,Services,Online,21,428.20,0.2440,6798.16,5330.22
O-05724,2026-01-30,C-0605,EU,Benelux & Nordics,Services,Partner,29,289.33,0.3500,5453.87,5387.91
O-05725,2026-01-30,C-0459,EU,UK & Ireland,Support & CS,Partner,4,857.19,0.3463,2241.46,1895.92
O-05726,2026-01-30,C-0036,EU,DACH,Hardware,Partner,5,2610.02,0.3343,8687.26,8857.45
O-05727,2026-01-30,C-0471,US,US East,Support & CS,Partner,1,2107.93,0.3450,1380.65,1148.54
O-05728,2026-01-30,C-0641,APAC,Greater China,Support & CS,Partner,8,1014.04,0.3483,5286.71,4377.04
O-05729,2026-01-31,C-0158,US,US West,Hardware,Partner,3,1664.97,0.3500,3246.69,3285.15
O-05730,2026-01-31,C-0190,EU,Benelux & Nordics,Support & CS,Partner,10,809.60,0.3443,5308.19,4469.10
O-05731,2026-01-31,C-0400,EU,UK & Ireland,Hardware,Partner,14,1892.85,0.3392,17511.23,18015.06
O-05732,2026-01-31,C-0379,APAC,Greater China,Hardware,Online,11,1103.72,0.2749,8803.42,8001.18
O-05733,2026-01-31,C-0131,EU,DACH,Services,Online,32,584.03,0.2467,14077.87,11437.76
O-05734,2026-01-31,C-0227,US,US East,Support & CS,Direct,8,541.68,0.3500,2816.74,2357.68
O-05735,2026-01-31,C-0050,EU,Southern Europe,Hardware,Partner,4,3774.51,0.3350,10040.40,9861.32
O-05736,2026-01-31,C-0595,EU,Benelux & Nordics,Hardware,Partner,17,1467.33,0.3370,16538.89,16768.29
O-05737,2026-01-31,C-0656,APAC,Greater China,Support & CS,Partner,4,473.10,0.3500,1230.06,1075.00
O-05738,2026-01-31,C-0452,APAC,Southeast Asia,Services,Direct,40,428.67,0.3500,11145.42,10865.60
O-05739,2026-01-31,C-0002,APAC,Japan,Services,Online,45,392.65,0.2662,12965.76,10944.00
O-05740,2026-01-31,C-0158,US,US West,Hardware,Partner,10,760.48,0.3500,4943.12,5068.90
O-05741,2026-01-31,C-0195,APAC,Southeast Asia,Support & CS,Direct,6,765.71,0.3500,2986.27,2534.10
O-05742,2026-01-31,C-0666,US,US East,Hardware,Partner,12,2578.44,0.3385,20468.19,20361.84
O-05743,2026-01-31,C-0762,EU,Benelux & Nordics,Services,Online,25,277.20,0.2466,5220.98,4327.75
O-05744,2026-01-31,C-0590,US,US East,Software,Partner,55,851.81,0.3372,31050.72,14184.50
O-05745,2026-01-31,C-0249,EU,DACH,Services,Direct,18,450.46,0.3500,5270.38,4950.54
O-05746,2026-01-31,C-0275,EU,UK & Ireland,Software,Partner,10,536.57,0.3375,3554.55,1621.10
O-05747,2026-01-31,C-0505,APAC,Greater China,Hardware,Partner,4,3877.17,0.3491,10095.01,10121.92
O-05748,2026-01-31,C-0369,EU,Southern Europe,Hardware,Direct,6,918.63,0.3500,3582.66,3674.76
O-05749,2026-01-31,C-0719,APAC,Southeast Asia,Software,Partner,80,120.01,0.3471,6268.18,2871.20
O-05750,2026-01-31,C-0521,EU,DACH,Support & CS,Partner,11,354.68,0.3500,2535.96,2193.18
O-05751,2026-01-31,C-0708,EU,DACH,Services,Partner,15,266.91,0.3356,2660.04,2456.10
O-05752,2026-01-31,C-0506,US,US East,Software,Partner,76,109.99,0.3301,5599.60,2511.80
O-05753,2026-01-31,C-0719,APAC,Southeast Asia,Services,Online,39,525.62,0.2617,15134.72,12962.82
O-05754,2026-01-31,C-0087,US,US West,Services,Partner,23,360.83,0.3389,5486.36,5087.14
O-05755,2026-01-31,C-0125,EU,DACH,Software,Partner,59,684.58,0.3485,26315.95,12146.33
O-05756,2026-01-31,C-0704,US,US West,Hardware,Direct,15,1621.42,0.3500,15808.85,15934.20
O-05757,2026-02-01,C-0691,US,US East,Support & CS,Partner,9,752.37,0.3500,4401.36,3644.19
O-05758,2026-02-01,C-0581,APAC,Southeast Asia,Hardware,Direct,2,670.67,0.3500,871.87,878.90
O-05759,2026-02-01,C-0067,EU,UK & Ireland,Hardware,Direct,6,3648.60,0.3500,14229.54,14488.44
O-05760,2026-02-01,C-0060,EU,DACH,Software,Partner,119,658.72,0.3500,50951.99,23495.36
O-05761,2026-02-01,C-0520,APAC,ANZ,Software,Direct,17,825.27,0.3500,9119.23,4230.62
O-05762,2026-02-01,C-0115,US,US East,Software,Direct,94,396.07,0.3500,24199.88,11151.22
O-05763,2026-02-01,C-0793,US,US East,Hardware,Partner,1,1837.19,0.3500,1194.17,1163.73
O-05764,2026-02-01,C-0794,APAC,ANZ,Hardware,Online,13,1203.85,0.2392,11907.20,10360.87
O-05765,2026-02-01,C-0741,APAC,Greater China,Support & CS,Direct,1,833.85,0.3500,542.00,460.68
O-05766,2026-02-01,C-0463,EU,UK & Ireland,Software,Direct,54,305.94,0.3500,10738.49,5111.10
O-05767,2026-02-01,C-0229,US,US West,Software,Online,35,113.65,0.2503,2982.19,1203.30
O-05768,2026-02-01,C-0365,APAC,ANZ,Hardware,Partner,1,3668.77,0.3500,2384.70,2496.26
O-05769,2026-02-01,C-0533,APAC,Japan,Hardware,Partner,6,4002.05,0.3500,15608.00,15676.32
O-05770,2026-02-01,C-0777,EU,UK & Ireland,Software,Partner,9,870.82,0.3500,5094.30,2422.35
O-05771,2026-02-01,C-0022,APAC,Southeast Asia,Software,Direct,117,69.68,0.3500,5299.16,2423.07
O-05772,2026-02-01,C-0386,US,US East,Support & CS,Direct,10,670.47,0.3500,4358.06,3736.20
O-05773,2026-02-01,C-0291,EU,UK & Ireland,Services,Online,20,395.27,0.2383,6021.90,5049.80
O-05774,2026-02-01,C-0618,EU,DACH,Software,Partner,105,630.73,0.3500,43047.32,20083.35
O-05775,2026-02-01,C-0226,EU,UK & Ireland,Services,Online,24,409.48,0.2569,7303.32,6195.84
O-05776,2026-02-01,C-0572,EU,Southern Europe,Software,Partner,60,433.39,0.3426,17093.88,7842.00
O-05777,2026-02-01,C-0098,EU,DACH,Software,Partner,28,631.09,0.3344,11761.35,5416.04
O-05778,2026-02-01,C-0583,EU,Benelux & Nordics,Hardware,Online,8,1741.82,0.2432,10545.86,9189.04
O-05779,2026-02-01,C-0435,APAC,Japan,Services,Partner,13,590.31,0.3426,5044.93,4682.73
O-05780,2026-02-01,C-0206,APAC,Japan,Hardware,Direct,14,2656.34,0.3500,24172.69,25141.90
O-05781,2026-02-01,C-0681,EU,DACH,Hardware,Online,17,4096.97,0.2634,51303.03,46735.21
O-05782,2026-02-02,C-0642,EU,DACH,Services,Partner,8,420.64,0.3500,2187.33,2099.76
O-05783,2026-02-02,C-0667,US,US West,Software,Partner,70,686.18,0.3500,31221.19,14113.40
O-05784,2026-02-02,C-0056,US,US East,Hardware,Partner,11,1215.58,0.3403,8820.81,8510.26
O-05785,2026-02-02,C-0467,US,US Central,Hardware,Partner,15,867.46,0.3500,8457.74,8528.55
O-05786,2026-02-02,C-0120,EU,Benelux & Nordics,Services,Direct,16,315.77,0.3500,3284.01,3201.44
O-05787,2026-02-02,C-0424,EU,Benelux & Nordics,Hardware,Direct,8,2828.05,0.3500,14705.86,15189.36
O-05788,2026-02-02,C-0024,EU,UK & Ireland,Software,Partner,11,60.53,0.3323,444.58,200.86
O-05789,2026-02-02,C-0055,EU,UK & Ireland,Hardware,Direct,1,785.04,0.3500,510.28,523.62
O-05790,2026-02-02,C-0154,APAC,Southeast Asia,Hardware,Partner,6,3795.01,0.3359,15121.74,15001.56
O-05791,2026-02-02,C-0296,EU,Southern Europe,Support & CS,Partner,2,1470.37,0.3500,1911.48,1627.56
O-05792,2026-02-02,C-0249,EU,DACH,Software,Partner,51,212.49,0.3489,7055.51,3393.54
O-05793,2026-02-02,C-0474,APAC,Southeast Asia,Software,Direct,64,822.67,0.3500,34223.07,15943.68
O-05794,2026-02-02,C-0099,US,US East,Support & CS,Partner,7,633.94,0.3500,2884.43,2389.17
O-05795,2026-02-02,C-0747,APAC,Greater China,Software,Partner,70,68.88,0.3401,3181.95,1470.00
O-05796,2026-02-02,C-0622,US,US East,Software,Direct,37,571.43,0.3500,13742.89,6227.84
O-05797,2026-02-02,C-0152,EU,DACH,Services,Direct,33,540.39,0.3500,11591.37,10909.80
O-05798,2026-02-02,C-0076,APAC,Southeast Asia,Services,Partner,3,312.72,0.3363,622.61,569.88
O-05799,2026-02-02,C-0597,APAC,ANZ,Hardware,Direct,16,3894.41,0.3500,40501.86,42436.80
O-05800,2026-02-02,C-0513,US,US East,Software,Online,63,220.64,0.2541,10368.68,4163.67
O-05801,2026-02-02,C-0713,US,US Central,Support & CS,Direct,8,2093.10,0.3500,10884.12,9296.08
O-05802,2026-02-02,C-0377,EU,DACH,Services,Online,7,646.81,0.2719,3296.38,2811.97
O-05803,2026-02-02,C-0688,US,US East,Support & CS,Online,6,387.48,0.2626,1714.30,1287.06
O-05804,2026-02-02,C-0020,APAC,ANZ,Software,Direct,5,766.86,0.3500,2492.30,1144.45
O-05805,2026-02-02,C-0578,APAC,ANZ,Hardware,Partner,17,3398.95,0.3448,37859.76,39402.60
O-05806,2026-02-02,C-0209,EU,UK & Ireland,Software,Partner,42,329.85,0.3500,9004.91,4229.82
O-05807,2026-02-02,C-0144,EU,Benelux & Nordics,Support & CS,Direct,12,848.98,0.3500,6622.04,5532.72
O-05808,2026-02-02,C-0468,EU,Southern Europe,Services,Partner,16,639.33,0.3333,6819.66,6580.32
O-05809,2026-02-02,C-0368,EU,DACH,Hardware,Partner,14,2701.69,0.3320,25265.03,24870.16
O-05810,2026-02-03,C-0684,US,US East,Hardware,Partner,5,2232.24,0.3310,7467.37,7433.15
O-05811,2026-02-03,C-0178,EU,DACH,Software,Partner,7,462.80,0.3456,2120.06,978.32
O-05812,2026-02-03,C-0149,EU,Southern Europe,Services,Direct,8,315.88,0.3500,1642.58,1592.40
O-05813,2026-02-03,C-0431,EU,DACH,Support & CS,Direct,1,2295.51,0.3500,1492.08,1260.69
O-05814,2026-02-03,C-0032,EU,Southern Europe,Software,Direct,84,283.23,0.3500,15464.36,7329.84
O-05815,2026-02-03,C-0107,US,US Central,Services,Partner,45,257.11,0.3500,7520.47,7173.00
O-05816,2026-02-03,C-0781,APAC,Greater China,Software,Partner,58,738.17,0.3500,27829.01,12559.90
O-05817,2026-02-03,C-0256,US,US Central,Hardware,Direct,6,3207.79,0.3500,12510.38,12660.42
O-05818,2026-02-03,C-0029,US,US West,Hardware,Direct,12,1898.85,0.3500,14811.03,14372.76
O-05819,2026-02-03,C-0363,EU,DACH,Hardware,Partner,8,3643.82,0.3500,18947.86,19059.60
O-05820,2026-02-03,C-0044,US,US West,Services,Partner,22,468.35,0.3500,6697.41,6213.24
O-05821,2026-02-03,C-0382,EU,DACH,Hardware,Partner,8,3477.41,0.3311,18607.00,18309.28
O-05822,2026-02-03,C-0437,US,US West,Software,Partner,87,701.86,0.3500,39690.18,18029.88
O-05823,2026-02-03,C-0344,EU,UK & Ireland,Services,Direct,41,597.70,0.3500,15928.71,15681.27
O-05824,2026-02-03,C-0135,APAC,Southeast Asia,Support & CS,Online,12,265.59,0.2391,2425.05,1765.56
O-05825,2026-02-03,C-0282,APAC,Southeast Asia,Hardware,Partner,6,795.80,0.3469,3118.41,3259.32
O-05826,2026-02-03,C-0258,EU,UK & Ireland,Software,Partner,57,502.35,0.3500,18612.07,8911.38
O-05827,2026-02-03,C-0143,US,US Central,Services,Online,18,203.09,0.2786,2637.23,2180.70
O-05828,2026-02-03,C-0641,APAC,Greater China,Hardware,Partner,3,2719.38,0.3500,5302.79,5263.11
O-05829,2026-02-03,C-0077,EU,UK & Ireland,Support & CS,Partner,2,655.34,0.3379,867.87,730.28
O-05830,2026-02-03,C-0469,EU,UK & Ireland,Hardware,Partner,12,1579.47,0.3451,12413.42,12604.08
O-05831,2026-02-03,C-0371,EU,Benelux & Nordics,Software,Direct,109,536.64,0.3500,38020.94,17620.94
O-05832,2026-02-03,C-0017,US,US Central,Services,Partner,32,468.10,0.3500,9736.48,9328.00
O-05833,2026-02-03,C-0112,EU,UK & Ireland,Services,Partner,18,177.65,0.3500,2078.51,2068.38
O-05834,2026-02-03,C-0378,EU,Benelux & Nordics,Services,Direct,10,184.72,0.3500,1200.68,1148.50
O-05835,2026-02-03,C-0588,EU,DACH,Software,Direct,78,783.92,0.3500,39744.74,18883.02
O-05836,2026-02-03,C-0365,APAC,ANZ,Hardware,Partner,17,1103.41,0.3398,12384.09,12402.01
O-05837,2026-02-03,C-0284,EU,Southern Europe,Software,Partner,57,818.90,0.3500,30340.24,13841.31
O-05838,2026-02-03,C-0164,US,US West,Software,Partner,77,453.32,0.3395,23055.47,10194.03
O-05839,2026-02-04,C-0681,EU,DACH,Software,Partner,50,164.00,0.3500,5330.00,2563.00
O-05840,2026-02-04,C-0067,EU,UK & Ireland,Hardware,Direct,11,2015.31,0.3500,14409.47,14649.25
O-05841,2026-02-04,C-0571,APAC,Southeast Asia,Software,Direct,83,108.08,0.3500,5830.92,2676.75
O-05842,2026-02-04,C-0405,EU,DACH,Hardware,Partner,8,1203.83,0.3500,6259.92,6281.76
O-05843,2026-02-04,C-0520,APAC,ANZ,Software,Partner,93,574.71,0.3500,34741.22,15891.84
O-05844,2026-02-04,C-0212,APAC,ANZ,Support & CS,Online,4,1365.34,0.2547,4070.29,2967.40
O-05845,2026-02-04,C-0093,US,US West,Hardware,Partner,11,1908.87,0.3430,13794.64,13801.59
O-05846,2026-02-04,C-0540,US,US Central,Software,Partner,109,834.81,0.3500,59146.29,27328.48
O-05847,2026-02-04,C-0442,APAC,Japan,Software,Partner,99,812.86,0.3500,52307.54,24853.95
O-05848,2026-02-04,C-0164,US,US West,Software,Partner,20,170.72,0.3361,2266.74,996.00
O-05849,2026-02-04,C-0219,EU,Benelux & Nordics,Hardware,Direct,2,3916.89,0.3500,5091.96,5175.34
O-05850,2026-02-04,C-0670,APAC,Greater China,Services,Partner,13,618.93,0.3304,5387.80,5138.64
O-05851,2026-02-04,C-0055,EU,UK & Ireland,Support & CS,Online,10,772.51,0.2478,5810.46,4278.40
O-05852,2026-02-04,C-0091,EU,DACH,Services,Partner,24,538.02,0.3500,8393.11,8264.40
O-05853,2026-02-04,C-0221,APAC,ANZ,Hardware,Partner,16,3222.14,0.3500,33510.26,33776.00
O-05854,2026-02-04,C-0070,US,US West,Software,Partner,85,263.86,0.3500,14578.27,6432.80
O-05855,2026-02-04,C-0694,EU,UK & Ireland,Hardware,Online,7,3845.17,0.2624,19853.24,18539.92
O-05856,2026-02-04,C-0622,US,US East,Software,Direct,51,709.69,0.3500,23526.22,10949.70
O-05857,2026-02-04,C-0702,EU,DACH,Hardware,Partner,11,1644.99,0.3500,11761.68,12095.93
O-05858,2026-02-04,C-0248,US,US Central,Software,Partner,51,788.74,0.3309,26915.59,12064.05
O-05859,2026-02-04,C-0715,EU,UK & Ireland,Services,Direct,14,137.67,0.3500,1252.80,1226.26
O-05860,2026-02-04,C-0643,EU,DACH,Hardware,Direct,11,537.81,0.3500,3845.34,4033.26
O-05861,2026-02-04,C-0335,US,US West,Software,Partner,101,108.19,0.3500,7102.67,3246.14
O-05862,2026-02-04,C-0206,APAC,Japan,Hardware,Direct,13,580.54,0.3500,4905.56,4876.82
O-05863,2026-02-04,C-0356,US,US West,Software,Partner,17,782.24,0.3343,8852.87,3913.57
O-05864,2026-02-04,C-0024,EU,UK & Ireland,Software,Partner,62,702.46,0.3500,28309.14,13289.08
O-05865,2026-02-04,C-0180,EU,UK & Ireland,Services,Partner,32,491.44,0.3377,10415.49,9658.56
O-05866,2026-02-04,C-0518,APAC,Southeast Asia,Services,Partner,8,479.98,0.3491,2499.48,2441.76
O-05867,2026-02-04,C-0606,US,US West,Software,Direct,106,94.14,0.3500,6486.25,2947.86
O-05868,2026-02-04,C-0636,APAC,Japan,Support & CS,Partner,5,1578.97,0.3490,5139.42,4276.90
O-05869,2026-02-04,C-0771,EU,UK & Ireland,Hardware,Partner,13,736.27,0.3331,6383.48,6411.73
O-05870,2026-02-04,C-0305,EU,UK & Ireland,Hardware,Partner,11,552.65,0.3497,3953.05,4041.84
O-05871,2026-02-04,C-0044,US,US West,Support & CS,Direct,11,1910.96,0.3500,13663.36,11437.91
O-05872,2026-02-05,C-0666,US,US East,Support & CS,Partner,10,453.68,0.3468,2963.25,2394.00
O-05873,2026-02-05,C-0486,EU,UK & Ireland,Services,Partner,4,640.01,0.3467,1672.58,1642.72
O-05874,2026-02-05,C-0136,EU,UK & Ireland,Services,Online,9,399.08,0.2647,2640.97,2260.80
O-05875,2026-02-05,C-0325,US,US East,Support & CS,Partner,9,2339.82,0.3500,13687.95,11386.44
O-05876,2026-02-05,C-0150,US,US Central,Hardware,Partner,17,1557.72,0.3468,17296.42,17653.31
O-05877,2026-02-05,C-0515,APAC,Southeast Asia,Services,Direct,4,360.16,0.3500,936.42,917.20
O-05878,2026-02-05,C-0153,EU,DACH,Hardware,Partner,11,3693.67,0.3335,27081.68,26410.78
O-05879,2026-02-05,C-0517,EU,UK & Ireland,Hardware,Online,4,393.14,0.2342,1204.30,1040.52
O-05880,2026-02-05,C-0561,US,US West,Support & CS,Partner,1,1123.16,0.3500,730.05,623.78
O-05881,2026-02-05,C-0153,EU,DACH,Software,Partner,43,712.47,0.3500,19913.54,9168.46
O-05882,2026-02-05,C-0305,EU,UK & Ireland,Software,Partner,105,357.39,0.3365,24899.96,11373.60
O-05883,2026-02-05,C-0351,EU,UK & Ireland,Hardware,Direct,11,1876.71,0.3500,13418.48,13474.56
O-05884,2026-02-05,C-0219,EU,Benelux & Nordics,Support & CS,Partner,3,2171.58,0.3500,4234.58,3719.58
O-05885,2026-02-05,C-0729,US,US East,Services,Partner,35,199.29,0.3341,4644.95,4270.00
O-05886,2026-02-05,C-0400,EU,UK & Ireland,Support & CS,Partner,11,824.07,0.3500,5892.10,4997.19
O-05887,2026-02-05,C-0500,US,US West,Hardware,Direct,10,3352.27,0.3500,21789.75,22422.60
O-05888,2026-02-05,C-0216,APAC,Japan,Support & CS,Direct,3,2232.22,0.3500,4352.83,3706.98
O-05889,2026-02-05,C-0320,US,US East,Software,Direct,15,835.55,0.3500,8146.61,3768.00
O-05890,2026-02-05,C-0749,EU,DACH,Support & CS,Online,10,1982.96,0.2373,15123.30,10959.10
O-05891,2026-02-05,C-0174,APAC,Southeast Asia,Hardware,Direct,4,478.53,0.3500,1244.18,1273.36
O-05892,2026-02-05,C-0380,US,US West,Software,Partner,59,110.84,0.3500,4250.71,1935.79
O-05893,2026-02-05,C-0168,US,US Central,Software,Partner,32,733.86,0.3377,15553.11,6900.80
O-05894,2026-02-05,C-0466,US,US East,Software,Partner,28,855.86,0.3500,15576.65,7041.44
O-05895,2026-02-05,C-0719,APAC,Southeast Asia,Software,Direct,73,549.13,0.3500,26056.22,12026.75
O-05896,2026-02-05,C-0659,EU,Benelux & Nordics,Hardware,Direct,7,835.48,0.3500,3801.43,3937.43
O-05897,2026-02-05,C-0291,EU,UK & Ireland,Support & CS,Online,9,646.27,0.2492,4366.98,3341.79
O-05898,2026-02-05,C-0573,APAC,Southeast Asia,Services,Direct,9,595.96,0.3500,3486.37,3306.87
O-05899,2026-02-05,C-0181,US,US East,Hardware,Direct,1,600.64,0.3500,390.42,388.31
O-05900,2026-02-05,C-0367,APAC,Southeast Asia,Software,Partner,38,785.69,0.3344,19873.39,8960.40
O-05901,2026-02-06,C-0615,US,US East,Support & CS,Partner,8,2219.75,0.3500,11542.70,9704.48
O-05902,2026-02-06,C-0587,EU,UK & Ireland,Hardware,Direct,1,971.13,0.3500,631.23,649.36
O-05903,2026-02-06,C-0102,US,US East,Hardware,Partner,2,2608.26,0.3500,3390.74,3422.66
O-05904,2026-02-06,C-0352,US,US West,Hardware,Partner,17,2816.29,0.3409,31555.07,30659.67
O-05905,2026-02-06,C-0243,EU,DACH,Services,Partner,10,434.26,0.3392,2869.61,2666.40
O-05906,2026-02-06,C-0789,APAC,Greater China,Hardware,Direct,12,2316.89,0.3500,18071.74,18111.36
O-05907,2026-02-06,C-0548,US,US Central,Hardware,Direct,11,1446.97,0.3500,10345.84,10357.93
O-05908,2026-02-06,C-0377,EU,DACH,Support & CS,Partner,2,880.02,0.3500,1144.03,1003.64
O-05909,2026-02-06,C-0102,US,US East,Services,Online,33,185.00,0.2404,4637.60,3796.65
O-05910,2026-02-06,C-0272,EU,UK & Ireland,Software,Direct,37,402.96,0.3500,9691.19,4603.54
O-05911,2026-02-06,C-0208,US,US East,Software,Partner,116,394.59,0.3354,30420.34,13553.44
O-05912,2026-02-06,C-0219,EU,Benelux & Nordics,Software,Partner,21,266.56,0.3500,3638.54,1693.44
O-05913,2026-02-06,C-0301,US,US Central,Services,Online,42,409.93,0.2514,12887.87,10300.08
O-05914,2026-02-06,C-0746,US,US West,Software,Partner,76,274.91,0.3500,13580.55,6180.32
O-05915,2026-02-06,C-0607,APAC,Japan,Hardware,Direct,14,517.26,0.3500,4707.07,4692.38
O-05916,2026-02-06,C-0452,APAC,Southeast Asia,Services,Direct,15,239.22,0.3500,2332.39,2246.40
O-05917,2026-02-06,C-0052,EU,Benelux & Nordics,Services,Partner,8,246.76,0.3403,1302.31,1216.88
O-05918,2026-02-06,C-0222,US,US Central,Hardware,Direct,17,3589.49,0.3500,39663.86,38986.95
O-05919,2026-02-06,C-0365,APAC,ANZ,Hardware,Partner,13,1652.75,0.3395,14192.36,14327.04
O-05920,2026-02-06,C-0756,US,US West,Software,Online,5,631.21,0.2583,2340.99,921.95
O-05921,2026-02-06,C-0642,EU,DACH,Software,Direct,48,65.57,0.3500,2045.78,960.96
O-05922,2026-02-06,C-0775,US,US East,Services,Partner,41,201.93,0.3500,5381.43,5207.41
O-05923,2026-02-06,C-0472,EU,Southern Europe,Hardware,Partner,12,3194.63,0.3389,25343.76,25377.84
O-05924,2026-02-06,C-0409,US,US East,Hardware,Online,7,843.63,0.2453,4456.96,3784.83
O-05925,2026-02-06,C-0683,US,US East,Support & CS,Partner,7,2004.33,0.3500,9119.70,7678.86
O-05926,2026-02-06,C-0684,US,US East,Software,Partner,81,133.65,0.3500,7036.67,3206.79
O-05927,2026-02-06,C-0070,US,US West,Hardware,Partner,7,893.74,0.3451,4097.44,4042.78
O-05928,2026-02-07,C-0380,US,US West,Support & CS,Partner,9,1005.89,0.3500,5884.46,4894.20
O-05929,2026-02-07,C-0517,EU,UK & Ireland,Hardware,Partner,7,2227.44,0.3470,10181.28,10641.89
O-05930,2026-02-07,C-0340,EU,DACH,Hardware,Partner,11,2555.02,0.3500,18268.39,18557.33
O-05931,2026-02-07,C-0548,US,US Central,Services,Partner,1,509.36,0.3310,340.78,308.84
O-05932,2026-02-07,C-0784,US,US Central,Hardware,Partner,3,3474.57,0.3500,6775.41,6807.90
O-05933,2026-02-07,C-0565,EU,Southern Europe,Hardware,Partner,1,468.31,0.3316,313.00,311.86
O-05934,2026-02-07,C-0010,APAC,Southeast Asia,Support & CS,Direct,4,1458.79,0.3500,3792.85,3210.24
O-05935,2026-02-07,C-0273,EU,DACH,Support & CS,Direct,11,529.79,0.3500,3788.00,3347.74
O-05936,2026-02-07,C-0026,EU,Southern Europe,Hardware,Direct,7,2309.42,0.3500,10507.86,10583.44
O-05937,2026-02-07,C-0651,US,US Central,Hardware,Partner,18,2024.77,0.3356,24212.87,24364.44
O-05938,2026-02-07,C-0352,US,US West,Support & CS,Partner,8,1648.50,0.3362,8753.58,7088.72
O-05939,2026-02-07,C-0642,EU,DACH,Hardware,Direct,3,2800.56,0.3500,5461.09,5642.37
O-05940,2026-02-07,C-0446,EU,Southern Europe,Services,Direct,39,544.07,0.3500,13792.17,13677.30
O-05941,2026-02-07,C-0219,EU,Benelux & Nordics,Services,Partner,14,185.44,0.3500,1687.50,1610.00
O-05942,2026-02-07,C-0444,EU,DACH,Support & CS,Direct,6,916.47,0.3500,3574.23,3030.66
O-05943,2026-02-07,C-0363,EU,DACH,Services,Partner,19,645.56,0.3466,8014.09,7784.30
O-05944,2026-02-07,C-0196,APAC,Japan,Support & CS,Direct,10,619.77,0.3500,4028.51,3401.70
O-05945,2026-02-07,C-0569,EU,UK & Ireland,Software,Partner,32,678.33,0.3345,14445.99,6802.88
O-05946,2026-02-07,C-0029,US,US West,Services,Partner,12,135.85,0.3500,1059.63,1018.68
O-05947,2026-02-07,C-0440,EU,UK & Ireland,Hardware,Online,9,2929.56,0.2761,19085.61,17703.00
O-05948,2026-02-07,C-0018,EU,DACH,Software,Partner,35,437.02,0.3384,10119.38,4673.90
O-05949,2026-02-07,C-0575,US,US West,Support & CS,Partner,10,1659.94,0.3316,11094.54,8776.80
O-05950,2026-02-07,C-0740,APAC,ANZ,Services,Partner,27,241.12,0.3500,4231.66,3987.90
O-05951,2026-02-07,C-0690,US,US Central,Hardware,Online,16,1365.78,0.2601,16167.83,13827.68
O-05952,2026-02-08,C-0725,EU,Southern Europe,Hardware,Partner,5,3203.05,0.3416,10543.65,10453.15
O-05953,2026-02-08,C-0017,US,US Central,Software,Partner,15,512.27,0.3500,4994.63,2293.95
O-05954,2026-02-08,C-0400,EU,UK & Ireland,Services,Partner,18,288.11,0.3473,3384.93,3181.32
O-05955,2026-02-08,C-0210,EU,Southern Europe,Software,Partner,64,631.98,0.3500,26290.37,12160.64
O-05956,2026-02-08,C-0790,EU,UK & Ireland,Hardware,Partner,16,1799.84,0.3500,18718.34,18969.92
O-05957,2026-02-08,C-0417,US,US West,Software,Direct,101,265.57,0.3500,17434.67,7828.51
O-05958,2026-02-08,C-0289,US,US West,Hardware,Partner,8,2392.62,0.3500,12441.62,12793.04
O-05959,2026-02-08,C-0223,EU,DACH,Services,Partner,37,193.95,0.3500,4664.50,4436.30
O-05960,2026-02-08,C-0169,EU,Benelux & Nordics,Services,Partner,24,292.31,0.3500,4560.04,4457.04
O-05961,2026-02-08,C-0076,APAC,Southeast Asia,Software,Partner,31,452.35,0.3500,9114.85,4288.54
O-05962,2026-02-08,C-0542,US,US West,Services,Partner,9,136.69,0.3500,799.64,761.40
O-05963,2026-02-08,C-0477,EU,UK & Ireland,Support & CS,Partner,10,1265.20,0.3500,8223.80,7017.60
O-05964,2026-02-08,C-0130,EU,Southern Europe,Support & CS,Direct,8,1793.05,0.3500,9323.86,8085.52
O-05965,2026-02-08,C-0028,APAC,Greater China,Hardware,Partner,5,3050.76,0.3488,9932.61,10236.80
O-05966,2026-02-08,C-0262,EU,DACH,Support & CS,Direct,7,1060.79,0.3500,4826.59,4170.11
O-05967,2026-02-08,C-0656,APAC,Greater China,Software,Direct,95,165.86,0.3500,10241.86,4702.50
O-05968,2026-02-08,C-0585,US,US West,Software,Online,80,707.19,0.2555,42122.56,16499.20
O-05969,2026-02-08,C-0050,EU,Southern Europe,Hardware,Partner,6,3396.49,0.3500,13246.31,13457.04
O-05970,2026-02-08,C-0108,APAC,Greater China,Services,Partner,17,479.54,0.3500,5298.92,4936.12
O-05971,2026-02-08,C-0732,APAC,Japan,Hardware,Direct,2,3032.02,0.3500,3941.63,4090.04
O-05972,2026-02-08,C-0144,EU,Benelux & Nordics,Software,Online,60,418.15,0.2399,19070.80,7668.60
O-05973,2026-02-08,C-0655,EU,DACH,Services,Partner,35,487.21,0.3500,11084.03,10588.90
O-05974,2026-02-08,C-0180,EU,UK & Ireland,Software,Direct,44,765.69,0.3500,21898.73,10426.68
O-05975,2026-02-08,C-0501,US,US West,Software,Partner,49,721.64,0.3358,23487.87,10282.16
O-05976,2026-02-08,C-0387,US,US Central,Hardware,Partner,5,1591.99,0.3395,5257.71,5065.70
O-05977,2026-02-08,C-0525,EU,Benelux & Nordics,Hardware,Direct,4,3142.77,0.3500,8171.20,8605.76
O-05978,2026-02-08,C-0527,US,US West,Hardware,Direct,4,804.24,0.3500,2091.02,2100.44
O-05979,2026-02-08,C-0630,US,US Central,Services,Partner,11,456.89,0.3500,3266.76,3121.03
O-05980,2026-02-08,C-0087,US,US West,Hardware,Direct,12,3319.50,0.3500,25892.10,26112.36
O-05981,2026-02-08,C-0796,APAC,Southeast Asia,Software,Online,99,90.48,0.2694,6544.31,2759.13
O-05982,2026-02-08,C-0285,US,US West,Services,Direct,4,459.57,0.3500,1194.88,1127.16
O-05983,2026-02-08,C-0395,US,US West,Services,Partner,31,524.89,0.3500,10576.53,9801.89
O-05984,2026-02-08,C-0555,APAC,Southeast Asia,Support & CS,Direct,9,758.28,0.3500,4435.94,3662.46
O-05985,2026-02-08,C-0520,APAC,ANZ,Software,Partner,40,370.55,0.3500,9634.30,4495.20
O-05986,2026-02-08,C-0723,EU,UK & Ireland,Services,Direct,13,407.60,0.3500,3444.22,3311.23
O-05987,2026-02-08,C-0278,EU,Southern Europe,Software,Online,105,575.46,0.2501,45309.70,18247.95
O-05988,2026-02-09,C-0482,APAC,Greater China,Software,Partner,113,425.73,0.3459,31465.54,14791.70
O-05989,2026-02-09,C-0662,EU,DACH,Services,Online,21,264.70,0.2312,4273.33,3485.79
O-05990,2026-02-09,C-0260,APAC,ANZ,Software,Online,6,397.80,0.2458,1800.10,714.84
O-05991,2026-02-09,C-0041,US,US Central,Hardware,Partner,14,2257.71,0.3385,20907.89,21127.40
O-05992,2026-02-09,C-0332,EU,Benelux & Nordics,Hardware,Partner,5,3844.69,0.3440,12609.91,13018.90
O-05993,2026-02-09,C-0696,APAC,Greater China,Hardware,Partner,14,3786.96,0.3473,34606.11,35077.98
O-05994,2026-02-09,C-0120,EU,Benelux & Nordics,Support & CS,Partner,12,453.80,0.3500,3539.64,3110.64
O-05995,2026-02-09,C-0157,US,US West,Hardware,Direct,12,2373.46,0.3500,18512.99,18585.72
O-05996,2026-02-09,C-0164,US,US West,Software,Direct,96,153.05,0.3500,9550.32,4319.04
O-05997,2026-02-09,C-0321,EU,DACH,Hardware,Online,18,4005.82,0.2357,55112.68,48243.06
O-05998,2026-02-09,C-0110,EU,DACH,Services,Direct,8,194.17,0.3500,1009.68,1003.04
O-05999,2026-02-09,C-0405,EU,DACH,Software,Partner,45,464.24,0.3500,13579.02,6489.90
O-06000,2026-02-09,C-0369,EU,Southern Europe,Services,Partner,35,561.79,0.3479,12821.45,12079.90
O-06001,2026-02-09,C-0166,EU,UK & Ireland,Hardware,Direct,4,2566.34,0.3500,6672.48,6703.40
O-06002,2026-02-09,C-0196,APAC,Japan,Hardware,Direct,2,1077.30,0.3500,1400.49,1386.38
O-06003,2026-02-09,C-0431,EU,DACH,Hardware,Partner,4,2463.47,0.3500,6405.02,6774.68
O-06004,2026-02-09,C-0123,APAC,Japan,Software,Partner,111,450.42,0.3485,32570.32,15424.56
O-06005,2026-02-09,C-0048,EU,Southern Europe,Services,Partner,40,345.63,0.3500,8986.38,8839.20
O-06006,2026-02-09,C-0533,APAC,Japan,Hardware,Partner,18,2040.88,0.3301,24609.35,24013.80
O-06007,2026-02-09,C-0315,APAC,Japan,Hardware,Partner,3,865.95,0.3500,1688.60,1701.39
O-06008,2026-02-09,C-0138,EU,DACH,Services,Partner,38,481.38,0.3500,11890.09,11730.22
O-06009,2026-02-09,C-0704,US,US West,Services,Partner,14,237.46,0.3372,2203.37,2066.12
O-06010,2026-02-09,C-0157,US,US West,Services,Direct,30,295.37,0.3500,5759.72,5286.30
O-06011,2026-02-09,C-0665,APAC,Japan,Hardware,Partner,1,3883.09,0.3334,2588.64,2551.04
O-06012,2026-02-09,C-0326,EU,Benelux & Nordics,Services,Partner,7,320.75,0.3366,1489.58,1381.59
O-06013,2026-02-09,C-0527,US,US West,Software,Partner,83,725.59,0.3500,39147.09,18097.32
O-06014,2026-02-09,C-0224,US,US West,Hardware,Online,3,4078.86,0.2385,9318.23,8133.03
O-06015,2026-02-09,C-0061,US,US Central,Hardware,Partner,10,3238.00,0.3500,21047.00,20837.20
O-06016,2026-02-09,C-0725,EU,Southern Europe,Software,Partner,37,865.72,0.3432,21038.47,9924.88
O-06017,2026-02-09,C-0419,EU,UK & Ireland,Hardware,Direct,4,1511.13,0.3500,3928.94,4019.20
O-06018,2026-02-09,C-0317,US,US East,Services,Partner,12,347.97,0.3442,2738.40,2526.36
O-06019,2026-02-09,C-0657,US,US Central,Support & CS,Direct,11,1657.17,0.3500,11848.77,10073.03
O-06020,2026-02-09,C-0597,APAC,ANZ,Services,Partner,9,323.96,0.3409,1921.80,1810.62
O-06021,2026-02-09,C-0675,APAC,Japan,Services,Partner,14,412.72,0.3453,3783.14,3517.50
O-06022,2026-02-09,C-0715,EU,UK & Ireland,Hardware,Partner,8,2560.56,0.3313,13697.92,14121.84
O-06023,2026-02-09,C-0326,EU,Benelux & Nordics,Hardware,Partner,5,1937.97,0.3500,6298.40,6346.20
O-06024,2026-02-10,C-0547,EU,UK & Ireland,Services,Partner,26,328.23,0.3410,5623.94,5474.82
O-06025,2026-02-10,C-0031,US,US Central,Software,Online,119,513.46,0.2699,44607.35,17521.56
O-06026,2026-02-10,C-0549,EU,UK & Ireland,Hardware,Partner,18,1422.45,0.3442,16790.63,17361.00
O-06027,2026-02-10,C-0310,US,US Central,Hardware,Partner,17,1529.64,0.3500,16902.52,17224.23
O-06028,2026-02-10,C-0305,EU,UK & Ireland,Hardware,Online,7,2452.80,0.2751,12446.66,11552.03
O-06029,2026-02-10,C-0178,EU,DACH,Hardware,Partner,17,3228.92,0.3333,36596.15,37817.52
O-06030,2026-02-10,C-0646,EU,DACH,Support & CS,Partner,4,989.53,0.3500,2572.78,2271.44
O-06031,2026-02-10,C-0685,US,US East,Hardware,Partner,1,3015.57,0.3500,1960.12,1925.41
O-06032,2026-02-10,C-0443,US,US West,Support & CS,Partner,12,678.20,0.3500,5289.96,4281.96
O-06033,2026-02-10,C-0087,US,US West,Software,Direct,88,96.50,0.3500,5519.80,2543.20
O-06034,2026-02-10,C-0206,APAC,Japan,Support & CS,Direct,1,503.49,0.3500,327.27,278.24
O-06035,2026-02-10,C-0125,EU,DACH,Hardware,Partner,11,3594.55,0.3500,25701.03,25894.77
O-06036,2026-02-10,C-0014,US,US West,Hardware,Online,10,1573.43,0.2321,12082.18,10047.60
O-06037,2026-02-10,C-0387,US,US Central,Hardware,Direct,16,1754.94,0.3500,18251.38,18718.88
O-06038,2026-02-10,C-0242,APAC,Japan,Hardware,Partner,18,3819.12,0.3500,44683.70,44533.08
O-06039,2026-02-10,C-0278,EU,Southern Europe,Services,Partner,13,320.83,0.3500,2711.01,2668.25
O-06040,2026-02-10,C-0664,APAC,Japan,Software,Direct,5,107.47,0.3500,349.28,165.80
O-06041,2026-02-10,C-0353,APAC,Japan,Software,Direct,69,439.57,0.3500,19714.71,9170.10
O-06042,2026-02-10,C-0384,US,US West,Software,Direct,115,610.45,0.3500,45631.14,21300.30
O-06043,2026-02-10,C-0578,APAC,ANZ,Software,Direct,105,681.28,0.3500,46497.36,21077.70
O-06044,2026-02-10,C-0152,EU,DACH,Software,Direct,82,527.59,0.3500,28120.55,13013.40
O-06045,2026-02-10,C-0406,EU,Southern Europe,Hardware,Partner,8,1628.33,0.3500,8467.32,8851.76
O-06046,2026-02-10,C-0409,US,US East,Software,Partner,73,419.72,0.3500,19915.71,9189.24
O-06047,2026-02-10,C-0573,APAC,Southeast Asia,Software,Partner,59,492.68,0.3500,18894.28,8927.88
O-06048,2026-02-10,C-0401,US,US East,Hardware,Direct,4,496.83,0.3500,1291.76,1283.68
O-06049,2026-02-10,C-0741,APAC,Greater China,Services,Direct,31,376.73,0.3500,7591.11,7164.72
O-06050,2026-02-10,C-0007,EU,Southern Europe,Hardware,Partner,17,1627.59,0.3378,18323.47,18089.87
O-06051,2026-02-10,C-0268,EU,UK & Ireland,Support & CS,Online,7,2130.80,0.2608,11025.55,8334.41
O-06052,2026-02-10,C-0437,US,US West,Services,Direct,35,502.30,0.3500,11427.33,10656.80
O-06053,2026-02-10,C-0730,US,US West,Software,Direct,57,180.78,0.3500,6697.90,2971.41
O-06054,2026-02-10,C-0113,US,US East,Software,Partner,77,855.14,0.3500,42799.76,19721.24
O-06055,2026-02-10,C-0443,US,US West,Hardware,Partner,3,1089.13,0.3500,2123.80,2082.42
O-06056,2026-02-10,C-0175,EU,UK & Ireland,Hardware,Partner,1,1255.16,0.3500,815.85,836.56
O-06057,2026-02-10,C-0070,US,US West,Support & CS,Partner,11,1690.84,0.3500,12089.51,10185.89
O-06058,2026-02-10,C-0471,US,US East,Software,Online,87,675.37,0.2716,42798.37,17467.86
O-06059,2026-02-11,C-0021,EU,DACH,Hardware,Direct,3,2846.30,0.3500,5550.29,5852.31
O-06060,2026-02-11,C-0332,EU,Benelux & Nordics,Services,Partner,28,521.34,0.3500,9488.39,8943.76
O-06061,2026-02-11,C-0403,EU,DACH,Services,Partner,29,322.15,0.3500,6072.53,5759.11
O-06062,2026-02-11,C-0655,EU,DACH,Hardware,Online,1,1812.87,0.2781,1308.64,1233.32
O-06063,2026-02-11,C-0390,EU,Benelux & Nordics,Software,Partner,23,298.09,0.3389,4532.87,2121.29
O-06064,2026-02-11,C-0709,EU,Southern Europe,Software,Partner,28,165.64,0.3330,3093.33,1437.80
O-06065,2026-02-11,C-0496,EU,Benelux & Nordics,Hardware,Partner,1,3759.11,0.3500,2443.42,2505.44
O-06066,2026-02-11,C-0093,US,US West,Services,Direct,16,148.56,0.3500,1545.02,1436.96
O-06067,2026-02-11,C-0591,EU,DACH,Services,Direct,27,571.72,0.3500,10033.69,9921.69
O-06068,2026-02-11,C-0171,EU,Southern Europe,Software,Online,32,810.22,0.2516,19404.79,7896.64
O-06069,2026-02-11,C-0239,EU,DACH,Support & CS,Partner,6,1753.86,0.3500,6840.05,5866.74
O-06070,2026-02-11,C-0395,US,US West,Services,Direct,13,567.52,0.3500,4795.54,4431.83
O-06071,2026-02-11,C-0391,EU,DACH,Services,Partner,8,529.80,0.3355,2816.55,2738.80
O-06072,2026-02-11,C-0017,US,US Central,Hardware,Partner,3,4170.32,0.3500,8132.12,8313.03
O-06073,2026-02-11,C-0603,EU,UK & Ireland,Software,Online,24,518.43,0.2378,9484.12,3793.68
O-06074,2026-02-11,C-0321,EU,DACH,Software,Online,116,433.08,0.2512,37618.31,15527.76
O-06075,2026-02-11,C-0109,US,US East,Software,Partner,82,855.97,0.3500,45623.20,20618.90
O-06076,2026-02-11,C-0797,US,US Central,Hardware,Partner,14,2703.49,0.3500,24601.76,24814.44
O-06077,2026-02-11,C-0684,US,US East,Hardware,Partner,3,3199.82,0.3300,6431.42,6117.21
O-06078,2026-02-11,C-0082,EU,Southern Europe,Hardware,Direct,15,840.00,0.3500,8190.00,8667.15
O-06079,2026-02-11,C-0547,EU,UK & Ireland,Software,Online,41,544.00,0.2507,16712.16,6974.10
O-06080,2026-02-11,C-0369,EU,Southern Europe,Hardware,Partner,10,358.73,0.3330,2392.89,2436.90
O-06081,2026-02-11,C-0380,US,US West,Services,Partner,34,211.68,0.3500,4678.13,4467.94
O-06082,2026-02-11,C-0618,EU,DACH,Support & CS,Direct,12,307.68,0.3500,2399.90,2050.56
O-06083,2026-02-11,C-0619,APAC,Southeast Asia,Support & CS,Partner,11,2068.88,0.3500,14792.49,12499.96
O-06084,2026-02-11,C-0323,APAC,Southeast Asia,Support & CS,Direct,3,849.33,0.3500,1656.19,1378.38
O-06085,2026-02-11,C-0141,EU,Benelux & Nordics,Hardware,Partner,15,4102.71,0.3500,40001.42,40635.45
O-06086,2026-02-11,C-0547,EU,UK & Ireland,Software,Partner,87,282.62,0.3500,15982.16,7369.77
O-06087,2026-02-11,C-0417,US,US West,Software,Direct,59,126.05,0.3500,4834.02,2230.79
O-06088,2026-02-12,C-0722,US,US East,Software,Partner,77,278.77,0.3500,13952.44,6372.52
O-06089,2026-02-12,C-0174,APAC,Southeast Asia,Services,Partner,5,470.37,0.3500,1528.70,1464.75
O-06090,2026-02-12,C-0068,EU,UK & Ireland,Software,Online,59,348.81,0.2788,14841.62,6319.49
O-06091,2026-02-12,C-0781,APAC,Greater China,Hardware,Online,15,3131.66,0.2531,35086.96,31704.15
O-06092,2026-02-12,C-0520,APAC,ANZ,Software,Direct,22,293.63,0.3500,4198.91,1978.02
O-06093,2026-02-12,C-0568,APAC,ANZ,Services,Direct,40,174.45,0.3500,4535.70,4432.80
O-06094,2026-02-12,C-0312,US,US West,Services,Direct,40,601.90,0.3500,15649.40,14992.80
O-06095,2026-02-12,C-0632,APAC,Southeast Asia,Services,Direct,43,326.67,0.3500,9130.43,8528.62
O-06096,2026-02-12,C-0687,APAC,ANZ,Software,Direct,61,258.35,0.3500,10243.58,4657.35
O-06097,2026-02-12,C-0103,US,US East,Hardware,Online,11,1086.85,0.2375,9116.23,7591.98
O-06098,2026-02-12,C-0589,EU,DACH,Software,Direct,77,180.39,0.3500,9028.52,4194.19
O-06099,2026-02-12,C-0729,US,US East,Software,Partner,113,479.48,0.3500,35217.81,16077.64
O-06100,2026-02-12,C-0157,US,US West,Software,Direct,82,105.73,0.3500,5635.41,2568.24
O-06101,2026-02-12,C-0308,APAC,Japan,Software,Partner,86,388.70,0.3492,21753.51,9914.08
O-06102,2026-02-12,C-0218,EU,DACH,Software,Partner,50,765.76,0.3366,25398.81,11682.00
O-06103,2026-02-12,C-0356,US,US West,Services,Direct,21,513.52,0.3500,7009.55,6504.75
O-06104,2026-02-12,C-0800,US,US Central,Hardware,Online,10,2527.87,0.2507,18941.67,16016.30
O-06105,2026-02-12,C-0464,US,US East,Software,Partner,91,780.99,0.3461,46471.54,20791.68
O-06106,2026-02-12,C-0748,APAC,Southeast Asia,Support & CS,Online,11,2346.60,0.2513,19326.24,13900.04
O-06107,2026-02-12,C-0394,EU,DACH,Hardware,Partner,6,4196.89,0.3442,16514.89,16971.18
O-06108,2026-02-12,C-0405,EU,DACH,Software,Partner,14,113.46,0.3474,1036.64,493.92
O-06109,2026-02-12,C-0110,EU,DACH,Services,Online,24,476.15,0.2541,8523.95,6979.20
O-06110,2026-02-12,C-0407,EU,UK & Ireland,Software,Partner,83,602.83,0.3500,32522.68,15136.71
O-06111,2026-02-12,C-0361,US,US East,Software,Online,101,752.49,0.2755,55059.75,22135.16
O-06112,2026-02-12,C-0224,US,US West,Software,Partner,17,279.88,0.3363,3157.72,1377.68
O-06113,2026-02-13,C-0640,EU,DACH,Software,Direct,64,770.44,0.3500,32050.30,14878.08
O-06114,2026-02-13,C-0626,EU,DACH,Services,Partner,11,439.97,0.3500,3145.79,3061.63
O-06115,2026-02-13,C-0426,EU,Southern Europe,Support & CS,Partner,1,2094.26,0.3478,1365.78,1187.28
O-06116,2026-02-13,C-0023,US,US East,Services,Direct,24,292.51,0.3500,4563.16,4411.68
O-06117,2026-02-13,C-0499,US,US West,Hardware,Partner,15,1913.04,0.3500,18652.14,18681.00
O-06118,2026-02-13,C-0456,EU,Southern Europe,Hardware,Direct,7,1455.20,0.3500,6621.16,6788.18
O-06119,2026-02-13,C-0566,US,US West,Hardware,Partner,3,1030.60,0.3376,2048.03,2064.21
O-06120,2026-02-13,C-0133,US,US West,Software,Direct,76,193.58,0.3500,9562.85,4308.44
O-06121,2026-02-13,C-0188,US,US East,Hardware,Direct,8,2060.20,0.3500,10713.04,10773.92
O-06122,2026-02-13,C-0464,US,US East,Software,Direct,79,785.51,0.3500,40335.94,18800.42
O-06123,2026-02-13,C-0197,EU,Southern Europe,Hardware,Partner,11,2354.25,0.3500,16832.89,17734.42
O-06124,2026-02-13,C-0418,US,US West,Support & CS,Online,10,715.50,0.2337,5482.91,3818.30
O-06125,2026-02-13,C-0685,US,US East,Hardware,Partner,16,3841.89,0.3500,39955.66,40178.24
O-06126,2026-02-13,C-0242,APAC,Japan,Hardware,Partner,13,1728.18,0.3500,14603.12,15185.43
O-06127,2026-02-13,C-0712,EU,Southern Europe,Services,Partner,44,307.21,0.3500,8786.21,8555.36
O-06128,2026-02-13,C-0707,APAC,ANZ,Services,Direct,3,472.88,0.3500,922.12,886.65
O-06129,2026-02-13,C-0287,US,US East,Support & CS,Partner,3,1945.05,0.3500,3792.85,3234.30
O-06130,2026-02-13,C-0384,US,US West,Software,Partner,9,597.42,0.3373,3563.00,1616.13
O-06131,2026-02-13,C-0388,US,US East,Support & CS,Partner,12,2017.73,0.3406,15966.35,13487.04
O-06132,2026-02-13,C-0175,EU,UK & Ireland,Hardware,Online,14,3229.17,0.2311,34761.25,29484.70
O-06133,2026-02-13,C-0602,US,US East,Hardware,Direct,18,2803.99,0.3500,32806.68,33224.58
O-06134,2026-02-13,C-0171,EU,Southern Europe,Hardware,Direct,11,1961.39,0.3500,14023.94,14352.69
O-06135,2026-02-13,C-0115,US,US East,Support & CS,Partner,9,496.72,0.3500,2905.81,2454.48
O-06136,2026-02-13,C-0471,US,US East,Services,Partner,1,203.49,0.3500,132.27,124.55
O-06137,2026-02-13,C-0151,EU,DACH,Services,Partner,28,552.35,0.3500,10052.77,9549.12
O-06138,2026-02-13,C-0403,EU,DACH,Software,Direct,116,87.95,0.3500,6631.43,3113.44
O-06139,2026-02-13,C-0740,APAC,ANZ,Support & CS,Online,12,811.24,0.2432,7367.11,5538.48
O-06140,2026-02-13,C-0282,APAC,Southeast Asia,Software,Partner,27,391.99,0.3500,6879.42,3212.19
O-06141,2026-02-13,C-0401,US,US East,Hardware,Partner,2,2396.29,0.3500,3115.18,3181.14
O-06142,2026-02-13,C-0675,APAC,Japan,Software,Partner,30,878.06,0.3500,17122.17,8140.80
O-06143,2026-02-13,C-0590,US,US East,Support & CS,Partner,12,1634.09,0.3500,12745.90,10763.16
O-06144,2026-02-13,C-0451,EU,UK & Ireland,Services,Partner,26,263.85,0.3500,4459.07,4363.06
O-06145,2026-02-13,C-0700,EU,UK & Ireland,Software,Direct,43,510.27,0.3500,14262.05,6716.17
O-06146,2026-02-13,C-0665,APAC,Japan,Hardware,Online,3,661.78,0.2303,1528.14,1285.89
O-06147,2026-02-13,C-0233,EU,DACH,Services,Online,21,293.22,0.2425,4664.70,3891.72
O-06148,2026-02-13,C-0694,EU,UK & Ireland,Support & CS,Online,8,1882.84,0.2608,11134.15,8177.12
O-06149,2026-02-13,C-0382,EU,DACH,Hardware,Partner,10,1345.59,0.3500,8746.34,9176.90
O-06150,2026-02-13,C-0248,US,US Central,Hardware,Partner,18,3132.40,0.3387,37285.05,36325.80
O-06151,2026-02-13,C-0574,EU,Southern Europe,Software,Online,107,213.19,0.2701,16650.55,6880.10
O-06152,2026-02-14,C-0762,EU,Benelux & Nordics,Hardware,Partner,17,3607.37,0.3500,39861.44,41580.30
O-06153,2026-02-14,C-0738,EU,DACH,Services,Direct,6,423.05,0.3500,1649.90,1619.82
O-06154,2026-02-14,C-0127,EU,UK & Ireland,Services,Partner,9,446.06,0.3451,2629.04,2487.33
O-06155,2026-02-14,C-0526,US,US West,Hardware,Partner,11,3902.39,0.3500,27902.09,28425.87
O-06156,2026-02-14,C-0014,US,US West,Software,Partner,36,638.25,0.3467,15011.04,6845.40
O-06157,2026-02-14,C-0305,EU,UK & Ireland,Services,Partner,22,400.76,0.3500,5730.87,5505.06
O-06158,2026-02-14,C-0488,US,US Central,Software,Direct,82,817.45,0.3500,43570.09,19860.40
O-06159,2026-02-14,C-0752,EU,Benelux & Nordics,Software,Online,59,463.22,0.2429,20691.51,8194.51
O-06160,2026-02-14,C-0704,US,US West,Hardware,Partner,4,876.74,0.3500,2279.52,2335.40
O-06161,2026-02-14,C-0462,EU,Benelux & Nordics,Software,Direct,86,771.44,0.3500,43123.50,20084.44
O-06162,2026-02-14,C-0630,US,US Central,Software,Partner,15,373.98,0.3500,3646.31,1665.60
O-06163,2026-02-14,C-0335,US,US West,Software,Partner,83,575.58,0.3500,31052.54,14412.12
O-06164,2026-02-14,C-0264,APAC,Greater China,Services,Direct,31,519.59,0.3500,10469.74,10072.83
O-06165,2026-02-14,C-0577,US,US East,Services,Partner,4,569.43,0.3500,1480.52,1405.80
O-06166,2026-02-14,C-0642,EU,DACH,Support & CS,Direct,9,2203.38,0.3500,12889.77,11226.42
O-06167,2026-02-14,C-0669,EU,UK & Ireland,Hardware,Direct,4,2740.70,0.3500,7125.82,7165.80
O-06168,2026-02-14,C-0683,US,US East,Software,Online,104,519.42,0.2450,40784.36,15538.64
O-06169,2026-02-14,C-0732,APAC,Japan,Hardware,Partner,13,2805.90,0.3500,23709.86,24054.55
O-06170,2026-02-14,C-0791,US,US West,Hardware,Online,10,3541.03,0.2589,26244.33,23064.30
O-06171,2026-02-14,C-0278,EU,Southern Europe,Software,Partner,30,808.32,0.3500,15762.24,7369.50
O-06172,2026-02-14,C-0549,EU,UK & Ireland,Hardware,Online,3,615.45,0.2599,1366.41,1238.76
O-06173,2026-02-14,C-0489,APAC,Greater China,Software,Online,53,439.20,0.2322,17873.14,7200.58
O-06174,2026-02-14,C-0019,EU,UK & Ireland,Software,Direct,112,878.45,0.3500,63951.16,30597.28
O-06175,2026-02-14,C-0379,APAC,Greater China,Hardware,Partner,8,1543.93,0.3500,8028.44,8097.68
O-06176,2026-02-14,C-0752,EU,Benelux & Nordics,Hardware,Online,17,3274.83,0.2559,41422.86,37034.33
O-06177,2026-02-14,C-0561,US,US West,Hardware,Partner,3,2548.25,0.3500,4969.09,4918.11
O-06178,2026-02-14,C-0240,US,US West,Software,Partner,18,302.87,0.3310,3647.26,1603.08
O-06179,2026-02-14,C-0710,US,US East,Services,Partner,26,125.10,0.3500,2114.19,1929.72
O-06180,2026-02-14,C-0071,APAC,Greater China,Software,Direct,81,401.23,0.3500,21124.76,9950.04
O-06181,2026-02-14,C-0591,EU,DACH,Hardware,Partner,2,3554.83,0.3500,4621.28,4726.54
O-06182,2026-02-14,C-0491,US,US East,Support & CS,Partner,3,883.36,0.3404,1747.93,1402.74
O-06183,2026-02-14,C-0548,US,US Central,Services,Partner,5,258.51,0.3305,865.36,767.80
O-06184,2026-02-15,C-0364,EU,DACH,Hardware,Partner,8,2645.99,0.3415,13938.11,13777.20
O-06185,2026-02-15,C-0218,EU,DACH,Software,Online,8,128.09,0.2715,746.47,315.04
O-06186,2026-02-15,C-0555,APAC,Southeast Asia,Software,Partner,19,814.80,0.3315,10349.57,4566.27
O-06187,2026-02-15,C-0348,EU,UK & Ireland,Hardware,Direct,4,2763.56,0.3500,7185.26,7257.92
O-06188,2026-02-15,C-0266,US,US West,Software,Partner,31,849.83,0.3500,17124.07,7978.16
O-06189,2026-02-15,C-0579,APAC,ANZ,Software,Direct,97,334.98,0.3500,21120.49,9856.17
O-06190,2026-02-15,C-0689,APAC,Japan,Software,Partner,55,554.28,0.3500,19815.51,9384.10
O-06191,2026-02-15,C-0066,EU,DACH,Hardware,Partner,18,4108.07,0.3323,49374.87,48607.02
O-06192,2026-02-15,C-0472,EU,Southern Europe,Support & CS,Direct,5,1711.29,0.3500,5561.69,4883.75
O-06193,2026-02-15,C-0235,EU,Southern Europe,Services,Direct,32,475.00,0.3500,9880.00,9301.12
O-06194,2026-02-15,C-0464,US,US East,Services,Partner,39,346.19,0.3500,8775.92,8002.02
O-06195,2026-02-15,C-0604,EU,Southern Europe,Hardware,Partner,15,365.13,0.3336,3649.89,3666.00
O-06196,2026-02-15,C-0459,EU,UK & Ireland,Hardware,Direct,9,3449.61,0.3500,20180.22,21177.81
O-06197,2026-02-15,C-0418,US,US West,Services,Direct,39,553.02,0.3500,14019.06,13233.48
O-06198,2026-02-15,C-0423,US,US East,Hardware,Partner,13,1353.81,0.3433,11557.73,11509.55
O-06199,2026-02-16,C-0146,US,US West,Hardware,Partner,13,1464.43,0.3500,12374.43,12615.98
O-06200,2026-02-16,C-0443,US,US West,Hardware,Direct,5,1931.27,0.3500,6276.63,6091.85
O-06201,2026-02-16,C-0603,EU,UK & Ireland,Services,Direct,19,206.34,0.3500,2548.30,2534.60
O-06202,2026-02-16,C-0301,US,US Central,Hardware,Partner,4,2612.86,0.3500,6793.44,6693.32
O-06203,2026-02-16,C-0198,EU,Southern Europe,Support & CS,Direct,5,1192.47,0.3500,3875.53,3377.10
O-06204,2026-02-16,C-0268,EU,UK & Ireland,Support & CS,Partner,4,693.52,0.3303,1857.72,1517.76
O-06205,2026-02-16,C-0193,US,US West,Hardware,Online,7,3742.26,0.2657,19236.27,17024.70
O-06206,2026-02-16,C-0103,US,US East,Support & CS,Direct,10,2397.33,0.3500,15582.65,13097.70
O-06207,2026-02-16,C-0348,EU,UK & Ireland,Hardware,Partner,16,3690.44,0.3500,38380.58,40515.84
O-06208,2026-02-16,C-0162,US,US West,Software,Direct,9,138.77,0.3500,811.80,371.88
O-06209,2026-02-16,C-0335,US,US West,Hardware,Online,18,2638.81,0.2616,35074.55,31408.92
O-06210,2026-02-16,C-0215,APAC,Japan,Hardware,Partner,1,2759.86,0.3500,1793.91,1874.23
O-06211,2026-02-16,C-0694,EU,UK & Ireland,Support & CS,Direct,7,971.64,0.3500,4420.96,3863.72
O-06212,2026-02-16,C-0229,US,US West,Support & CS,Partner,12,554.59,0.3500,4325.80,3515.64
O-06213,2026-02-16,C-0433,US,US Central,Hardware,Online,1,2998.14,0.2728,2180.36,1914.02
O-06214,2026-02-16,C-0076,APAC,Southeast Asia,Services,Partner,23,434.29,0.3500,6492.64,6339.03
O-06215,2026-02-16,C-0768,EU,DACH,Services,Partner,15,625.97,0.3500,6103.21,5829.60
O-06216,2026-02-16,C-0390,EU,Benelux & Nordics,Hardware,Partner,8,1227.42,0.3500,6382.58,6438.08
O-06217,2026-02-16,C-0512,EU,Benelux & Nordics,Hardware,Online,17,1758.55,0.2432,22625.94,20320.61
O-06218,2026-02-16,C-0511,US,US East,Support & CS,Partner,5,2172.68,0.3500,7061.21,5805.70
O-06219,2026-02-16,C-0488,US,US Central,Services,Partner,5,546.00,0.3428,1794.11,1619.45
O-06220,2026-02-16,C-0375,US,US Central,Software,Partner,99,162.46,0.3481,10484.82,4848.03
O-06221,2026-02-16,C-0277,EU,UK & Ireland,Hardware,Partner,10,3496.41,0.3375,23165.28,22807.80
O-06222,2026-02-16,C-0532,EU,DACH,Services,Partner,11,567.87,0.3500,4060.27,3997.84
O-06223,2026-02-17,C-0011,EU,DACH,Hardware,Partner,18,4106.06,0.3466,48294.85,50122.08
O-06224,2026-02-17,C-0053,APAC,Japan,Services,Partner,28,586.47,0.3360,10904.36,10201.52
O-06225,2026-02-17,C-0219,EU,Benelux & Nordics,Support & CS,Partner,6,1325.00,0.3500,5167.50,4367.94
O-06226,2026-02-17,C-0285,US,US West,Hardware,Partner,1,1272.19,0.3381,842.01,807.52
O-06227,2026-02-17,C-0034,US,US East,Services,Direct,20,357.25,0.3500,4644.25,4461.80
O-06228,2026-02-17,C-0684,US,US East,Software,Partner,21,320.81,0.3490,4386.03,1965.39
O-06229,2026-02-17,C-0164,US,US West,Hardware,Partner,11,3043.67,0.3500,21762.24,22196.35
O-06230,2026-02-17,C-0462,EU,Benelux & Nordics,Software,Online,109,188.10,0.2520,15336.86,6256.60
O-06231,2026-02-17,C-0456,EU,Southern Europe,Services,Partner,42,145.31,0.3500,3966.96,3855.18
O-06232,2026-02-17,C-0258,EU,UK & Ireland,Hardware,Partner,11,2823.41,0.3500,20187.38,21115.82
O-06233,2026-02-17,C-0746,US,US West,Hardware,Direct,12,777.39,0.3500,6063.64,6014.88
O-06234,2026-02-17,C-0531,APAC,Japan,Software,Partner,56,273.83,0.3412,10102.93,4559.52
O-06235,2026-02-17,C-0119,EU,DACH,Software,Partner,43,99.55,0.3500,2782.42,1271.08
O-06236,2026-02-17,C-0793,US,US East,Services,Direct,8,604.10,0.3500,3141.32,2889.84
O-06237,2026-02-17,C-0322,US,US Central,Software,Direct,118,566.10,0.3500,43419.87,19454.66
O-06238,2026-02-17,C-0510,US,US Central,Support & CS,Partner,6,973.79,0.3398,3857.33,3231.06
O-06239,2026-02-17,C-0682,APAC,Southeast Asia,Software,Online,15,735.74,0.2703,8053.37,3237.15
O-06240,2026-02-17,C-0496,EU,Benelux & Nordics,Hardware,Direct,13,1801.59,0.3500,15223.44,15345.98
O-06241,2026-02-17,C-0462,EU,Benelux & Nordics,Support & CS,Partner,1,340.50,0.3500,221.33,187.94
O-06242,2026-02-17,C-0159,EU,Southern Europe,Software,Partner,109,475.54,0.3407,34175.62,16174.51
O-06243,2026-02-17,C-0245,US,US East,Hardware,Direct,6,2712.39,0.3500,10578.32,10624.32
O-06244,2026-02-17,C-0028,APAC,Greater China,Support & CS,Partner,8,1013.53,0.3353,5389.78,4422.08
O-06245,2026-02-17,C-0783,US,US Central,Hardware,Partner,18,2217.69,0.3500,25946.97,25261.74
O-06246,2026-02-17,C-0395,US,US West,Hardware,Direct,2,3059.43,0.3500,3977.26,3989.34
O-06247,2026-02-17,C-0341,EU,UK & Ireland,Services,Partner,6,515.70,0.3500,2011.23,1915.50
O-06248,2026-02-18,C-0217,EU,UK & Ireland,Software,Partner,89,435.19,0.3500,25175.74,11625.18
O-06249,2026-02-18,C-0364,EU,DACH,Services,Online,19,515.61,0.2491,7356.22,6139.66
O-06250,2026-02-18,C-0746,US,US West,Support & CS,Partner,1,2379.07,0.3413,1567.14,1303.52
O-06251,2026-02-18,C-0629,US,US East,Software,Partner,13,717.42,0.3331,6219.82,2805.92
O-06252,2026-02-18,C-0724,EU,DACH,Services,Partner,25,219.82,0.3354,3652.13,3472.75
O-06253,2026-02-18,C-0478,EU,UK & Ireland,Services,Partner,35,498.73,0.3500,11346.11,11036.20
O-06254,2026-02-18,C-0789,APAC,Greater China,Hardware,Direct,18,4193.73,0.3500,49066.64,49127.40
O-06255,2026-02-18,C-0437,US,US West,Services,Direct,8,132.19,0.3500,687.39,656.00
O-06256,2026-02-18,C-0777,EU,UK & Ireland,Services,Direct,40,539.92,0.3500,14037.92,13960.40
O-06257,2026-02-18,C-0527,US,US West,Software,Partner,70,524.97,0.3333,24499.79,10588.20
O-06258,2026-02-18,C-0452,APAC,Southeast Asia,Software,Partner,27,144.39,0.3442,2556.57,1195.83
O-06259,2026-02-18,C-0349,APAC,Greater China,Support & CS,Partner,1,1991.98,0.3500,1294.79,1133.21
O-06260,2026-02-18,C-0218,EU,DACH,Support & CS,Direct,6,1454.46,0.3500,5672.39,4942.02
O-06261,2026-02-18,C-0672,EU,Southern Europe,Software,Partner,115,839.04,0.3493,62784.02,29164.00
O-06262,2026-02-18,C-0259,EU,Southern Europe,Software,Partner,55,94.99,0.3500,3395.89,1593.90
O-06263,2026-02-18,C-0532,EU,DACH,Software,Partner,109,844.89,0.3500,59860.46,27326.30
O-06264,2026-02-18,C-0235,EU,Southern Europe,Software,Online,77,351.46,0.2416,20524.53,8182.79
O-06265,2026-02-18,C-0576,EU,Benelux & Nordics,Hardware,Partner,17,1508.50,0.3350,17053.96,17466.48
O-06266,2026-02-18,C-0063,EU,UK & Ireland,Software,Direct,110,280.41,0.3500,20049.32,9589.80
O-06267,2026-02-18,C-0340,EU,DACH,Software,Online,106,617.11,0.2495,49093.08,20499.34
O-06268,2026-02-18,C-0533,APAC,Japan,Hardware,Partner,5,1979.80,0.3500,6434.35,6390.35
O-06269,2026-02-18,C-0431,EU,DACH,Hardware,Partner,7,1812.78,0.3458,8301.95,8692.11
O-06270,2026-02-18,C-0418,US,US West,Services,Partner,14,286.20,0.3500,2604.42,2383.50
O-06271,2026-02-18,C-0603,EU,UK & Ireland,Services,Online,36,152.64,0.2695,4014.21,3380.40
O-06272,2026-02-18,C-0208,US,US East,Hardware,Direct,3,468.01,0.3500,912.62,937.38
O-06273,2026-02-18,C-0566,US,US West,Hardware,Partner,8,1075.30,0.3500,5591.56,5737.52
O-06274,2026-02-18,C-0367,APAC,Southeast Asia,Software,Online,81,389.43,0.2463,23775.75,9319.05
O-06275,2026-02-18,C-0791,US,US West,Support & CS,Online,5,1120.76,0.2588,4153.32,3118.70
O-06276,2026-02-18,C-0580,EU,Benelux & Nordics,Software,Partner,9,843.39,0.3500,4933.83,2328.93
O-06277,2026-02-18,C-0324,US,US Central,Hardware,Direct,18,1736.35,0.3500,20315.30,20228.40
O-06278,2026-02-18,C-0440,EU,UK & Ireland,Services,Partner,28,369.04,0.3500,6716.53,6471.92
O-06279,2026-02-18,C-0755,EU,Benelux & Nordics,Software,Partner,59,429.57,0.3500,16474.01,7697.14
O-06280,2026-02-18,C-0445,EU,DACH,Software,Online,23,172.12,0.2658,2906.62,1216.47
O-06281,2026-02-18,C-0393,EU,Southern Europe,Support & CS,Partner,6,2001.98,0.3500,7807.72,6893.46
O-06282,2026-02-19,C-0787,US,US West,Support & CS,Partner,11,1316.68,0.3368,9605.48,7922.53
O-06283,2026-02-19,C-0499,US,US West,Software,Partner,5,767.16,0.3500,2493.27,1110.35
O-06284,2026-02-19,C-0325,US,US East,Hardware,Partner,17,540.48,0.3500,5972.30,6147.88
O-06285,2026-02-19,C-0095,US,US East,Hardware,Direct,16,828.32,0.3500,8614.53,8798.72
O-06286,2026-02-19,C-0746,US,US West,Hardware,Partner,16,1567.19,0.3500,16298.78,16512.64
O-06287,2026-02-19,C-0071,APAC,Greater China,Hardware,Partner,8,3277.28,0.3370,17383.32,17450.88
O-06288,2026-02-19,C-0556,US,US West,Hardware,Direct,13,2583.02,0.3500,21826.52,22138.74
O-06289,2026-02-19,C-0061,US,US Central,Software,Partner,65,164.89,0.3500,6966.60,3234.40
O-06290,2026-02-19,C-0651,US,US Central,Support & CS,Partner,3,1541.29,0.3379,3061.68,2521.47
O-06291,2026-02-19,C-0252,EU,Southern Europe,Hardware,Online,8,2342.28,0.2461,14126.75,12783.20
O-06292,2026-02-19,C-0265,US,US Central,Hardware,Partner,15,2025.59,0.3500,19749.50,19663.80
O-06293,2026-02-19,C-0373,US,US West,Software,Direct,92,795.12,0.3500,47548.18,21191.28
O-06294,2026-02-19,C-0101,EU,UK & Ireland,Software,Partner,77,479.34,0.3500,23990.97,11124.19
O-06295,2026-02-19,C-0590,US,US East,Services,Partner,33,161.73,0.3428,3507.53,3311.88
O-06296,2026-02-19,C-0769,US,US West,Software,Direct,7,747.41,0.3500,3400.72,1566.04
O-06297,2026-02-19,C-0656,APAC,Greater China,Software,Online,63,547.22,0.2481,25920.09,10316.88
O-06298,2026-02-19,C-0221,APAC,ANZ,Hardware,Online,9,2862.44,0.2508,19300.12,17134.74
O-06299,2026-02-19,C-0061,US,US Central,Hardware,Direct,18,3611.95,0.3500,42259.82,41139.36
O-06300,2026-02-19,C-0390,EU,Benelux & Nordics,Hardware,Partner,3,2882.43,0.3406,5702.31,5790.42
O-06301,2026-02-19,C-0107,US,US Central,Support & CS,Partner,2,1363.48,0.3497,1773.45,1494.46
O-06302,2026-02-19,C-0085,US,US East,Software,Partner,106,117.84,0.3500,8119.18,3599.76
O-06303,2026-02-20,C-0430,EU,UK & Ireland,Services,Direct,29,407.38,0.3500,7679.11,7273.20
O-06304,2026-02-20,C-0458,EU,Benelux & Nordics,Hardware,Partner,18,1340.76,0.3500,15686.89,16035.48
O-06305,2026-02-20,C-0322,US,US Central,Support & CS,Partner,4,819.06,0.3500,2129.56,1759.00
O-06306,2026-02-20,C-0567,APAC,Southeast Asia,Support & CS,Online,7,779.14,0.2772,3941.98,3048.71
O-06307,2026-02-20,C-0190,EU,Benelux & Nordics,Hardware,Partner,11,3910.17,0.3500,27957.72,28728.59
O-06308,2026-02-20,C-0206,APAC,Japan,Services,Online,14,266.57,0.2356,2852.61,2255.96
O-06309,2026-02-20,C-0010,APAC,Southeast Asia,Software,Partner,29,317.56,0.3500,5986.01,2839.39
O-06310,2026-02-20,C-0174,APAC,Southeast Asia,Software,Partner,35,731.00,0.3500,16630.25,7629.30
O-06311,2026-02-20,C-0051,APAC,Japan,Hardware,Direct,18,2835.62,0.3500,33176.75,33846.84
O-06312,2026-02-20,C-0223,EU,DACH,Support & CS,Online,4,1069.44,0.2349,3272.77,2386.84
O-06313,2026-02-20,C-0785,US,US East,Hardware,Direct,14,3909.75,0.3500,35578.72,34988.52
O-06314,2026-02-20,C-0051,APAC,Japan,Services,Partner,14,500.52,0.3500,4554.73,4415.18
O-06315,2026-02-20,C-0304,APAC,Southeast Asia,Software,Online,94,667.60,0.2588,46515.02,18772.74
O-06316,2026-02-20,C-0394,EU,DACH,Hardware,Online,1,2724.61,0.2406,2069.17,1855.54
O-06317,2026-02-20,C-0089,US,US West,Hardware,Online,3,3394.26,0.2358,7781.68,6769.53
O-06318,2026-02-20,C-0302,APAC,Southeast Asia,Software,Partner,36,331.86,0.3500,7765.52,3688.20
O-06319,2026-02-20,C-0486,EU,UK & Ireland,Hardware,Partner,12,2184.73,0.3469,17122.74,17463.72
O-06320,2026-02-20,C-0051,APAC,Japan,Software,Partner,73,246.43,0.3500,11693.10,5457.48
O-06321,2026-02-20,C-0577,US,US East,Support & CS,Direct,4,1121.37,0.3500,2915.56,2501.20
O-06322,2026-02-20,C-0730,US,US West,Services,Partner,34,126.13,0.3500,2787.47,2679.20
O-06323,2026-02-20,C-0476,US,US West,Hardware,Direct,12,4155.87,0.3500,32415.79,31841.88
O-06324,2026-02-20,C-0428,US,US East,Hardware,Partner,14,3607.22,0.3418,33240.62,32594.52
O-06325,2026-02-20,C-0361,US,US East,Software,Online,41,533.97,0.2332,16786.69,6318.51
O-06326,2026-02-20,C-0460,APAC,Southeast Asia,Hardware,Direct,15,1819.75,0.3500,17742.56,17589.75
O-06327,2026-02-20,C-0045,US,US East,Software,Partner,89,196.17,0.3500,11348.43,5195.82
O-06328,2026-02-20,C-0537,EU,UK & Ireland,Software,Direct,16,227.39,0.3500,2364.86,1130.24
O-06329,2026-02-20,C-0691,US,US East,Support & CS,Direct,8,1619.41,0.3500,8420.93,6880.08
O-06330,2026-02-21,C-0327,EU,Benelux & Nordics,Hardware,Partner,7,2988.63,0.3378,13853.50,14206.71
O-06331,2026-02-21,C-0018,EU,DACH,Support & CS,Partner,8,1986.08,0.3500,10327.62,8848.64
O-06332,2026-02-21,C-0338,EU,UK & Ireland,Hardware,Partner,15,3171.27,0.3500,30919.88,31602.45
O-06333,2026-02-21,C-0055,EU,UK & Ireland,Software,Direct,38,865.15,0.3500,21369.20,9808.56
O-06334,2026-02-21,C-0532,EU,DACH,Hardware,Partner,11,2910.28,0.3500,20808.50,21844.79
O-06335,2026-02-21,C-0781,APAC,Greater China,Software,Partner,67,569.53,0.3500,24803.03,11770.56
O-06336,2026-02-21,C-0029,US,US West,Hardware,Partner,8,575.79,0.3308,3082.35,2970.00
O-06337,2026-02-21,C-0345,EU,UK & Ireland,Software,Direct,66,766.93,0.3500,32901.30,15700.08
O-06338,2026-02-21,C-0519,US,US East,Services,Partner,26,220.87,0.3500,3732.70,3533.92
O-06339,2026-02-21,C-0754,EU,DACH,Hardware,Direct,13,3038.40,0.3500,25674.48,26927.55
O-06340,2026-02-21,C-0086,EU,UK & Ireland,Hardware,Partner,12,2887.62,0.3500,22523.44,22638.00
O-06341,2026-02-21,C-0617,APAC,ANZ,Support & CS,Direct,9,623.78,0.3500,3649.11,3065.13
O-06342,2026-02-21,C-0621,APAC,ANZ,Software,Partner,13,431.24,0.3468,3661.73,1735.76
O-06343,2026-02-21,C-0571,APAC,Southeast Asia,Hardware,Partner,17,1289.54,0.3500,14249.42,14639.55
O-06344,2026-02-21,C-0157,US,US West,Services,Direct,35,154.47,0.3500,3514.19,3278.80
O-06345,2026-02-21,C-0482,APAC,Greater China,Software,Direct,48,390.35,0.3500,12178.92,5680.80
O-06346,2026-02-21,C-0052,EU,Benelux & Nordics,Software,Partner,46,233.26,0.3373,7111.03,3330.86
O-06347,2026-02-21,C-0500,US,US West,Software,Direct,50,190.45,0.3500,6189.62,2801.50
O-06348,2026-02-21,C-0063,EU,UK & Ireland,Services,Direct,19,447.86,0.3500,5531.07,5250.84
O-06349,2026-02-21,C-0458,EU,Benelux & Nordics,Hardware,Partner,6,3088.89,0.3492,12061.15,12311.88
O-06350,2026-02-21,C-0274,US,US East,Software,Partner,5,503.20,0.3500,1635.40,728.50
O-06351,2026-02-21,C-0697,EU,Southern Europe,Software,Partner,93,692.35,0.3306,43098.91,19304.01
O-06352,2026-02-21,C-0599,EU,UK & Ireland,Hardware,Partner,1,4154.59,0.3408,2738.91,2749.89
O-06353,2026-02-21,C-0486,EU,UK & Ireland,Hardware,Partner,16,1905.06,0.3317,20370.29,19878.24
O-06354,2026-02-21,C-0110,EU,DACH,Software,Partner,89,175.51,0.3500,10153.25,4831.81
O-06355,2026-02-22,C-0239,EU,DACH,Services,Direct,6,260.99,0.3500,1017.86,980.40
O-06356,2026-02-22,C-0723,EU,UK & Ireland,Software,Partner,32,431.33,0.3324,9214.76,4236.80
O-06357,2026-02-22,C-0035,APAC,Greater China,Services,Partner,12,195.09,0.3500,1521.70,1436.04
O-06358,2026-02-22,C-0002,APAC,Japan,Services,Online,17,519.92,0.2601,6540.00,5504.94
O-06359,2026-02-22,C-0158,US,US West,Services,Partner,1,483.09,0.3340,321.75,297.62
O-06360,2026-02-22,C-0464,US,US East,Software,Online,51,123.09,0.2454,4736.95,1832.94
O-06361,2026-02-22,C-0077,EU,UK & Ireland,Hardware,Direct,1,3202.94,0.3500,2081.91,2166.04
O-06362,2026-02-22,C-0512,EU,Benelux & Nordics,Software,Partner,32,102.22,0.3306,2189.63,998.72
O-06363,2026-02-22,C-0093,US,US West,Software,Partner,53,606.41,0.3426,21127.70,9652.36
O-06364,2026-02-22,C-0191,US,US East,Services,Online,21,492.14,0.2607,7640.68,6343.47
O-06365,2026-02-22,C-0316,US,US East,Software,Direct,111,356.02,0.3500,25686.84,11849.25
O-06366,2026-02-22,C-0155,US,US East,Hardware,Online,14,3895.55,0.2701,39806.17,34906.34
O-06367,2026-02-22,C-0401,US,US East,Support & CS,Online,11,601.19,0.2479,4973.95,3538.81
O-06368,2026-02-22,C-0406,EU,Southern Europe,Software,Partner,61,405.54,0.3500,16079.66,7730.53
O-06369,2026-02-22,C-0716,APAC,Southeast Asia,Support & CS,Direct,9,987.12,0.3500,5774.65,4851.18
O-06370,2026-02-22,C-0493,APAC,Japan,Software,Online,83,867.24,0.2766,52072.43,22319.53
O-06371,2026-02-22,C-0379,APAC,Greater China,Services,Direct,19,444.92,0.3500,5494.76,5291.50
O-06372,2026-02-22,C-0576,EU,Benelux & Nordics,Services,Partner,7,627.46,0.3500,2854.94,2716.84
O-06373,2026-02-22,C-0172,EU,DACH,Software,Direct,22,546.37,0.3500,7813.09,3691.82
O-06374,2026-02-22,C-0553,US,US Central,Hardware,Online,6,3341.71,0.2530,14978.13,13152.72
O-06375,2026-02-22,C-0747,APAC,Greater China,Software,Partner,66,325.52,0.3500,13964.81,6601.32
O-06376,2026-02-22,C-0520,APAC,ANZ,Support & CS,Online,3,578.25,0.2692,1267.70,942.03
O-06377,2026-02-22,C-0195,APAC,Southeast Asia,Services,Partner,34,456.60,0.3344,10333.20,9397.26
O-06378,2026-02-22,C-0035,APAC,Greater China,Hardware,Direct,18,1392.84,0.3500,16296.23,16754.22
O-06379,2026-02-22,C-0062,EU,UK & Ireland,Software,Online,106,304.85,0.2563,24030.61,9837.86
O-06380,2026-02-22,C-0415,EU,Benelux & Nordics,Software,Partner,21,452.35,0.3424,6246.95,2920.05
O-06381,2026-02-22,C-0492,APAC,ANZ,Software,Partner,118,673.45,0.3500,51653.62,23335.68
O-06382,2026-02-22,C-0152,EU,DACH,Software,Partner,34,403.14,0.3382,9071.62,4089.18
O-06383,2026-02-23,C-0787,US,US West,Hardware,Partner,17,795.97,0.3455,8855.70,8556.10
O-06384,2026-02-23,C-0531,APAC,Japan,Services,Partner,30,189.92,0.3459,3726.99,3556.80
O-06385,2026-02-23,C-0210,EU,Southern Europe,Software,Online,51,178.67,0.2423,6904.73,2693.31
O-06386,2026-02-23,C-0166,EU,UK & Ireland,Software,Partner,60,728.08,0.3500,28395.12,13535.40
O-06387,2026-02-23,C-0570,EU,Southern Europe,Hardware,Direct,1,1497.98,0.3500,973.69,991.22
O-06388,2026-02-23,C-0599,EU,UK & Ireland,Software,Direct,38,312.24,0.3500,7712.33,3513.10
O-06389,2026-02-23,C-0098,EU,DACH,Hardware,Partner,1,2859.28,0.3500,1858.53,1868.27
O-06390,2026-02-23,C-0666,US,US East,Support & CS,Online,7,2197.76,0.2610,11368.78,8315.86
O-06391,2026-02-23,C-0739,US,US Central,Hardware,Online,16,2156.20,0.2760,24977.67,23033.60
O-06392,2026-02-23,C-0600,EU,Benelux & Nordics,Services,Direct,32,120.52,0.3500,2506.82,2404.48
O-06393,2026-02-23,C-0675,APAC,Japan,Hardware,Partner,9,3074.04,0.3500,17983.13,17956.35
O-06394,2026-02-23,C-0221,APAC,ANZ,Hardware,Direct,2,3287.16,0.3500,4273.31,4472.76
O-06395,2026-02-23,C-0210,EU,Southern Europe,Hardware,Direct,11,1282.66,0.3500,9171.02,9221.96
O-06396,2026-02-23,C-0024,EU,UK & Ireland,Services,Direct,44,550.05,0.3500,15731.43,14878.60
O-06397,2026-02-23,C-0623,EU,UK & Ireland,Support & CS,Partner,1,1422.02,0.3410,937.06,793.21
O-06398,2026-02-23,C-0748,APAC,Southeast Asia,Hardware,Partner,7,1439.67,0.3500,6550.50,6741.28
O-06399,2026-02-23,C-0428,US,US East,Software,Partner,96,834.14,0.3500,52050.34,24187.20
O-06400,2026-02-23,C-0724,EU,DACH,Hardware,Partner,4,573.81,0.3380,1519.35,1511.04
O-06401,2026-02-23,C-0647,APAC,Southeast Asia,Services,Partner,44,299.71,0.3382,8726.75,8022.96
O-06402,2026-02-23,C-0430,EU,UK & Ireland,Support & CS,Partner,3,1755.79,0.3500,3423.79,2961.75
O-06403,2026-02-23,C-0518,APAC,Southeast Asia,Services,Online,38,499.91,0.2401,14435.67,12057.40
O-06404,2026-02-23,C-0384,US,US West,Hardware,Online,12,2831.80,0.2632,25036.25,21604.08
O-06405,2026-02-23,C-0605,EU,Benelux & Nordics,Hardware,Partner,6,1828.24,0.3500,7130.14,7416.24
O-06406,2026-02-23,C-0397,US,US East,Hardware,Online,17,1189.84,0.2725,14715.06,12844.01
O-06407,2026-02-23,C-0145,US,US East,Services,Online,10,172.35,0.2393,1311.07,1040.00
O-06408,2026-02-23,C-0256,US,US Central,Software,Partner,78,386.93,0.3500,19617.35,8958.30
O-06409,2026-02-23,C-0180,EU,UK & Ireland,Hardware,Partner,12,3174.56,0.3500,24761.57,25721.88
O-06410,2026-02-23,C-0787,US,US West,Support & CS,Partner,4,2258.61,0.3500,5872.39,4985.40
O-06411,2026-02-23,C-0701,EU,Southern Europe,Support & CS,Partner,10,1545.37,0.3500,10044.90,8660.70
O-06412,2026-02-23,C-0259,EU,Southern Europe,Support & CS,Partner,9,866.83,0.3480,5086.32,4244.04
O-06413,2026-02-24,C-0361,US,US East,Support & CS,Partner,3,1128.33,0.3373,2243.24,1810.74
O-06414,2026-02-24,C-0450,US,US East,Services,Partner,19,469.35,0.3500,5796.47,5471.24
O-06415,2026-02-24,C-0135,APAC,Southeast Asia,Software,Direct,81,539.29,0.3500,28393.62,12793.14
O-06416,2026-02-24,C-0095,US,US East,Software,Partner,98,317.32,0.3500,20213.28,9052.26
O-06417,2026-02-24,C-0282,APAC,Southeast Asia,Hardware,Online,1,1604.42,0.2386,1221.56,1069.11
O-06418,2026-02-24,C-0443,US,US West,Hardware,Direct,12,1060.93,0.3500,8275.25,8224.08
O-06419,2026-02-24,C-0538,APAC,Greater China,Services,Partner,24,271.07,0.3500,4228.69,4162.08
O-06420,2026-02-24,C-0640,EU,DACH,Hardware,Partner,2,2193.88,0.3451,2873.68,3001.38
O-06421,2026-02-24,C-0005,EU,DACH,Hardware,Partner,2,3409.26,0.3389,4507.84,4685.04
O-06422,2026-02-24,C-0342,APAC,Japan,Hardware,Direct,4,2204.23,0.3500,5731.00,5813.44
O-06423,2026-02-24,C-0210,EU,Southern Europe,Hardware,Direct,3,2143.75,0.3500,4180.31,4286.13
O-06424,2026-02-24,C-0437,US,US West,Hardware,Partner,14,2896.21,0.3500,26355.51,26286.96
O-06425,2026-02-24,C-0754,EU,DACH,Hardware,Online,8,1191.04,0.2410,7231.67,6234.00
O-06426,2026-02-24,C-0486,EU,UK & Ireland,Software,Partner,51,656.21,0.3500,21753.36,10357.08
O-06427,2026-02-24,C-0347,US,US East,Software,Partner,50,721.19,0.3336,24030.16,10565.00
O-06428,2026-02-24,C-0347,US,US East,Software,Online,70,457.43,0.2568,23797.89,9377.90
O-06429,2026-02-24,C-0321,EU,DACH,Software,Partner,110,328.32,0.3500,23474.88,10744.80
O-06430,2026-02-24,C-0579,APAC,ANZ,Software,Direct,54,175.17,0.3500,6148.47,2834.46
O-06431,2026-02-24,C-0518,APAC,Southeast Asia,Support & CS,Direct,1,297.28,0.3500,193.23,160.16
O-06432,2026-02-24,C-0032,EU,Southern Europe,Hardware,Partner,17,1746.86,0.3473,19383.13,20266.55
O-06433,2026-02-24,C-0788,EU,UK & Ireland,Software,Direct,39,392.38,0.3500,9946.83,4622.28
O-06434,2026-02-24,C-0768,EU,DACH,Hardware,Direct,17,798.13,0.3500,8819.34,9311.07
O-06435,2026-02-24,C-0788,EU,UK & Ireland,Software,Direct,119,242.46,0.3500,18754.28,8830.99
O-06436,2026-02-24,C-0266,US,US West,Support & CS,Direct,12,2127.36,0.3500,16593.41,13896.24
O-06437,2026-02-24,C-0564,EU,DACH,Software,Partner,42,706.50,0.3477,19355.86,8996.82
O-06438,2026-02-24,C-0153,EU,DACH,Hardware,Partner,3,2062.90,0.3361,4108.70,4080.54
O-06439,2026-02-24,C-0302,APAC,Southeast Asia,Services,Partner,14,612.46,0.3388,5669.20,5473.72
O-06440,2026-02-24,C-0216,APAC,Japan,Services,Partner,27,471.21,0.3500,8269.74,7943.94
O-06441,2026-02-25,C-0604,EU,Southern Europe,Support & CS,Partner,2,2161.68,0.3448,2832.76,2418.62
O-06442,2026-02-25,C-0195,APAC,Southeast Asia,Hardware,Online,15,3995.19,0.2742,43497.31,39802.50
O-06443,2026-02-25,C-0478,EU,UK & Ireland,Support & CS,Partner,7,1963.25,0.3444,9009.22,7863.94
O-06444,2026-02-25,C-0007,EU,Southern Europe,Hardware,Online,6,1016.56,0.2568,4532.87,4173.78
O-06445,2026-02-25,C-0130,EU,Southern Europe,Support & CS,Partner,7,1318.66,0.3347,6141.18,5129.25
O-06446,2026-02-25,C-0724,EU,DACH,Services,Direct,7,269.17,0.3500,1224.72,1188.95
O-06447,2026-02-25,C-0687,APAC,ANZ,Software,Partner,59,465.00,0.3323,18318.11,8035.21
O-06448,2026-02-25,C-0624,US,US West,Software,Partner,39,129.89,0.3499,3292.99,1453.53
O-06449,2026-02-25,C-0669,EU,UK & Ireland,Hardware,Partner,6,3333.14,0.3337,13324.92,13517.88
O-06450,2026-02-25,C-0756,US,US West,Hardware,Partner,16,2689.96,0.3426,28292.18,27369.28
O-06451,2026-02-25,C-0054,EU,UK & Ireland,Support & CS,Direct,1,571.68,0.3500,371.59,309.87
O-06452,2026-02-25,C-0014,US,US West,Hardware,Direct,5,1810.52,0.3500,5884.19,5975.70
O-06453,2026-02-25,C-0068,EU,UK & Ireland,Hardware,Partner,12,2963.47,0.3494,23134.91,23188.80
O-06454,2026-02-25,C-0572,EU,Southern Europe,Software,Online,119,893.94,0.2447,80348.74,32863.04
O-06455,2026-02-25,C-0199,APAC,ANZ,Support & CS,Online,5,2274.71,0.2641,8369.31,6203.40
O-06456,2026-02-25,C-0383,EU,DACH,Hardware,Direct,7,3014.06,0.3500,13713.97,14524.37
O-06457,2026-02-25,C-0667,US,US West,Hardware,Direct,16,1279.09,0.3500,13302.54,13408.32
O-06458,2026-02-25,C-0607,APAC,Japan,Support & CS,Direct,6,1718.96,0.3500,6703.94,5845.92
O-06459,2026-02-25,C-0595,EU,Benelux & Nordics,Support & CS,Partner,11,2303.24,0.3348,16852.75,14080.55
O-06460,2026-02-25,C-0040,EU,Southern Europe,Hardware,Partner,12,1098.27,0.3500,8566.51,8853.48
O-06461,2026-02-25,C-0041,US,US Central,Software,Online,92,191.11,0.2471,13236.91,5111.52
O-06462,2026-02-25,C-0426,EU,Southern Europe,Software,Direct,22,659.08,0.3500,9424.84,4412.32
O-06463,2026-02-25,C-0689,APAC,Japan,Services,Partner,35,576.79,0.3500,13121.97,12579.00
O-06464,2026-02-26,C-0031,US,US Central,Support & CS,Online,2,2223.08,0.2619,3281.84,2474.64
O-06465,2026-02-26,C-0032,EU,Southern Europe,Hardware,Direct,3,2159.09,0.3500,4210.23,4317.00
O-06466,2026-02-26,C-0524,US,US Central,Hardware,Online,8,3122.41,0.2659,18337.83,16380.24
O-06467,2026-02-26,C-0027,US,US West,Software,Partner,37,648.53,0.3500,15597.15,7041.10
O-06468,2026-02-26,C-0456,EU,Southern Europe,Software,Direct,34,286.06,0.3500,6321.93,2918.90
O-06469,2026-02-26,C-0356,US,US West,Support & CS,Partner,2,1184.43,0.3500,1539.76,1257.62
O-06470,2026-02-26,C-0109,US,US East,Services,Partner,21,393.54,0.3398,5456.05,5196.66
O-06471,2026-02-26,C-0433,US,US Central,Software,Direct,80,535.02,0.3500,27821.04,12528.80
O-06472,2026-02-26,C-0608,APAC,Greater China,Services,Online,27,173.27,0.2563,3479.20,2927.61
O-06473,2026-02-26,C-0571,APAC,Southeast Asia,Services,Direct,45,380.84,0.3500,11139.57,10982.25
O-06474,2026-02-26,C-0624,US,US West,Services,Online,16,432.88,0.2750,5021.46,4200.00
O-06475,2026-02-26,C-0478,EU,UK & Ireland,Services,Direct,1,218.60,0.3500,142.09,135.85
O-06476,2026-02-26,C-0296,EU,Southern Europe,Hardware,Direct,13,2653.35,0.3500,22420.81,23657.27
O-06477,2026-02-26,C-0090,APAC,Southeast Asia,Support & CS,Direct,5,268.29,0.3500,871.94,754.35
O-06478,2026-02-26,C-0363,EU,DACH,Hardware,Partner,2,1801.91,0.3500,2342.48,2362.80
O-06479,2026-02-26,C-0188,US,US East,Services,Online,24,530.32,0.2518,9522.24,7709.76
O-06480,2026-02-26,C-0426,EU,Southern Europe,Services,Partner,35,575.38,0.3327,13438.15,12739.65
O-06481,2026-02-26,C-0790,EU,UK & Ireland,Hardware,Partner,13,3365.31,0.3500,28436.87,28626.00
O-06482,2026-02-26,C-0031,US,US Central,Software,Online,16,303.60,0.2730,3531.65,1440.64
O-06483,2026-02-26,C-0009,US,US West,Software,Direct,112,545.33,0.3500,39700.02,18074.56
O-06484,2026-02-26,C-0036,EU,DACH,Support & CS,Partner,5,1452.09,0.3500,4719.29,3986.40
O-06485,2026-02-26,C-0519,US,US East,Hardware,Direct,3,707.41,0.3500,1379.45,1355.22
O-06486,2026-02-26,C-0103,US,US East,Software,Direct,111,253.63,0.3500,18299.40,8465.97
O-06487,2026-02-26,C-0675,APAC,Japan,Support & CS,Online,10,2087.56,0.2570,15510.99,11617.20
O-06488,2026-02-26,C-0755,EU,Benelux & Nordics,Support & CS,Partner,1,445.78,0.3500,289.76,243.75
O-06489,2026-02-26,C-0431,EU,DACH,Software,Direct,9,751.28,0.3500,4394.99,2048.67
O-06490,2026-02-26,C-0788,EU,UK & Ireland,Services,Partner,40,303.04,0.3329,8086.72,7506.80
O-06491,2026-02-26,C-0018,EU,DACH,Software,Partner,119,162.69,0.3500,12584.07,5750.08
O-06492,2026-02-26,C-0324,US,US Central,Services,Online,9,181.93,0.2607,1210.47,999.09
O-06493,2026-02-26,C-0377,EU,DACH,Hardware,Partner,4,1256.86,0.3494,3270.69,3365.24
O-06494,2026-02-26,C-0308,APAC,Japan,Software,Partner,66,119.80,0.3375,5238.51,2432.76
O-06495,2026-02-26,C-0219,EU,Benelux & Nordics,Software,Direct,64,342.41,0.3500,14244.26,6832.64
O-06496,2026-02-26,C-0591,EU,DACH,Hardware,Direct,16,3980.64,0.3500,41398.66,43848.00
O-06497,2026-02-26,C-0555,APAC,Southeast Asia,Support & CS,Online,1,1043.62,0.2520,780.67,585.25
O-06498,2026-02-26,C-0436,APAC,ANZ,Services,Direct,32,157.76,0.3500,3281.41,3215.36
O-06499,2026-02-27,C-0769,US,US West,Hardware,Direct,6,3237.26,0.3500,12625.31,12675.18
O-06500,2026-02-27,C-0655,EU,DACH,Software,Direct,13,861.08,0.3500,7276.13,3509.22
O-06501,2026-02-27,C-0794,APAC,ANZ,Hardware,Partner,7,3420.28,0.3500,15562.27,15823.64
O-06502,2026-02-27,C-0318,US,US East,Software,Partner,75,847.02,0.3500,41292.22,19131.75
O-06503,2026-02-27,C-0365,APAC,ANZ,Services,Direct,32,379.12,0.3500,7885.70,7354.88
O-06504,2026-02-27,C-0399,EU,DACH,Support & CS,Partner,4,1972.21,0.3387,5216.50,4457.88
O-06505,2026-02-27,C-0344,EU,UK & Ireland,Software,Direct,94,879.21,0.3500,53719.73,25344.28
O-06506,2026-02-27,C-0143,US,US Central,Software,Direct,55,442.10,0.3500,15805.08,7207.75
O-06507,2026-02-27,C-0463,EU,UK & Ireland,Hardware,Partner,17,1206.41,0.3417,13501.02,13660.35
O-06508,2026-02-27,C-0512,EU,Benelux & Nordics,Software,Direct,9,170.39,0.3500,996.78,471.60
O-06509,2026-02-27,C-0287,US,US East,Services,Partner,28,172.71,0.3373,3204.68,3013.92
O-06510,2026-02-27,C-0699,US,US Central,Services,Partner,44,522.78,0.3500,14951.51,14168.88
O-06511,2026-02-27,C-0707,APAC,ANZ,Support & CS,Direct,8,445.90,0.3500,2318.68,1929.60
O-06512,2026-02-27,C-0639,EU,UK & Ireland,Software,Partner,56,278.03,0.3438,10216.66,4721.36
O-06513,2026-02-27,C-0272,EU,UK & Ireland,Hardware,Direct,18,1781.71,0.3500,20846.01,21082.68
O-06514,2026-02-27,C-0464,US,US East,Software,Direct,49,623.36,0.3500,19854.02,9190.93
O-06515,2026-02-27,C-0124,US,US East,Software,Partner,56,556.35,0.3500,20251.14,9038.96
O-06516,2026-02-27,C-0101,EU,UK & Ireland,Services,Partner,4,472.31,0.3314,1263.20,1176.24
O-06517,2026-02-27,C-0141,EU,Benelux & Nordics,Hardware,Direct,3,3478.93,0.3500,6783.91,6805.56
O-06518,2026-02-27,C-0669,EU,UK & Ireland,Hardware,Direct,5,2658.44,0.3500,8639.93,9031.90
O-06519,2026-02-27,C-0211,EU,UK & Ireland,Support & CS,Partner,2,764.61,0.3352,1016.65,861.86
O-06520,2026-02-27,C-0206,APAC,Japan,Hardware,Online,16,2113.24,0.2440,25563.02,22620.32
O-06521,2026-02-27,C-0335,US,US West,Support & CS,Online,1,2145.47,0.2581,1591.70,1187.66
O-06522,2026-02-27,C-0676,APAC,ANZ,Software,Partner,113,132.07,0.3500,9700.54,4559.55
O-06523,2026-02-27,C-0656,APAC,Greater China,Hardware,Partner,5,517.73,0.3449,1695.89,1672.65
O-06524,2026-02-27,C-0058,US,US Central,Support & CS,Partner,8,2253.39,0.3415,11869.97,10030.40
O-06525,2026-02-27,C-0269,EU,UK & Ireland,Software,Partner,114,643.05,0.3500,47650.00,22707.66
O-06526,2026-02-28,C-0599,EU,UK & Ireland,Hardware,Online,14,1271.13,0.2387,13547.47,12058.48
O-06527,2026-02-28,C-0402,APAC,Greater China,Software,Partner,19,304.42,0.3356,3843.05,1727.10
O-06528,2026-02-28,C-0403,EU,DACH,Hardware,Partner,8,1491.00,0.3434,7831.62,7807.92
O-06529,2026-02-28,C-0493,APAC,Japan,Support & CS,Direct,5,481.72,0.3500,1565.59,1338.55
O-06530,2026-02-28,C-0103,US,US East,Hardware,Direct,14,3365.76,0.3500,30628.42,31213.56
O-06531,2026-02-28,C-0672,EU,Southern Europe,Hardware,Partner,11,3245.14,0.3500,23202.75,23359.38
O-06532,2026-02-28,C-0043,EU,Southern Europe,Services,Partner,12,408.82,0.3498,3189.80,3059.16
O-06533,2026-02-28,C-0621,APAC,ANZ,Software,Direct,75,245.39,0.3500,11962.76,5502.00
O-06534,2026-02-28,C-0584,EU,DACH,Hardware,Online,10,889.43,0.2705,6488.83,6070.40
O-06535,2026-02-28,C-0141,EU,Benelux & Nordics,Hardware,Partner,13,763.63,0.3475,6477.54,6759.35
O-06536,2026-02-28,C-0289,US,US West,Hardware,Partner,11,993.80,0.3462,7147.66,7216.66
O-06537,2026-02-28,C-0446,EU,Southern Europe,Software,Partner,14,637.17,0.3500,5798.25,2665.88
O-06538,2026-02-28,C-0690,US,US Central,Hardware,Partner,9,3819.78,0.3500,22345.71,22261.50
O-06539,2026-02-28,C-0273,EU,DACH,Support & CS,Partner,2,2265.90,0.3461,2963.26,2506.30
O-06540,2026-02-28,C-0028,APAC,Greater China,Hardware,Direct,6,3995.74,0.3500,15583.39,15484.38
O-06541,2026-02-28,C-0724,EU,DACH,Software,Partner,64,831.14,0.3500,34575.42,15721.60
O-06542,2026-02-28,C-0043,EU,Southern Europe,Hardware,Direct,10,2475.01,0.3500,16087.57,16164.10
O-06543,2026-02-28,C-0316,US,US East,Hardware,Online,7,2508.07,0.2635,12930.55,11287.43
O-06544,2026-02-28,C-0586,APAC,Southeast Asia,Hardware,Partner,13,1732.06,0.3500,14635.91,14810.77
O-06545,2026-02-28,C-0053,APAC,Japan,Software,Online,38,511.94,0.2466,14656.61,6040.10
O-06546,2026-02-28,C-0007,EU,Southern Europe,Hardware,Partner,9,2171.97,0.3500,12706.02,12722.94
O-06547,2026-02-28,C-0536,APAC,Greater China,Hardware,Direct,12,2092.83,0.3500,16324.07,16957.68
O-06548,2026-02-28,C-0564,EU,DACH,Support & CS,Direct,6,329.32,0.3500,1284.35,1120.68
O-06549,2026-02-28,C-0527,US,US West,Hardware,Direct,10,2720.25,0.3500,17681.62,17485.90
O-06550,2026-02-28,C-0065,EU,DACH,Hardware,Online,9,3803.70,0.2554,25489.68,23099.13
O-06551,2026-02-28,C-0175,EU,UK & Ireland,Hardware,Partner,10,1444.68,0.3500,9390.42,9803.10
O-06552,2026-02-28,C-0767,US,US East,Software,Partner,113,434.44,0.3500,31909.62,14119.35
O-06553,2026-02-28,C-0624,US,US West,Software,Partner,87,167.88,0.3500,9493.61,4267.35
O-06554,2026-03-01,C-0388,US,US East,Hardware,Partner,13,2623.56,0.3419,22444.36,21831.55
O-06555,2026-03-01,C-0501,US,US West,Support & CS,Partner,8,2070.63,0.3418,10902.49,8975.04
O-06556,2026-03-01,C-0193,US,US West,Hardware,Online,15,2631.92,0.2463,29755.23,25201.20
O-06557,2026-03-01,C-0571,APAC,Southeast Asia,Support & CS,Online,8,1238.26,0.2316,7611.41,5494.24
O-06558,2026-03-01,C-0009,US,US West,Hardware,Partner,2,722.84,0.3500,939.69,912.06
O-06559,2026-03-01,C-0579,APAC,ANZ,Support & CS,Partner,1,1455.95,0.3500,946.37,790.22
O-06560,2026-03-01,C-0064,EU,UK & Ireland,Services,Partner,39,331.30,0.3391,8539.77,8026.20
O-06561,2026-03-01,C-0564,EU,DACH,Hardware,Partner,1,3284.56,0.3500,2134.96,2262.20
O-06562,2026-03-01,C-0265,US,US Central,Hardware,Partner,15,2029.23,0.3500,19784.99,19292.85
O-06563,2026-03-01,C-0409,US,US East,Software,Direct,103,752.43,0.3500,50375.19,22504.47
O-06564,2026-03-01,C-0107,US,US Central,Software,Partner,26,679.80,0.3500,11488.62,5280.08
O-06565,2026-03-01,C-0765,US,US East,Hardware,Partner,9,3585.54,0.3500,20975.41,21037.50
O-06566,2026-03-01,C-0299,EU,Southern Europe,Services,Online,28,564.37,0.2594,11703.52,9686.60
O-06567,2026-03-01,C-0584,EU,DACH,Support & CS,Online,1,1258.45,0.2660,923.71,685.66
O-06568,2026-03-01,C-0304,APAC,Southeast Asia,Support & CS,Partner,8,2136.61,0.3425,11238.17,9354.32
O-06569,2026-03-01,C-0523,US,US West,Services,Partner,6,256.08,0.3500,998.71,937.08
O-06570,2026-03-01,C-0316,US,US East,Hardware,Direct,2,739.42,0.3500,961.25,947.62
O-06571,2026-03-01,C-0395,US,US West,Support & CS,Partner,7,817.53,0.3500,3719.76,3120.74
O-06572,2026-03-02,C-0095,US,US East,Software,Direct,7,305.70,0.3500,1390.94,628.04
O-06573,2026-03-02,C-0448,EU,UK & Ireland,Services,Partner,12,496.24,0.3314,3981.21,3818.16
O-06574,2026-03-02,C-0432,APAC,ANZ,Software,Partner,35,578.85,0.3500,13168.84,6060.60
O-06575,2026-03-02,C-0761,US,US West,Software,Partner,117,853.75,0.3500,64927.69,28707.12
O-06576,2026-03-02,C-0315,APAC,Japan,Support & CS,Online,9,1671.77,0.2444,11369.04,8124.93
O-06577,2026-03-02,C-0540,US,US Central,Software,Partner,41,209.33,0.3364,5694.98,2605.96
O-06578,2026-03-02,C-0040,EU,Southern Europe,Hardware,Partner,15,2406.59,0.3306,24163.76,24025.50
O-06579,2026-03-02,C-0468,EU,Southern Europe,Services,Direct,27,161.23,0.3500,2829.59,2783.16
O-06580,2026-03-02,C-0332,EU,Benelux & Nordics,Hardware,Partner,11,855.98,0.3500,6120.26,6118.75
O-06581,2026-03-02,C-0093,US,US West,Support & CS,Partner,3,1034.25,0.3500,2016.79,1704.15
O-06582,2026-03-02,C-0623,EU,UK & Ireland,Services,Direct,36,290.16,0.3500,6789.74,6623.28
O-06583,2026-03-02,C-0792,EU,Benelux & Nordics,Software,Online,28,127.04,0.2779,2568.50,1058.40
O-06584,2026-03-02,C-0034,US,US East,Hardware,Direct,7,468.68,0.3500,2132.49,2103.22
O-06585,2026-03-02,C-0076,APAC,Southeast Asia,Hardware,Partner,6,1290.96,0.3500,5034.74,5265.72
O-06586,2026-03-02,C-0379,APAC,Greater China,Hardware,Direct,7,3369.01,0.3500,15329.00,15903.65
O-06587,2026-03-02,C-0009,US,US West,Software,Partner,58,722.02,0.3387,27693.83,12012.38
O-06588,2026-03-02,C-0017,US,US Central,Support & CS,Partner,3,2315.72,0.3338,4628.52,3856.80
O-06589,2026-03-02,C-0791,US,US West,Hardware,Direct,14,1100.59,0.3500,10015.37,9807.42
O-06590,2026-03-02,C-0042,APAC,ANZ,Services,Direct,44,163.30,0.3500,4670.38,4507.36
O-06591,2026-03-02,C-0600,EU,Benelux & Nordics,Software,Direct,95,152.90,0.3500,9441.58,4326.30
O-06592,2026-03-02,C-0683,US,US East,Services,Direct,5,297.78,0.3500,967.78,931.30
O-06593,2026-03-02,C-0747,APAC,Greater China,Hardware,Direct,11,3846.88,0.3500,27505.19,27825.05
O-06594,2026-03-02,C-0580,EU,Benelux & Nordics,Hardware,Partner,6,3620.91,0.3407,14322.56,14611.98
O-06595,2026-03-03,C-0116,US,US East,Hardware,Online,10,402.87,0.2647,2962.34,2558.00
O-06596,2026-03-03,C-0715,EU,UK & Ireland,Hardware,Direct,4,2732.85,0.3500,7105.41,7536.84
O-06597,2026-03-03,C-0314,EU,DACH,Services,Online,9,544.94,0.2507,3675.06,3069.54
O-06598,2026-03-03,C-0417,US,US West,Support & CS,Partner,6,968.71,0.3356,3861.80,3180.72
O-06599,2026-03-03,C-0772,EU,DACH,Hardware,Direct,3,2529.83,0.3500,4933.17,4967.13
O-06600,2026-03-03,C-0148,EU,Benelux & Nordics,Services,Online,35,465.69,0.2450,12305.60,10461.85
O-06601,2026-03-03,C-0388,US,US East,Services,Partner,28,121.45,0.3322,2270.90,2021.88
O-06602,2026-03-03,C-0068,EU,UK & Ireland,Services,Direct,12,412.14,0.3500,3214.69,3119.16
O-06603,2026-03-03,C-0460,APAC,Southeast Asia,Support & CS,Direct,1,2395.05,0.3500,1556.78,1335.83
O-06604,2026-03-03,C-0719,APAC,Southeast Asia,Software,Direct,59,87.95,0.3500,3372.88,1584.74
O-06605,2026-03-03,C-0543,APAC,Japan,Software,Partner,23,556.34,0.3500,8317.28,3830.65
O-06606,2026-03-03,C-0306,APAC,Japan,Support & CS,Direct,11,900.47,0.3500,6438.36,5507.81
O-06607,2026-03-03,C-0409,US,US East,Software,Partner,66,674.52,0.3500,28936.91,13049.52
O-06608,2026-03-03,C-0308,APAC,Japan,Services,Partner,38,214.28,0.3500,5292.72,5053.62
O-06609,2026-03-03,C-0452,APAC,Southeast Asia,Services,Direct,34,184.24,0.3500,4071.70,3945.36
O-06610,2026-03-03,C-0525,EU,Benelux & Nordics,Hardware,Online,6,567.61,0.2352,2604.59,2271.06
O-06611,2026-03-03,C-0733,EU,UK & Ireland,Hardware,Partner,1,2545.74,0.3500,1654.73,1670.24
O-06612,2026-03-03,C-0588,EU,DACH,Hardware,Direct,18,3506.63,0.3500,41027.57,41753.16
O-06613,2026-03-03,C-0615,US,US East,Software,Partner,20,369.23,0.3465,4825.87,2119.60
O-06614,2026-03-03,C-0518,APAC,Southeast Asia,Support & CS,Direct,10,295.18,0.3500,1918.67,1653.80
O-06615,2026-03-03,C-0446,EU,Southern Europe,Support & CS,Partner,11,2198.46,0.3323,16147.46,13419.56
O-06616,2026-03-03,C-0430,EU,UK & Ireland,Hardware,Direct,14,3541.59,0.3500,32228.47,32715.76
O-06617,2026-03-03,C-0491,US,US East,Software,Partner,77,200.47,0.3463,10090.61,4599.98
O-06618,2026-03-04,C-0299,EU,Southern Europe,Support & CS,Partner,2,1979.58,0.3500,2573.45,2251.52
O-06619,2026-03-04,C-0482,APAC,Greater China,Hardware,Direct,3,3817.21,0.3500,7443.56,7533.63
O-06620,2026-03-04,C-0185,APAC,ANZ,Hardware,Direct,10,987.76,0.3500,6420.44,6639.10
O-06621,2026-03-04,C-0750,US,US Central,Software,Direct,90,212.56,0.3500,12434.76,5520.60
O-06622,2026-03-04,C-0658,US,US East,Hardware,Online,11,630.91,0.2402,5273.16,4432.34
O-06623,2026-03-04,C-0283,APAC,Southeast Asia,Hardware,Direct,9,3011.50,0.3500,17617.28,18316.89
O-06624,2026-03-04,C-0380,US,US West,Services,Partner,18,452.52,0.3371,5399.27,5009.40
O-06625,2026-03-04,C-0009,US,US West,Software,Direct,108,511.42,0.3500,35901.68,16562.88
O-06626,2026-03-04,C-0002,APAC,Japan,Hardware,Partner,10,3406.60,0.3472,22238.07,23007.90
O-06627,2026-03-04,C-0591,EU,DACH,Software,Partner,53,451.91,0.3500,15568.30,7102.53
O-06628,2026-03-04,C-0111,APAC,ANZ,Hardware,Direct,17,1560.42,0.3500,17242.64,17271.49
O-06629,2026-03-04,C-0089,US,US West,Services,Online,28,606.36,0.2610,12546.88,10168.20
O-06630,2026-03-04,C-0450,US,US East,Software,Partner,14,552.56,0.3500,5028.30,2330.16
O-06631,2026-03-04,C-0437,US,US West,Hardware,Partner,18,1188.96,0.3500,13910.83,13619.70
O-06632,2026-03-04,C-0305,EU,UK & Ireland,Support & CS,Partner,10,1135.34,0.3500,7379.71,6338.70
O-06633,2026-03-04,C-0341,EU,UK & Ireland,Hardware,Partner,7,3424.75,0.3500,15582.61,16416.19
O-06634,2026-03-04,C-0041,US,US Central,Services,Online,6,469.63,0.2703,2056.21,1749.00
O-06635,2026-03-04,C-0175,EU,UK & Ireland,Support & CS,Direct,3,816.91,0.3500,1592.97,1389.81
O-06636,2026-03-04,C-0011,EU,DACH,Software,Online,111,716.52,0.2413,60345.62,23862.78
O-06637,2026-03-04,C-0312,US,US West,Software,Direct,41,420.77,0.3500,11213.52,5195.11
O-06638,2026-03-04,C-0619,APAC,Southeast Asia,Hardware,Direct,18,3409.63,0.3500,39892.67,41111.10
O-06639,2026-03-04,C-0044,US,US West,Support & CS,Partner,3,1293.08,0.3394,2562.69,2053.92
O-06640,2026-03-04,C-0477,EU,UK & Ireland,Software,Online,54,431.93,0.2313,17929.00,7172.82
O-06641,2026-03-04,C-0374,APAC,ANZ,Software,Direct,48,626.34,0.3500,19541.81,8919.84
O-06642,2026-03-04,C-0391,EU,DACH,Support & CS,Online,6,2311.43,0.2732,10080.13,7573.62
O-06643,2026-03-04,C-0113,US,US East,Support & CS,Direct,8,2326.42,0.3500,12097.38,10179.84
O-06644,2026-03-04,C-0132,US,US West,Hardware,Partner,18,3151.34,0.3316,37911.63,36845.64
O-06645,2026-03-04,C-0614,US,US West,Hardware,Partner,13,647.99,0.3493,5481.61,5584.54
O-06646,2026-03-04,C-0462,EU,Benelux & Nordics,Hardware,Partner,2,2723.57,0.3496,3542.73,3629.04
O-06647,2026-03-04,C-0584,EU,DACH,Software,Partner,118,77.51,0.3500,5945.02,2731.70
O-06648,2026-03-04,C-0588,EU,DACH,Services,Direct,10,306.45,0.3500,1991.92,1887.60
O-06649,2026-03-04,C-0249,EU,DACH,Hardware,Online,13,471.84,0.2378,4675.07,4181.06
O-06650,2026-03-04,C-0277,EU,UK & Ireland,Services,Direct,9,523.82,0.3500,3064.35,3049.02
O-06651,2026-03-04,C-0259,EU,Southern Europe,Services,Direct,25,617.84,0.3500,10039.90,9802.75
O-06652,2026-03-04,C-0423,US,US East,Hardware,Partner,17,2802.94,0.3320,31830.22,31883.50
O-06653,2026-03-04,C-0399,EU,DACH,Hardware,Direct,8,2306.27,0.3500,11992.60,12252.16
O-06654,2026-03-05,C-0394,EU,DACH,Hardware,Partner,2,1771.51,0.3500,2302.96,2309.84
O-06655,2026-03-05,C-0782,EU,Benelux & Nordics,Software,Partner,44,535.24,0.3500,15307.86,7292.12
O-06656,2026-03-05,C-0740,APAC,ANZ,Software,Partner,50,394.58,0.3357,13105.33,6058.50
O-06657,2026-03-05,C-0239,EU,DACH,Hardware,Direct,5,2596.29,0.3500,8437.94,8602.00
O-06658,2026-03-05,C-0556,US,US West,Support & CS,Partner,4,2184.73,0.3500,5680.30,4596.68
O-06659,2026-03-05,C-0043,EU,Southern Europe,Hardware,Direct,13,2550.88,0.3500,21554.94,21575.71
O-06660,2026-03-05,C-0116,US,US East,Software,Partner,119,154.04,0.3500,11914.99,5566.82
O-06661,2026-03-05,C-0321,EU,DACH,Software,Direct,99,698.17,0.3500,44927.24,20702.88
O-06662,2026-03-05,C-0148,EU,Benelux & Nordics,Software,Partner,108,488.62,0.3500,34301.12,16053.12
O-06663,2026-03-05,C-0041,US,US Central,Software,Online,44,573.49,0.2776,18229.91,7422.36
O-06664,2026-03-05,C-0097,APAC,ANZ,Services,Partner,26,245.35,0.3498,4147.62,3912.48
O-06665,2026-03-05,C-0515,APAC,Southeast Asia,Hardware,Partner,10,1288.86,0.3500,8377.59,8515.90
O-06666,2026-03-05,C-0174,APAC,Southeast Asia,Support & CS,Direct,4,2021.40,0.3500,5255.64,4577.88
O-06667,2026-03-05,C-0492,APAC,ANZ,Software,Partner,94,705.25,0.3500,43090.78,19721.20
O-06668,2026-03-05,C-0250,EU,Benelux & Nordics,Support & CS,Partner,12,481.36,0.3500,3754.61,3278.16
O-06669,2026-03-05,C-0112,EU,UK & Ireland,Support & CS,Partner,2,378.85,0.3423,498.36,418.10
O-06670,2026-03-05,C-0724,EU,DACH,Software,Partner,89,215.88,0.3500,12488.66,5859.76
O-06671,2026-03-05,C-0514,EU,UK & Ireland,Hardware,Direct,15,2555.20,0.3500,24913.20,25790.85
O-06672,2026-03-05,C-0650,EU,DACH,Hardware,Direct,12,1495.60,0.3500,11665.68,11710.32
O-06673,2026-03-05,C-0732,APAC,Japan,Support & CS,Direct,4,1910.76,0.3500,4967.98,4105.52
O-06674,2026-03-05,C-0700,EU,UK & Ireland,Services,Partner,38,447.24,0.3414,11193.60,10814.80
O-06675,2026-03-05,C-0591,EU,DACH,Hardware,Partner,18,3425.56,0.3451,40378.28,41180.58
O-06676,2026-03-05,C-0324,US,US Central,Hardware,Direct,14,3659.57,0.3500,33302.09,33013.96
O-06677,2026-03-05,C-0375,US,US Central,Hardware,Partner,4,2386.97,0.3366,6333.72,6074.88
O-06678,2026-03-05,C-0455,US,US West,Services,Partner,5,363.76,0.3375,1205.00,1133.00
O-06679,2026-03-05,C-0740,APAC,ANZ,Services,Partner,34,305.54,0.3500,6752.43,6395.06
O-06680,2026-03-05,C-0069,US,US East,Services,Partner,6,445.53,0.3387,1767.65,1627.32
O-06681,2026-03-06,C-0369,EU,Southern Europe,Support & CS,Online,7,728.49,0.2636,3755.39,2796.01
O-06682,2026-03-06,C-0030,US,US Central,Support & CS,Online,4,554.58,0.2728,1613.15,1181.24
O-06683,2026-03-06,C-0745,APAC,Southeast Asia,Support & CS,Direct,12,1935.29,0.3500,15095.26,12788.04
O-06684,2026-03-06,C-0743,US,US Central,Support & CS,Partner,1,1054.61,0.3500,685.50,580.27
O-06685,2026-03-06,C-0624,US,US West,Hardware,Direct,13,3448.92,0.3500,29143.37,29103.10
O-06686,2026-03-06,C-0460,APAC,Southeast Asia,Services,Online,29,135.27,0.2602,2902.23,2466.45
O-06687,2026-03-06,C-0166,EU,UK & Ireland,Software,Online,115,389.01,0.2717,32579.33,13314.70
O-06688,2026-03-06,C-0401,US,US East,Software,Direct,24,394.31,0.3500,6151.24,2840.64
O-06689,2026-03-06,C-0265,US,US Central,Services,Partner,39,528.21,0.3500,13390.12,12631.71
O-06690,2026-03-06,C-0684,US,US East,Support & CS,Partner,8,1201.79,0.3489,6259.45,5103.12
O-06691,2026-03-06,C-0540,US,US Central,Software,Online,97,444.57,0.2485,32405.62,12490.69
O-06692,2026-03-06,C-0740,APAC,ANZ,Software,Online,43,829.36,0.2431,26991.70,10641.64
O-06693,2026-03-06,C-0110,EU,DACH,Software,Partner,80,651.75,0.3314,34861.79,16192.00
O-06694,2026-03-06,C-0597,APAC,ANZ,Services,Direct,17,323.04,0.3500,3569.59,3348.32
O-06695,2026-03-06,C-0021,EU,DACH,Software,Direct,105,71.29,0.3500,4865.54,2268.00
O-06696,2026-03-06,C-0143,US,US Central,Hardware,Direct,5,967.24,0.3500,3143.53,3067.35
O-06697,2026-03-06,C-0436,APAC,ANZ,Support & CS,Direct,11,726.86,0.3500,5197.05,4521.11
O-06698,2026-03-06,C-0432,APAC,ANZ,Support & CS,Partner,5,829.05,0.3463,2709.74,2304.35
O-06699,2026-03-06,C-0586,APAC,Southeast Asia,Services,Online,45,392.58,0.2769,12774.75,10747.35
O-06700,2026-03-06,C-0147,APAC,Greater China,Services,Online,19,575.28,0.2627,8058.97,6718.59
O-06701,2026-03-06,C-0478,EU,UK & Ireland,Software,Partner,61,810.69,0.3341,32927.69,14893.76
O-06702,2026-03-06,C-0002,APAC,Japan,Software,Direct,8,293.78,0.3500,1527.66,716.40
O-06703,2026-03-06,C-0113,US,US East,Services,Direct,12,306.77,0.3500,2392.81,2310.48
O-06704,2026-03-06,C-0451,EU,UK & Ireland,Hardware,Online,16,3225.32,0.2451,38958.22,34544.96
O-06705,2026-03-06,C-0194,US,US West,Services,Online,10,143.18,0.2423,1084.89,880.10
O-06706,2026-03-06,C-0739,US,US Central,Software,Partner,106,269.86,0.3500,18593.35,8631.58
O-06707,2026-03-06,C-0489,APAC,Greater China,Hardware,Partner,5,532.20,0.3500,1729.65,1815.45
O-06708,2026-03-06,C-0003,US,US West,Services,Partner,30,459.52,0.3500,8960.64,8518.20
O-06709,2026-03-06,C-0577,US,US East,Services,Partner,18,368.88,0.3500,4315.90,4116.24
O-06710,2026-03-06,C-0002,APAC,Japan,Hardware,Partner,4,1388.62,0.3500,3610.41,3610.84
O-06711,2026-03-06,C-0155,US,US East,Software,Partner,96,764.33,0.3500,47694.19,21746.88
O-06712,2026-03-06,C-0600,EU,Benelux & Nordics,Hardware,Direct,5,2380.14,0.3500,7735.45,7803.35
O-06713,2026-03-06,C-0206,APAC,Japan,Hardware,Partner,5,2055.81,0.3500,6681.38,6898.85
O-06714,2026-03-06,C-0133,US,US West,Services,Partner,36,496.07,0.3320,11929.03,10783.44
O-06715,2026-03-06,C-0189,APAC,ANZ,Services,Online,12,525.96,0.2707,4603.16,3947.16
O-06716,2026-03-06,C-0110,EU,DACH,Services,Partner,23,195.97,0.3500,2929.75,2787.14
O-06717,2026-03-06,C-0095,US,US East,Software,Partner,27,746.40,0.3379,13343.05,5905.98
O-06718,2026-03-06,C-0034,US,US East,Hardware,Direct,12,2860.44,0.3500,22311.43,22860.36
O-06719,2026-03-06,C-0149,EU,Southern Europe,Services,Partner,31,524.74,0.3338,10836.92,10358.96
O-06720,2026-03-07,C-0706,APAC,Japan,Hardware,Partner,4,1042.12,0.3500,2709.51,2830.36
O-06721,2026-03-07,C-0378,EU,Benelux & Nordics,Hardware,Partner,12,3916.01,0.3441,30819.96,32191.92
O-06722,2026-03-07,C-0633,US,US Central,Hardware,Partner,14,1685.65,0.3500,15339.42,15614.48
O-06723,2026-03-07,C-0283,APAC,Southeast Asia,Support & CS,Partner,12,251.28,0.3500,1959.98,1667.16
O-06724,2026-03-07,C-0034,US,US East,Hardware,Partner,10,1630.53,0.3500,10598.44,10680.90
O-06725,2026-03-07,C-0570,EU,Southern Europe,Services,Partner,36,599.02,0.3375,14286.16,13754.88
O-06726,2026-03-07,C-0438,APAC,Southeast Asia,Hardware,Direct,11,4025.56,0.3500,28782.75,30127.90
O-06727,2026-03-07,C-0559,EU,DACH,Services,Partner,29,150.62,0.3500,2839.19,2764.57
O-06728,2026-03-07,C-0222,US,US Central,Hardware,Direct,15,2545.55,0.3500,24819.11,24324.75
O-06729,2026-03-07,C-0684,US,US East,Hardware,Partner,12,615.54,0.3473,4820.80,4870.80
O-06730,2026-03-07,C-0267,US,US East,Software,Partner,100,391.09,0.3420,25732.72,11331.00
O-06731,2026-03-07,C-0136,EU,UK & Ireland,Hardware,Partner,10,2675.46,0.3383,17704.57,17606.80
O-06732,2026-03-07,C-0397,US,US East,Services,Partner,33,309.42,0.3482,6655.91,6400.35
O-06733,2026-03-07,C-0691,US,US East,Hardware,Direct,3,1183.14,0.3500,2307.12,2288.34
O-06734,2026-03-07,C-0545,EU,Southern Europe,Hardware,Online,7,553.12,0.2317,2974.92,2651.53
O-06735,2026-03-07,C-0472,EU,Southern Europe,Software,Partner,112,665.09,0.3500,48418.55,22179.36
O-06736,2026-03-07,C-0248,US,US Central,Services,Partner,25,142.20,0.3500,2310.75,2202.75
O-06737,2026-03-07,C-0192,APAC,Japan,Hardware,Direct,13,4083.09,0.3500,34502.11,36076.43
O-06738,2026-03-07,C-0301,US,US Central,Support & CS,Partner,7,2297.28,0.3368,10664.40,8482.32
O-06739,2026-03-07,C-0192,APAC,Japan,Support & CS,Online,10,2014.43,0.2619,14868.32,11030.90
O-06740,2026-03-07,C-0594,EU,Benelux & Nordics,Hardware,Partner,14,3579.66,0.3483,32658.39,34104.84
O-06741,2026-03-07,C-0774,US,US East,Hardware,Partner,5,3856.19,0.3495,12541.40,12561.85
O-06742,2026-03-07,C-0583,EU,Benelux & Nordics,Support & CS,Partner,9,1806.08,0.3500,10565.57,9242.55
O-06743,2026-03-08,C-0485,EU,UK & Ireland,Hardware,Partner,3,2080.20,0.3500,4056.39,4295.49
O-06744,2026-03-08,C-0093,US,US West,Support & CS,Online,1,1317.68,0.2413,999.77,707.44
O-06745,2026-03-08,C-0165,EU,Benelux & Nordics,Support & CS,Partner,7,816.26,0.3500,3713.98,3272.08
O-06746,2026-03-08,C-0490,US,US West,Services,Online,1,301.76,0.2460,227.53,187.85
O-06747,2026-03-08,C-0731,EU,DACH,Hardware,Direct,13,3285.63,0.3500,27763.57,28046.59
O-06748,2026-03-08,C-0623,EU,UK & Ireland,Software,Direct,34,614.75,0.3500,13585.98,6221.32
O-06749,2026-03-08,C-0448,EU,UK & Ireland,Software,Online,28,140.53,0.2478,2959.95,1212.96
O-06750,2026-03-08,C-0442,APAC,Japan,Services,Partner,1,150.96,0.3500,98.12,94.92
O-06751,2026-03-08,C-0130,EU,Southern Europe,Software,Partner,27,729.66,0.3344,13112.33,6017.49
O-06752,2026-03-08,C-0794,APAC,ANZ,Software,Partner,21,802.17,0.3500,10949.62,4946.34
O-06753,2026-03-08,C-0272,EU,UK & Ireland,Support & CS,Direct,1,2198.57,0.3500,1429.07,1217.05
O-06754,2026-03-08,C-0304,APAC,Southeast Asia,Software,Direct,12,645.50,0.3500,5034.90,2325.00
O-06755,2026-03-08,C-0454,EU,DACH,Support & CS,Online,10,1375.92,0.2395,10463.77,7808.90
O-06756,2026-03-08,C-0369,EU,Southern Europe,Hardware,Direct,15,4099.03,0.3500,39965.54,40691.25
O-06757,2026-03-08,C-0743,US,US Central,Services,Direct,36,446.79,0.3500,10454.89,10037.88
O-06758,2026-03-08,C-0607,APAC,Japan,Services,Online,3,615.91,0.2548,1376.99,1178.58
O-06759,2026-03-08,C-0372,US,US East,Support & CS,Partner,2,2354.42,0.3500,3060.75,2534.54
O-06760,2026-03-08,C-0395,US,US West,Hardware,Partner,13,4133.79,0.3411,35406.28,33902.57
O-06761,2026-03-08,C-0704,US,US West,Hardware,Partner,14,2548.75,0.3385,23603.88,22732.78
O-06762,2026-03-08,C-0353,APAC,Japan,Software,Partner,105,122.47,0.3500,8358.58,3990.00
O-06763,2026-03-08,C-0030,US,US Central,Hardware,Direct,12,4136.62,0.3500,32265.64,33027.96
O-06764,2026-03-08,C-0490,US,US West,Hardware,Partner,14,2532.46,0.3500,23045.39,23075.64
O-06765,2026-03-08,C-0527,US,US West,Hardware,Direct,4,3927.88,0.3500,10212.49,10317.92
O-06766,2026-03-08,C-0326,EU,Benelux & Nordics,Software,Direct,92,370.23,0.3500,22139.75,10262.60
O-06767,2026-03-08,C-0677,US,US East,Support & CS,Partner,1,2042.42,0.3496,1328.34,1073.74
O-06768,2026-03-08,C-0206,APAC,Japan,Services,Partner,16,377.03,0.3396,3983.81,3788.64
O-06769,2026-03-09,C-0762,EU,Benelux & Nordics,Services,Partner,23,178.14,0.3441,2687.32,2505.85
O-06770,2026-03-09,C-0206,APAC,Japan,Software,Direct,6,220.27,0.3500,859.05,403.14
O-06771,2026-03-09,C-0567,APAC,Southeast Asia,Software,Partner,10,116.56,0.3409,768.21,347.20
O-06772,2026-03-09,C-0498,US,US East,Hardware,Online,11,2119.00,0.2729,16947.20,14825.91
O-06773,2026-03-09,C-0589,EU,DACH,Software,Partner,28,276.73,0.3500,5036.49,2325.40
O-06774,2026-03-09,C-0184,US,US West,Services,Partner,29,226.49,0.3500,4269.34,4092.77
O-06775,2026-03-09,C-0422,EU,DACH,Support & CS,Partner,7,312.69,0.3414,1441.46,1240.26
O-06776,2026-03-09,C-0050,EU,Southern Europe,Services,Partner,41,570.35,0.3500,15199.83,14757.54
O-06777,2026-03-09,C-0787,US,US West,Software,Partner,24,501.85,0.3479,7854.20,3581.76
O-06778,2026-03-09,C-0362,US,US East,Services,Partner,37,244.04,0.3500,5869.16,5491.54
O-06779,2026-03-09,C-0617,APAC,ANZ,Support & CS,Online,3,2310.69,0.2549,5164.74,3726.36
O-06780,2026-03-09,C-0794,APAC,ANZ,Software,Partner,53,710.91,0.3500,24490.85,11575.73
O-06781,2026-03-09,C-0003,US,US West,Software,Partner,93,335.77,0.3500,20297.30,9051.69
O-06782,2026-03-09,C-0401,US,US East,Software,Partner,112,644.06,0.3500,46887.57,21757.12
O-06783,2026-03-09,C-0489,APAC,Greater China,Hardware,Partner,18,1435.09,0.3500,16790.55,17497.26
O-06784,2026-03-09,C-0206,APAC,Japan,Software,Partner,96,429.99,0.3500,26831.38,12526.08
O-06785,2026-03-09,C-0754,EU,DACH,Hardware,Partner,13,3267.34,0.3500,27609.02,28787.85
O-06786,2026-03-09,C-0505,APAC,Greater China,Hardware,Partner,4,1632.41,0.3500,4244.27,4428.48
O-06787,2026-03-09,C-0027,US,US West,Hardware,Online,6,1515.97,0.2501,6821.31,5758.56
O-06788,2026-03-09,C-0061,US,US Central,Services,Partner,18,454.91,0.3307,5480.79,4976.82
O-06789,2026-03-09,C-0080,EU,Benelux & Nordics,Software,Partner,25,354.16,0.3500,5755.10,2624.75
O-06790,2026-03-09,C-0191,US,US East,Software,Partner,87,299.01,0.3500,16909.02,7659.48
O-06791,2026-03-09,C-0600,EU,Benelux & Nordics,Hardware,Online,6,3219.49,0.2611,14273.13,12967.38
O-06792,2026-03-09,C-0251,APAC,Japan,Support & CS,Online,12,1446.02,0.2617,12811.42,9825.60
O-06793,2026-03-09,C-0095,US,US East,Services,Direct,11,510.39,0.3500,3649.29,3529.24
O-06794,2026-03-09,C-0231,US,US West,Hardware,Partner,14,357.93,0.3500,3257.16,3348.80
O-06795,2026-03-09,C-0011,EU,DACH,Software,Online,66,63.76,0.2511,3151.62,1311.42
O-06796,2026-03-09,C-0080,EU,Benelux & Nordics,Hardware,Direct,14,2037.52,0.3500,18541.43,18973.08
O-06797,2026-03-09,C-0726,EU,DACH,Services,Partner,22,203.25,0.3401,2950.59,2796.86
O-06798,2026-03-09,C-0579,APAC,ANZ,Software,Partner,33,486.06,0.3500,10425.99,4931.52
O-06799,2026-03-09,C-0713,US,US Central,Services,Direct,1,134.32,0.3500,87.31,82.47
O-06800,2026-03-09,C-0744,US,US East,Hardware,Partner,12,2875.42,0.3500,22428.28,22299.84
O-06801,2026-03-10,C-0506,US,US East,Hardware,Direct,16,2527.46,0.3500,26285.58,26491.52
O-06802,2026-03-10,C-0514,EU,UK & Ireland,Software,Direct,44,596.72,0.3500,17066.19,8188.40
O-06803,2026-03-10,C-0101,EU,UK & Ireland,Software,Direct,36,225.38,0.3500,5273.89,2405.88
O-06804,2026-03-10,C-0424,EU,Benelux & Nordics,Software,Partner,120,255.42,0.3333,20434.26,9212.40
O-06805,2026-03-10,C-0155,US,US East,Software,Online,9,384.75,0.2797,2494.16,1052.64
O-06806,2026-03-10,C-0340,EU,DACH,Support & CS,Partner,5,437.46,0.3500,1421.74,1197.25
O-06807,2026-03-10,C-0394,EU,DACH,Software,Partner,103,510.30,0.3500,34164.58,15887.75
O-06808,2026-03-10,C-0427,EU,DACH,Software,Direct,101,697.27,0.3500,45775.78,21253.43
O-06809,2026-03-10,C-0773,US,US East,Services,Partner,15,549.70,0.3331,5499.20,5088.00
O-06810,2026-03-10,C-0778,US,US West,Hardware,Online,14,2073.79,0.2414,22025.28,18572.40
O-06811,2026-03-10,C-0719,APAC,Southeast Asia,Software,Partner,91,356.32,0.3500,21076.33,9784.32
O-06812,2026-03-10,C-0604,EU,Southern Europe,Software,Online,83,824.55,0.2534,51092.99,21360.05
O-06813,2026-03-10,C-0339,EU,DACH,Hardware,Partner,9,3374.14,0.3500,19738.72,19933.65
O-06814,2026-03-10,C-0624,US,US West,Hardware,Online,14,3329.92,0.2692,34070.38,30600.36
O-06815,2026-03-10,C-0739,US,US Central,Hardware,Direct,17,3767.79,0.3500,41634.08,40614.02
O-06816,2026-03-10,C-0131,EU,DACH,Hardware,Direct,2,3883.13,0.3500,5048.07,5202.86
O-06817,2026-03-10,C-0456,EU,Southern Europe,Hardware,Online,13,4027.68,0.2757,37924.58,34932.82
O-06818,2026-03-10,C-0605,EU,Benelux & Nordics,Software,Online,92,583.91,0.2325,41229.09,16825.88
O-06819,2026-03-10,C-0044,US,US West,Hardware,Partner,15,3192.36,0.3500,31125.51,30771.45
O-06820,2026-03-10,C-0098,EU,DACH,Software,Online,33,233.92,0.2467,5814.91,2418.90
O-06821,2026-03-10,C-0433,US,US Central,Services,Partner,41,441.45,0.3500,11764.64,10853.11
O-06822,2026-03-10,C-0793,US,US East,Hardware,Partner,15,1807.08,0.3500,17619.03,17269.95
O-06823,2026-03-10,C-0302,APAC,Southeast Asia,Hardware,Partner,9,548.29,0.3500,3207.50,3322.62
O-06824,2026-03-10,C-0367,APAC,Southeast Asia,Software,Online,106,423.11,0.2342,34346.10,13693.08
O-06825,2026-03-10,C-0278,EU,Southern Europe,Support & CS,Partner,12,435.83,0.3377,3463.74,2858.76
O-06826,2026-03-10,C-0674,EU,DACH,Software,Direct,109,378.99,0.3500,26851.44,12543.72
O-06827,2026-03-11,C-0011,EU,DACH,Hardware,Partner,16,1265.83,0.3500,13164.63,13547.84
O-06828,2026-03-11,C-0476,US,US West,Hardware,Partner,8,1016.38,0.3500,5285.18,5361.92
O-06829,2026-03-11,C-0213,APAC,Southeast Asia,Software,Online,46,617.81,0.2712,20712.66,8688.94
O-06830,2026-03-11,C-0749,EU,DACH,Support & CS,Partner,4,1798.76,0.3500,4676.78,3999.60
O-06831,2026-03-11,C-0741,APAC,Greater China,Services,Online,2,260.57,0.2458,393.04,330.42
O-06832,2026-03-11,C-0797,US,US Central,Services,Direct,20,467.20,0.3500,6073.60,5870.20
O-06833,2026-03-11,C-0317,US,US East,Services,Partner,5,201.18,0.3500,653.84,606.10
O-06834,2026-03-11,C-0575,US,US West,Services,Direct,42,406.13,0.3500,11087.35,10239.60
O-06835,2026-03-11,C-0725,EU,Southern Europe,Support & CS,Partner,8,1625.55,0.3500,8452.86,7227.76
O-06836,2026-03-11,C-0758,EU,Benelux & Nordics,Software,Direct,89,146.85,0.3500,8495.27,4050.39
O-06837,2026-03-11,C-0109,US,US East,Services,Partner,10,472.70,0.3500,3072.55,2843.80
O-06838,2026-03-11,C-0145,US,US East,Services,Partner,21,419.30,0.3500,5723.45,5454.33
O-06839,2026-03-11,C-0471,US,US East,Software,Direct,120,773.09,0.3500,60301.02,28108.80
O-06840,2026-03-11,C-0074,US,US West,Services,Direct,42,196.90,0.3500,5375.37,5149.20
O-06841,2026-03-11,C-0185,APAC,ANZ,Support & CS,Direct,12,1176.15,0.3500,9173.97,7938.00
O-06842,2026-03-11,C-0069,US,US East,Hardware,Online,17,4181.90,0.2396,54055.82,45038.78
O-06843,2026-03-11,C-0740,APAC,ANZ,Support & CS,Partner,10,540.69,0.3482,3524.27,3012.80
O-06844,2026-03-11,C-0044,US,US West,Hardware,Direct,15,2307.19,0.3500,22495.10,22994.25
O-06845,2026-03-11,C-0583,EU,Benelux & Nordics,Services,Partner,12,611.35,0.3500,4768.53,4754.52
O-06846,2026-03-11,C-0649,EU,DACH,Software,Partner,10,469.70,0.3356,3120.69,1472.80
O-06847,2026-03-11,C-0349,APAC,Greater China,Services,Direct,31,234.56,0.3500,4726.38,4659.92
O-06848,2026-03-12,C-0712,EU,Southern Europe,Support & CS,Online,10,1048.92,0.2625,7735.65,5753.70
O-06849,2026-03-12,C-0113,US,US East,Software,Partner,26,500.48,0.3500,8458.11,3732.04
O-06850,2026-03-12,C-0071,APAC,Greater China,Hardware,Direct,4,1725.39,0.3500,4486.01,4643.36
O-06851,2026-03-12,C-0478,EU,UK & Ireland,Hardware,Online,2,3815.84,0.2421,5783.96,5234.26
O-06852,2026-03-12,C-0312,US,US West,Support & CS,Direct,3,449.61,0.3500,876.74,715.11
O-06853,2026-03-12,C-0667,US,US West,Hardware,Partner,1,3468.94,0.3500,2254.81,2260.45
O-06854,2026-03-12,C-0239,EU,DACH,Support & CS,Direct,8,1123.21,0.3500,5840.69,5033.52
O-06855,2026-03-12,C-0696,APAC,Greater China,Support & CS,Direct,1,927.03,0.3500,602.57,497.41
O-06856,2026-03-12,C-0423,US,US East,Services,Online,41,165.47,0.2403,5153.72,4020.87
O-06857,2026-03-12,C-0286,US,US East,Hardware,Partner,3,3852.35,0.3407,7619.78,7360.74
O-06858,2026-03-12,C-0135,APAC,Southeast Asia,Software,Partner,16,520.00,0.3500,5408.00,2481.12
O-06859,2026-03-12,C-0409,US,US East,Hardware,Online,15,2510.00,0.2716,27425.84,24384.60
O-06860,2026-03-12,C-0490,US,US West,Services,Partner,2,628.76,0.3500,817.39,781.76
O-06861,2026-03-12,C-0704,US,US West,Software,Direct,42,490.50,0.3500,13390.65,6175.26
O-06862,2026-03-12,C-0375,US,US Central,Services,Partner,22,279.01,0.3500,3989.84,3737.80
O-06863,2026-03-12,C-0657,US,US Central,Hardware,Direct,11,2210.13,0.3500,15802.43,15456.32
O-06864,2026-03-12,C-0115,US,US East,Services,Online,38,565.24,0.2383,16360.38,13110.00
O-06865,2026-03-12,C-0064,EU,UK & Ireland,Services,Partner,34,131.28,0.3444,2926.25,2743.80
O-06866,2026-03-12,C-0132,US,US West,Hardware,Partner,7,1760.38,0.3500,8009.73,7983.92
O-06867,2026-03-12,C-0669,EU,UK & Ireland,Software,Partner,44,894.96,0.3500,25595.86,12326.16
O-06868,2026-03-12,C-0143,US,US Central,Hardware,Partner,9,3098.11,0.3500,18123.94,18537.21
O-06869,2026-03-12,C-0627,US,US Central,Support & CS,Partner,6,796.48,0.3308,3197.82,2602.08
O-06870,2026-03-12,C-0490,US,US West,Hardware,Direct,1,1718.65,0.3500,1117.12,1089.16
O-06871,2026-03-12,C-0322,US,US Central,Hardware,Partner,5,1401.81,0.3394,4630.45,4589.60
O-06872,2026-03-12,C-0201,APAC,Greater China,Services,Partner,15,216.41,0.3500,2110.00,1985.25
O-06873,2026-03-12,C-0683,US,US East,Support & CS,Partner,7,1280.97,0.3500,5828.41,4762.24
O-06874,2026-03-12,C-0721,APAC,Southeast Asia,Hardware,Partner,1,763.55,0.3341,508.44,518.43
O-06875,2026-03-12,C-0755,EU,Benelux & Nordics,Services,Partner,6,548.34,0.3416,2166.11,2022.18
O-06876,2026-03-13,C-0531,APAC,Japan,Support & CS,Direct,8,1330.95,0.3500,6920.94,5828.80
O-06877,2026-03-13,C-0476,US,US West,Services,Direct,7,140.24,0.3500,638.09,613.69
O-06878,2026-03-13,C-0118,APAC,Japan,Software,Partner,46,880.83,0.3500,26336.82,12454.04
O-06879,2026-03-13,C-0042,APAC,ANZ,Hardware,Online,16,1214.20,0.2648,14283.77,12668.80
O-06880,2026-03-13,C-0222,US,US Central,Hardware,Partner,14,3775.10,0.3500,34353.41,33634.86
O-06881,2026-03-13,C-0469,EU,UK & Ireland,Services,Direct,2,316.63,0.3500,411.62,390.88
O-06882,2026-03-13,C-0223,EU,DACH,Hardware,Direct,7,1124.01,0.3500,5114.25,5161.17
O-06883,2026-03-13,C-0011,EU,DACH,Hardware,Partner,17,1582.89,0.3500,17490.93,17581.23
O-06884,2026-03-13,C-0325,US,US East,Software,Partner,22,419.08,0.3500,5992.84,2751.10
O-06885,2026-03-13,C-0425,EU,Benelux & Nordics,Hardware,Partner,5,3123.16,0.3500,10150.27,10742.30
O-06886,2026-03-13,C-0518,APAC,Southeast Asia,Software,Partner,6,404.77,0.3500,1578.60,723.24
O-06887,2026-03-13,C-0498,US,US East,Hardware,Partner,17,2725.05,0.3500,30111.80,30055.49
O-06888,2026-03-13,C-0337,US,US East,Services,Partner,24,598.05,0.3305,9609.63,8781.12
O-06889,2026-03-13,C-0526,US,US West,Software,Direct,112,321.12,0.3500,23377.54,10523.52
O-06890,2026-03-13,C-0579,APAC,ANZ,Software,Online,70,88.93,0.2419,4719.41,1855.70
O-06891,2026-03-13,C-0589,EU,DACH,Hardware,Direct,1,2754.21,0.3500,1790.24,1829.58
O-06892,2026-03-13,C-0218,EU,DACH,Software,Partner,5,189.84,0.3500,616.98,292.35
O-06893,2026-03-13,C-0549,EU,UK & Ireland,Support & CS,Partner,6,1255.71,0.3500,4897.27,4109.58
O-06894,2026-03-13,C-0417,US,US West,Software,Partner,65,294.78,0.3320,12799.36,5757.05
O-06895,2026-03-13,C-0197,EU,Southern Europe,Software,Partner,71,775.34,0.3446,36081.22,16968.29
O-06896,2026-03-14,C-0027,US,US West,Services,Partner,21,586.47,0.3500,8005.32,7481.25
O-06897,2026-03-14,C-0364,EU,DACH,Support & CS,Direct,2,798.99,0.3500,1038.69,890.00
O-06898,2026-03-14,C-0283,APAC,Southeast Asia,Hardware,Direct,3,3794.81,0.3500,7399.88,7750.23
O-06899,2026-03-14,C-0446,EU,Southern Europe,Hardware,Direct,6,1162.61,0.3500,4534.18,4808.16
O-06900,2026-03-14,C-0074,US,US West,Software,Direct,12,830.04,0.3500,6474.31,3012.24
O-06901,2026-03-14,C-0706,APAC,Japan,Support & CS,Partner,11,2310.83,0.3500,16522.43,14432.88
O-06902,2026-03-14,C-0081,EU,Southern Europe,Software,Partner,65,756.82,0.3500,31975.65,14946.75
O-06903,2026-03-14,C-0332,EU,Benelux & Nordics,Support & CS,Partner,3,297.90,0.3343,594.89,496.86
O-06904,2026-03-14,C-0284,EU,Southern Europe,Hardware,Partner,10,1131.61,0.3500,7355.46,7639.80
O-06905,2026-03-14,C-0403,EU,DACH,Support & CS,Partner,8,895.37,0.3500,4655.92,4101.68
O-06906,2026-03-14,C-0169,EU,Benelux & Nordics,Hardware,Direct,10,888.73,0.3500,5776.74,5858.10
O-06907,2026-03-14,C-0144,EU,Benelux & Nordics,Hardware,Partner,8,1333.10,0.3500,6932.12,7258.88
O-06908,2026-03-14,C-0296,EU,Southern Europe,Software,Partner,67,827.64,0.3500,36043.72,16468.60
O-06909,2026-03-14,C-0513,US,US East,Support & CS,Partner,5,1343.85,0.3500,4367.51,3633.00
O-06910,2026-03-14,C-0331,EU,Benelux & Nordics,Software,Direct,78,452.63,0.3500,22948.34,10460.58
O-06911,2026-03-14,C-0397,US,US East,Hardware,Partner,13,1000.25,0.3352,8645.10,8378.63
O-06912,2026-03-14,C-0316,US,US East,Software,Partner,80,245.64,0.3500,12773.28,5956.80
O-06913,2026-03-14,C-0510,US,US Central,Hardware,Partner,9,1686.60,0.3423,9984.01,10161.81
O-06914,2026-03-14,C-0729,US,US East,Hardware,Direct,14,678.56,0.3500,6174.90,6204.10
O-06915,2026-03-14,C-0562,US,US Central,Hardware,Partner,7,1651.18,0.3500,7512.87,7477.75
O-06916,2026-03-14,C-0283,APAC,Southeast Asia,Software,Partner,79,82.66,0.3319,4362.80,1999.49
O-06917,2026-03-14,C-0331,EU,Benelux & Nordics,Hardware,Partner,1,2902.54,0.3489,1889.89,1886.38
O-06918,2026-03-15,C-0773,US,US East,Services,Online,32,518.96,0.2506,12444.29,10070.72
O-06919,2026-03-15,C-0583,EU,Benelux & Nordics,Support & CS,Partner,7,2074.52,0.3500,9439.07,8153.32
O-06920,2026-03-15,C-0277,EU,UK & Ireland,Support & CS,Partner,4,1340.96,0.3500,3486.50,2988.44
O-06921,2026-03-15,C-0490,US,US West,Hardware,Partner,16,4036.82,0.3500,41982.93,40879.84
O-06922,2026-03-15,C-0287,US,US East,Hardware,Partner,12,2213.06,0.3500,17261.87,17312.64
O-06923,2026-03-15,C-0315,APAC,Japan,Software,Direct,72,242.67,0.3500,11356.96,5335.92
O-06924,2026-03-15,C-0602,US,US East,Software,Partner,114,786.71,0.3500,58295.21,26476.50
O-06925,2026-03-15,C-0769,US,US West,Services,Partner,20,316.52,0.3453,4144.44,3918.60
O-06926,2026-03-15,C-0277,EU,UK & Ireland,Hardware,Partner,4,3889.71,0.3500,10113.25,10536.56
O-06927,2026-03-15,C-0799,APAC,Japan,Software,Partner,81,350.00,0.3500,18427.50,8590.05
O-06928,2026-03-15,C-0229,US,US West,Hardware,Partner,8,3762.24,0.3500,19563.65,19625.20
O-06929,2026-03-15,C-0318,US,US East,Software,Direct,93,682.65,0.3500,41266.19,18370.29
O-06930,2026-03-15,C-0107,US,US Central,Support & CS,Partner,11,2143.50,0.3500,15326.02,13071.19
O-06931,2026-03-15,C-0181,US,US East,Hardware,Online,14,3588.22,0.2419,38084.32,32785.90
O-06932,2026-03-15,C-0029,US,US West,Services,Partner,20,376.81,0.3500,4898.53,4531.60
O-06933,2026-03-15,C-0401,US,US East,Support & CS,Online,2,1795.88,0.2530,2682.89,1965.48
O-06934,2026-03-15,C-0254,EU,DACH,Services,Partner,33,627.85,0.3500,13467.38,12704.01
O-06935,2026-03-15,C-0740,APAC,ANZ,Software,Direct,23,166.62,0.3500,2490.97,1125.16
O-06936,2026-03-15,C-0515,APAC,Southeast Asia,Hardware,Online,2,3305.92,0.2773,4778.70,4473.64
O-06937,2026-03-15,C-0640,EU,DACH,Software,Partner,43,254.63,0.3500,7116.91,3320.46
O-06938,2026-03-15,C-0323,APAC,Southeast Asia,Services,Direct,28,310.77,0.3500,5656.01,5477.92
O-06939,2026-03-15,C-0604,EU,Southern Europe,Hardware,Partner,2,2227.23,0.3485,2902.10,2899.58
O-06940,2026-03-15,C-0747,APAC,Greater China,Services,Partner,22,600.02,0.3500,8580.29,8443.16
O-06941,2026-03-15,C-0085,US,US East,Software,Partner,55,165.59,0.3500,5919.84,2720.85
O-06942,2026-03-15,C-0701,EU,Southern Europe,Software,Partner,34,287.99,0.3500,6364.58,3031.44
O-06943,2026-03-15,C-0045,US,US East,Hardware,Partner,11,3194.61,0.3500,22841.46,22393.47
O-06944,2026-03-15,C-0012,US,US East,Software,Direct,19,841.74,0.3500,10395.49,4831.70
O-06945,2026-03-16,C-0230,US,US East,Hardware,Partner,4,408.74,0.3500,1062.72,1063.80
O-06946,2026-03-16,C-0332,EU,Benelux & Nordics,Support & CS,Direct,12,1137.08,0.3500,8869.22,7796.16
O-06947,2026-03-16,C-0351,EU,UK & Ireland,Services,Partner,44,176.36,0.3500,5043.90,4738.36
O-06948,2026-03-16,C-0122,US,US West,Services,Direct,12,581.58,0.3500,4536.32,4241.52
O-06949,2026-03-16,C-0339,EU,DACH,Hardware,Partner,17,2540.91,0.3320,28853.19,28635.65
O-06950,2026-03-16,C-0142,US,US East,Hardware,Direct,10,2280.45,0.3500,14822.93,14659.90
O-06951,2026-03-16,C-0579,APAC,ANZ,Software,Partner,100,273.80,0.3410,18042.99,8232.00
O-06952,2026-03-16,C-0396,EU,DACH,Software,Direct,76,682.78,0.3500,33729.33,16217.64
O-06953,2026-03-16,C-0755,EU,Benelux & Nordics,Hardware,Online,3,1325.32,0.2667,2915.72,2663.55
O-06954,2026-03-16,C-0783,US,US Central,Hardware,Partner,8,2264.58,0.3388,11978.08,11662.48
O-06955,2026-03-16,C-0081,EU,Southern Europe,Services,Online,35,163.39,0.2361,4368.64,3648.40
O-06956,2026-03-16,C-0466,US,US East,Services,Partner,9,490.89,0.3500,2871.71,2729.34
O-06957,2026-03-16,C-0101,EU,UK & Ireland,Services,Direct,12,326.06,0.3500,2543.27,2410.32
O-06958,2026-03-16,C-0138,EU,DACH,Support & CS,Partner,4,1689.43,0.3500,4392.52,3843.72
O-06959,2026-03-16,C-0791,US,US West,Hardware,Partner,4,3704.52,0.3411,9763.57,9649.72
O-06960,2026-03-16,C-0117,APAC,Southeast Asia,Services,Partner,24,345.87,0.3447,5439.24,5116.80
O-06961,2026-03-16,C-0729,US,US East,Services,Partner,28,333.01,0.3387,6165.90,5584.60
O-06962,2026-03-16,C-0667,US,US West,Hardware,Direct,4,3764.42,0.3500,9787.49,9767.88
O-06963,2026-03-16,C-0609,EU,DACH,Hardware,Online,8,779.63,0.2396,4742.42,4086.40
O-06964,2026-03-16,C-0660,EU,Benelux & Nordics,Hardware,Direct,17,1612.04,0.3500,17813.04,18787.72
O-06965,2026-03-16,C-0045,US,US East,Services,Direct,43,579.17,0.3500,16187.80,15288.22
O-06966,2026-03-17,C-0660,EU,Benelux & Nordics,Software,Partner,72,588.83,0.3500,27557.24,12747.60
O-06967,2026-03-17,C-0612,EU,UK & Ireland,Software,Partner,57,822.71,0.3500,30481.41,14523.03
O-06968,2026-03-17,C-0478,EU,UK & Ireland,Services,Partner,24,196.87,0.3457,3091.38,2886.00
O-06969,2026-03-17,C-0627,US,US Central,Software,Direct,6,662.11,0.3500,2582.23,1178.70
O-06970,2026-03-17,C-0305,EU,UK & Ireland,Software,Partner,117,371.51,0.3481,28334.35,13070.07
O-06971,2026-03-17,C-0378,EU,Benelux & Nordics,Software,Online,18,62.66,0.2636,830.62,342.18
O-06972,2026-03-17,C-0353,APAC,Japan,Software,Direct,54,531.03,0.3500,18639.15,8669.16
O-06973,2026-03-17,C-0536,APAC,Greater China,Services,Direct,29,451.81,0.3500,8516.62,8390.57
O-06974,2026-03-17,C-0166,EU,UK & Ireland,Software,Partner,94,557.06,0.3500,34036.37,15524.10
O-06975,2026-03-17,C-0486,EU,UK & Ireland,Software,Online,85,726.85,0.2431,46763.01,19271.20
O-06976,2026-03-17,C-0540,US,US Central,Hardware,Direct,17,2099.23,0.3500,23196.49,22949.32
O-06977,2026-03-17,C-0723,EU,UK & Ireland,Software,Partner,55,425.17,0.3500,15199.83,7035.05
O-06978,2026-03-17,C-0474,APAC,Southeast Asia,Services,Direct,16,204.31,0.3500,2124.82,2025.76
O-06979,2026-03-17,C-0548,US,US Central,Software,Online,10,606.51,0.2514,4540.14,1809.60
O-06980,2026-03-17,C-0328,US,US Central,Software,Partner,8,761.61,0.3500,3960.37,1850.08
O-06981,2026-03-17,C-0230,US,US East,Software,Direct,109,503.26,0.3500,35655.97,15988.12
O-06982,2026-03-17,C-0444,EU,DACH,Hardware,Partner,6,1278.53,0.3500,4986.27,5191.08
O-06983,2026-03-17,C-0474,APAC,Southeast Asia,Services,Direct,44,457.31,0.3500,13079.07,12289.20
O-06984,2026-03-17,C-0019,EU,UK & Ireland,Hardware,Partner,17,2934.17,0.3500,32422.58,34116.62
O-06985,2026-03-17,C-0611,APAC,Japan,Hardware,Partner,16,3967.24,0.3500,41259.30,41989.60
O-06986,2026-03-17,C-0272,EU,UK & Ireland,Software,Direct,39,410.18,0.3500,10398.06,4805.97
O-06987,2026-03-17,C-0063,EU,UK & Ireland,Support & CS,Partner,6,497.18,0.3362,1980.12,1661.76
O-06988,2026-03-17,C-0382,EU,DACH,Services,Partner,3,290.94,0.3500,567.33,551.64
O-06989,2026-03-17,C-0492,APAC,ANZ,Software,Partner,110,679.05,0.3309,49977.33,22126.50
O-06990,2026-03-17,C-0665,APAC,Japan,Software,Direct,49,470.82,0.3500,14995.62,7083.44
O-06991,2026-03-17,C-0710,US,US East,Services,Partner,7,449.37,0.3441,2063.04,1919.61
O-06992,2026-03-17,C-0707,APAC,ANZ,Software,Partner,52,86.60,0.3448,2950.55,1350.96
O-06993,2026-03-17,C-0003,US,US West,Hardware,Online,17,1664.66,0.2565,21041.26,18913.52
O-06994,2026-03-17,C-0239,EU,DACH,Support & CS,Partner,12,342.96,0.3500,2675.09,2287.44
O-06995,2026-03-17,C-0716,APAC,Southeast Asia,Services,Partner,40,377.48,0.3500,9814.48,9165.20
O-06996,2026-03-17,C-0774,US,US East,Hardware,Partner,4,4027.40,0.3436,10575.07,10414.00
O-06997,2026-03-18,C-0572,EU,Southern Europe,Software,Direct,84,211.03,0.3500,11522.24,5414.64
O-06998,2026-03-18,C-0694,EU,UK & Ireland,Services,Online,4,601.48,0.2481,1809.12,1482.08
O-06999,2026-03-18,C-0026,EU,Southern Europe,Support & CS,Online,12,1380.55,0.2687,12115.69,9486.00
O-07000,2026-03-18,C-0777,EU,UK & Ireland,Hardware,Direct,5,1163.76,0.3500,3782.22,3931.60
O-07001,2026-03-18,C-0590,US,US East,Support & CS,Direct,10,2187.74,0.3500,14220.31,11570.90
O-07002,2026-03-18,C-0335,US,US West,Hardware,Partner,10,504.50,0.3500,3279.25,3227.50
O-07003,2026-03-18,C-0715,EU,UK & Ireland,Services,Partner,14,250.38,0.3500,2278.46,2214.94
O-07004,2026-03-18,C-0197,EU,Southern Europe,Software,Partner,105,326.05,0.3500,22252.91,10507.35
O-07005,2026-03-18,C-0292,APAC,Japan,Services,Partner,34,543.39,0.3441,12117.50,11712.66
O-07006,2026-03-18,C-0152,EU,DACH,Support & CS,Partner,10,1209.05,0.3307,8091.77,6835.20
O-07007,2026-03-18,C-0400,EU,UK & Ireland,Support & CS,Partner,8,560.99,0.3362,2978.95,2444.88
O-07008,2026-03-18,C-0463,EU,UK & Ireland,Software,Direct,63,773.39,0.3500,31670.32,14905.17
O-07009,2026-03-18,C-0348,EU,UK & Ireland,Services,Partner,17,156.40,0.3500,1728.22,1664.30
O-07010,2026-03-18,C-0655,EU,DACH,Services,Online,14,124.38,0.2371,1328.39,1090.60
O-07011,2026-03-18,C-0494,APAC,Southeast Asia,Hardware,Online,9,4041.72,0.2511,27242.06,23450.04
O-07012,2026-03-18,C-0724,EU,DACH,Hardware,Online,10,2098.44,0.2676,15368.19,14145.90
O-07013,2026-03-18,C-0479,US,US West,Software,Partner,58,693.63,0.3317,26884.19,12070.96
O-07014,2026-03-18,C-0440,EU,UK & Ireland,Hardware,Online,14,2842.80,0.2686,29107.33,26821.34
O-07015,2026-03-18,C-0282,APAC,Southeast Asia,Software,Online,116,126.64,0.2479,11048.69,4423.08
O-07016,2026-03-18,C-0185,APAC,ANZ,Services,Partner,10,543.46,0.3500,3532.49,3390.10
O-07017,2026-03-18,C-0602,US,US East,Support & CS,Online,3,1224.31,0.2739,2666.78,2036.55
O-07018,2026-03-18,C-0450,US,US East,Services,Direct,2,275.47,0.3500,358.11,339.98
O-07019,2026-03-18,C-0372,US,US East,Services,Partner,30,317.76,0.3500,6196.32,5816.10
O-07020,2026-03-18,C-0146,US,US West,Services,Partner,43,447.70,0.3500,12513.22,12064.51
O-07021,2026-03-18,C-0536,APAC,Greater China,Software,Partner,6,664.43,0.3361,2646.67,1236.84
O-07022,2026-03-18,C-0191,US,US East,Hardware,Direct,18,1917.55,0.3500,22435.34,22059.90
O-07023,2026-03-18,C-0469,EU,UK & Ireland,Hardware,Partner,8,3147.44,0.3500,16366.69,17118.16
O-07024,2026-03-18,C-0306,APAC,Japan,Hardware,Partner,3,462.50,0.3474,905.48,936.12
O-07025,2026-03-18,C-0020,APAC,ANZ,Hardware,Partner,3,3987.74,0.3500,7776.09,7920.21
O-07026,2026-03-18,C-0572,EU,Southern Europe,Software,Online,119,876.27,0.2435,78884.22,32178.79
O-07027,2026-03-19,C-0651,US,US Central,Software,Online,91,83.74,0.2633,5614.03,2204.02
O-07028,2026-03-19,C-0534,EU,UK & Ireland,Support & CS,Online,3,1209.02,0.2665,2660.48,2016.78
O-07029,2026-03-19,C-0320,US,US East,Software,Partner,21,684.23,0.3500,9339.74,4132.80
O-07030,2026-03-19,C-0659,EU,Benelux & Nordics,Services,Partner,34,349.79,0.3500,7730.36,7550.04
O-07031,2026-03-19,C-0573,APAC,Southeast Asia,Hardware,Online,4,524.44,0.2315,1612.15,1419.92
O-07032,2026-03-19,C-0053,APAC,Japan,Hardware,Direct,7,1999.37,0.3500,9097.13,9394.00
O-07033,2026-03-19,C-0108,APAC,Greater China,Services,Online,31,545.82,0.2706,12342.43,10238.37
O-07034,2026-03-19,C-0683,US,US East,Hardware,Partner,1,2595.86,0.3453,1699.63,1720.30
O-07035,2026-03-19,C-0464,US,US East,Software,Partner,22,766.16,0.3420,11090.84,4867.28
O-07036,2026-03-19,C-0773,US,US East,Software,Partner,16,546.74,0.3500,5686.10,2545.28
O-07037,2026-03-19,C-0474,APAC,Southeast Asia,Services,Online,18,209.14,0.2680,2755.48,2353.14
O-07038,2026-03-19,C-0149,EU,Southern Europe,Hardware,Partner,12,2576.46,0.3500,20096.39,20916.12
O-07039,2026-03-19,C-0746,US,US West,Hardware,Partner,15,618.57,0.3500,6031.06,5871.00
O-07040,2026-03-19,C-0592,EU,UK & Ireland,Hardware,Partner,7,1853.73,0.3500,8434.47,8711.01
O-07041,2026-03-19,C-0109,US,US East,Services,Partner,39,547.52,0.3500,13879.63,12715.56
O-07042,2026-03-19,C-0252,EU,Southern Europe,Software,Partner,60,720.76,0.3500,28109.64,12925.20
O-07043,2026-03-19,C-0800,US,US Central,Services,Direct,3,494.73,0.3500,964.72,884.13
O-07044,2026-03-19,C-0707,APAC,ANZ,Hardware,Partner,5,2009.71,0.3395,6636.67,6732.30
O-07045,2026-03-19,C-0231,US,US West,Hardware,Direct,15,1172.99,0.3500,11436.65,11385.30
O-07046,2026-03-19,C-0222,US,US Central,Hardware,Direct,7,3271.64,0.3500,14885.96,14648.83
O-07047,2026-03-19,C-0685,US,US East,Hardware,Direct,4,2036.88,0.3500,5295.89,5312.76
O-07048,2026-03-19,C-0622,US,US East,Software,Direct,9,838.56,0.3500,4905.58,2244.51
O-07049,2026-03-19,C-0512,EU,Benelux & Nordics,Hardware,Direct,6,3197.74,0.3500,12471.19,13155.24
O-07050,2026-03-19,C-0125,EU,DACH,Services,Partner,43,407.39,0.3393,11574.67,11284.92
O-07051,2026-03-19,C-0712,EU,Southern Europe,Support & CS,Online,1,1738.62,0.2766,1257.65,970.51
O-07052,2026-03-19,C-0255,EU,UK & Ireland,Hardware,Direct,10,1097.84,0.3500,7135.96,7162.10
O-07053,2026-03-19,C-0043,EU,Southern Europe,Software,Partner,48,263.54,0.3316,8455.04,3884.16
O-07054,2026-03-19,C-0464,US,US East,Support & CS,Partner,7,2392.33,0.3369,11104.94,9187.22
O-07055,2026-03-19,C-0216,APAC,Japan,Software,Online,98,469.37,0.2430,34819.67,13875.82
O-07056,2026-03-19,C-0386,US,US East,Software,Direct,31,249.94,0.3500,5036.29,2234.17
O-07057,2026-03-19,C-0409,US,US East,Software,Partner,28,700.89,0.3416,12920.49,5889.52
O-07058,2026-03-19,C-0186,APAC,ANZ,Software,Direct,47,505.15,0.3500,15432.33,7117.21
O-07059,2026-03-19,C-0014,US,US West,Support & CS,Direct,4,1693.22,0.3500,4402.37,3566.88
O-07060,2026-03-20,C-0797,US,US Central,Services,Partner,16,394.91,0.3498,4108.45,3913.12
O-07061,2026-03-20,C-0647,APAC,Southeast Asia,Hardware,Partner,13,2962.20,0.3500,25030.59,25823.07
O-07062,2026-03-20,C-0115,US,US East,Software,Direct,52,513.97,0.3500,17372.19,7777.12
O-07063,2026-03-20,C-0235,EU,Southern Europe,Hardware,Direct,6,519.45,0.3500,2025.86,2127.42
O-07064,2026-03-20,C-0129,US,US Central,Services,Partner,13,524.36,0.3500,4430.84,4230.72
O-07065,2026-03-20,C-0374,APAC,ANZ,Hardware,Partner,16,699.33,0.3430,7351.07,7288.48
O-07066,2026-03-20,C-0579,APAC,ANZ,Software,Partner,28,130.23,0.3500,2370.19,1071.00
O-07067,2026-03-20,C-0170,US,US Central,Software,Direct,62,651.84,0.3500,26269.15,11595.24
O-07068,2026-03-20,C-0780,EU,DACH,Software,Direct,111,664.88,0.3500,47971.09,22318.77
O-07069,2026-03-20,C-0421,EU,Southern Europe,Hardware,Partner,4,3235.40,0.3363,8589.20,8648.16
O-07070,2026-03-20,C-0376,EU,DACH,Software,Partner,27,159.01,0.3466,2805.20,1287.36
O-07071,2026-03-20,C-0517,EU,UK & Ireland,Support & CS,Online,11,1908.05,0.2472,15800.85,11825.22
O-07072,2026-03-20,C-0034,US,US East,Hardware,Partner,5,2343.51,0.3500,7616.41,7417.70
O-07073,2026-03-20,C-0132,US,US West,Software,Online,102,742.88,0.2616,55952.19,22433.88
O-07074,2026-03-20,C-0531,APAC,Japan,Software,Online,16,865.96,0.2640,10197.51,4158.08
O-07075,2026-03-20,C-0606,US,US West,Hardware,Direct,4,2321.55,0.3500,6036.03,6001.76
O-07076,2026-03-20,C-0211,EU,UK & Ireland,Hardware,Partner,18,624.28,0.3305,7522.77,7711.38
O-07077,2026-03-20,C-0274,US,US East,Hardware,Partner,2,3212.95,0.3500,4176.84,4113.00
O-07078,2026-03-20,C-0464,US,US East,Software,Partner,109,703.35,0.3451,50205.79,21975.49
O-07079,2026-03-20,C-0793,US,US East,Hardware,Partner,3,1940.17,0.3450,3812.30,3834.81
O-07080,2026-03-20,C-0455,US,US West,Software,Partner,79,724.38,0.3375,37913.23,16923.38
O-07081,2026-03-20,C-0122,US,US West,Software,Partner,102,863.52,0.3319,58847.89,25780.50
O-07082,2026-03-21,C-0063,EU,UK & Ireland,Software,Direct,103,203.54,0.3500,13627.00,6526.08
O-07083,2026-03-21,C-0489,APAC,Greater China,Services,Partner,11,380.48,0.3367,2775.99,2641.65
O-07084,2026-03-21,C-0629,US,US East,Hardware,Partner,5,1628.38,0.3500,5292.24,5415.00
O-07085,2026-03-21,C-0283,APAC,Southeast Asia,Support & CS,Partner,2,558.57,0.3500,726.14,615.84
O-07086,2026-03-21,C-0320,US,US East,Services,Partner,17,469.41,0.3437,5236.87,5000.55
O-07087,2026-03-21,C-0572,EU,Southern Europe,Services,Partner,32,210.48,0.3500,4377.98,4235.20
O-07088,2026-03-21,C-0538,APAC,Greater China,Support & CS,Partner,11,1610.97,0.3470,11571.85,9943.12
O-07089,2026-03-21,C-0397,US,US East,Software,Direct,10,486.00,0.3500,3159.00,1396.90
O-07090,2026-03-21,C-0529,EU,DACH,Software,Partner,52,572.18,0.3473,19420.33,9269.52
O-07091,2026-03-21,C-0058,US,US Central,Services,Direct,34,235.77,0.3500,5210.52,4956.52
O-07092,2026-03-21,C-0020,APAC,ANZ,Hardware,Direct,3,2248.94,0.3500,4385.43,4424.97
O-07093,2026-03-21,C-0360,EU,DACH,Software,Partner,40,238.31,0.3326,6362.29,2942.40
O-07094,2026-03-21,C-0365,APAC,ANZ,Hardware,Partner,7,2942.72,0.3392,13611.53,13875.12
O-07095,2026-03-21,C-0380,US,US West,Software,Direct,24,229.12,0.3500,3574.27,1581.12
O-07096,2026-03-21,C-0083,US,US Central,Software,Partner,84,404.40,0.3500,22080.24,9752.40
O-07097,2026-03-21,C-0536,APAC,Greater China,Hardware,Direct,5,4182.53,0.3500,13593.22,14163.50
O-07098,2026-03-21,C-0434,EU,DACH,Support & CS,Online,7,264.23,0.2549,1378.11,1049.16
O-07099,2026-03-21,C-0081,EU,Southern Europe,Hardware,Direct,4,850.73,0.3500,2211.90,2285.60
O-07100,2026-03-21,C-0775,US,US East,Hardware,Partner,1,4023.31,0.3500,2615.15,2627.06
O-07101,2026-03-21,C-0320,US,US East,Support & CS,Partner,5,1595.73,0.3500,5186.12,4214.35
O-07102,2026-03-21,C-0419,EU,UK & Ireland,Services,Partner,15,460.09,0.3429,4534.64,4441.35
O-07103,2026-03-21,C-0302,APAC,Southeast Asia,Services,Partner,40,267.95,0.3500,6966.70,6729.20
O-07104,2026-03-21,C-0290,EU,Southern Europe,Support & CS,Direct,7,868.17,0.3500,3950.17,3396.47
O-07105,2026-03-21,C-0243,EU,DACH,Hardware,Partner,15,3141.78,0.3500,30632.36,31557.00
O-07106,2026-03-21,C-0206,APAC,Japan,Software,Online,94,303.22,0.2377,21728.33,8538.02
O-07107,2026-03-21,C-0335,US,US West,Services,Direct,27,643.10,0.3500,11286.41,10440.09
O-07108,2026-03-21,C-0767,US,US East,Software,Partner,65,130.11,0.3500,5497.15,2530.45
O-07109,2026-03-21,C-0210,EU,Southern Europe,Support & CS,Partner,3,951.39,0.3438,1872.92,1549.95
O-07110,2026-03-21,C-0793,US,US East,Services,Direct,24,467.13,0.3500,7287.23,6872.88
O-07111,2026-03-21,C-0117,APAC,Southeast Asia,Software,Online,113,166.52,0.2406,14290.22,5525.70
O-07112,2026-03-21,C-0050,EU,Southern Europe,Hardware,Partner,12,1642.90,0.3500,12814.62,12920.16
O-07113,2026-03-21,C-0024,EU,UK & Ireland,Hardware,Online,12,3191.33,0.2637,28197.68,25554.96
O-07114,2026-03-21,C-0273,EU,DACH,Hardware,Partner,18,3018.57,0.3481,35420.46,36118.26
O-07115,2026-03-22,C-0230,US,US East,Hardware,Direct,16,2779.65,0.3500,28908.36,28551.04
O-07116,2026-03-22,C-0263,EU,Southern Europe,Hardware,Online,7,3062.94,0.2763,15517.08,13996.71
O-07117,2026-03-22,C-0323,APAC,Southeast Asia,Hardware,Partner,11,1384.85,0.3500,9901.68,10290.83
O-07118,2026-03-22,C-0590,US,US East,Hardware,Partner,14,2791.31,0.3500,25400.92,26072.34
O-07119,2026-03-22,C-0611,APAC,Japan,Software,Direct,114,245.01,0.3500,18155.24,8349.36
O-07120,2026-03-22,C-0285,US,US West,Services,Partner,30,467.78,0.3500,9121.71,8363.70
O-07121,2026-03-22,C-0337,US,US East,Support & CS,Online,5,563.40,0.2470,2121.18,1512.70
O-07122,2026-03-22,C-0583,EU,Benelux & Nordics,Hardware,Partner,4,3458.01,0.3500,8990.83,9211.84
O-07123,2026-03-22,C-0569,EU,UK & Ireland,Software,Partner,105,690.90,0.3500,47153.93,22277.85
O-07124,2026-03-22,C-0141,EU,Benelux & Nordics,Support & CS,Partner,9,995.21,0.3447,5869.61,4995.99
O-07125,2026-03-22,C-0548,US,US Central,Software,Partner,32,874.66,0.3500,18192.93,8028.80
O-07126,2026-03-22,C-0783,US,US Central,Hardware,Partner,5,852.75,0.3500,2771.44,2748.45
O-07127,2026-03-22,C-0255,EU,UK & Ireland,Software,Online,110,806.28,0.2796,63888.85,26743.20
O-07128,2026-03-22,C-0623,EU,UK & Ireland,Software,Online,5,526.52,0.2515,1970.47,816.35
O-07129,2026-03-22,C-0666,US,US East,Services,Partner,36,314.16,0.3476,7378.55,7058.88
O-07130,2026-03-22,C-0515,APAC,Southeast Asia,Software,Partner,12,678.07,0.3500,5288.95,2511.36
O-07131,2026-03-22,C-0458,EU,Benelux & Nordics,Software,Partner,83,671.96,0.3500,36252.24,17034.09
O-07132,2026-03-22,C-0486,EU,UK & Ireland,Support & CS,Partner,12,1793.57,0.3440,14118.15,12009.48
O-07133,2026-03-22,C-0548,US,US Central,Support & CS,Partner,12,278.56,0.3311,2236.07,1831.92
O-07134,2026-03-22,C-0363,EU,DACH,Software,Direct,107,599.77,0.3500,41714.00,20050.73
O-07135,2026-03-22,C-0785,US,US East,Hardware,Partner,5,2415.17,0.3500,7849.30,7779.65
O-07136,2026-03-22,C-0699,US,US Central,Hardware,Direct,7,2582.88,0.3500,11752.10,11583.11
O-07137,2026-03-22,C-0322,US,US Central,Services,Partner,13,340.63,0.3463,2894.62,2699.97
O-07138,2026-03-22,C-0054,EU,UK & Ireland,Software,Direct,88,252.82,0.3500,14461.30,6729.36
O-07139,2026-03-22,C-0147,APAC,Greater China,Hardware,Partner,16,1804.43,0.3500,18766.07,19392.16
O-07140,2026-03-22,C-0023,US,US East,Hardware,Partner,18,3354.65,0.3500,39249.41,39269.52
O-07141,2026-03-22,C-0322,US,US Central,Hardware,Direct,7,3230.38,0.3500,14698.23,14862.33
O-07142,2026-03-22,C-0746,US,US West,Support & CS,Online,7,483.32,0.2584,2509.10,1813.91
O-07143,2026-03-22,C-0731,EU,DACH,Support & CS,Partner,10,574.07,0.3450,3759.97,3295.40
O-07144,2026-03-22,C-0579,APAC,ANZ,Services,Online,39,159.20,0.2514,4648.19,3863.34
O-07145,2026-03-22,C-0377,EU,DACH,Software,Partner,5,871.32,0.3500,2831.79,1343.80
O-07146,2026-03-22,C-0547,EU,UK & Ireland,Hardware,Partner,8,2950.51,0.3500,15342.65,16129.52
O-07147,2026-03-22,C-0285,US,US West,Software,Online,113,725.35,0.2431,62035.45,24635.13
O-07148,2026-03-22,C-0482,APAC,Greater China,Services,Partner,1,623.29,0.3500,405.14,379.58
O-07149,2026-03-23,C-0400,EU,UK & Ireland,Hardware,Partner,12,1962.33,0.3500,15306.17,15483.12
O-07150,2026-03-23,C-0669,EU,UK & Ireland,Hardware,Direct,17,2454.61,0.3500,27123.44,27578.93
O-07151,2026-03-23,C-0526,US,US West,Software,Direct,58,653.70,0.3500,24644.49,11530.40
O-07152,2026-03-23,C-0660,EU,Benelux & Nordics,Hardware,Online,5,1225.56,0.2387,4664.94,4196.45
O-07153,2026-03-23,C-0235,EU,Southern Europe,Software,Direct,14,171.20,0.3500,1557.92,748.16
O-07154,2026-03-23,C-0280,US,US East,Services,Online,7,152.39,0.2534,796.38,638.05
O-07155,2026-03-23,C-0272,EU,UK & Ireland,Services,Partner,17,196.26,0.3500,2168.67,2159.17
O-07156,2026-03-23,C-0114,US,US Central,Hardware,Partner,10,1875.99,0.3371,12435.64,12488.90
O-07157,2026-03-23,C-0367,APAC,Southeast Asia,Hardware,Direct,3,1636.14,0.3500,3190.47,3337.44
O-07158,2026-03-23,C-0559,EU,DACH,Hardware,Direct,13,4028.49,0.3500,34040.74,35051.25
O-07159,2026-03-23,C-0769,US,US West,Software,Online,20,134.31,0.2784,1938.27,782.20
O-07160,2026-03-23,C-0105,APAC,Greater China,Hardware,Partner,8,2151.60,0.3500,11188.32,11147.20
O-07161,2026-03-23,C-0044,US,US West,Hardware,Partner,6,4177.92,0.3500,16293.89,16465.08
O-07162,2026-03-23,C-0127,EU,UK & Ireland,Support & CS,Partner,4,1906.18,0.3497,4958.39,4265.12
O-07163,2026-03-23,C-0295,US,US East,Support & CS,Direct,11,325.65,0.3500,2328.40,1921.26
O-07164,2026-03-23,C-0602,US,US East,Hardware,Online,17,3063.84,0.2491,39112.85,34031.28
O-07165,2026-03-23,C-0015,US,US East,Software,Direct,23,514.56,0.3500,7692.67,3543.15
O-07166,2026-03-23,C-0720,US,US West,Support & CS,Partner,2,1714.01,0.3500,2228.21,1815.66
O-07167,2026-03-23,C-0206,APAC,Japan,Software,Partner,120,467.98,0.3500,36502.44,17002.80
O-07168,2026-03-23,C-0269,EU,UK & Ireland,Services,Partner,5,465.51,0.3500,1512.91,1465.75
O-07169,2026-03-23,C-0284,EU,Southern Europe,Hardware,Online,12,2722.90,0.2432,24729.52,21279.12
O-07170,2026-03-23,C-0570,EU,Southern Europe,Software,Partner,80,291.50,0.3406,15378.08,7043.20
O-07171,2026-03-23,C-0741,APAC,Greater China,Support & CS,Partner,11,872.49,0.3500,6238.30,5242.93
O-07172,2026-03-23,C-0694,EU,UK & Ireland,Hardware,Direct,16,3033.28,0.3500,31546.11,31913.76
O-07173,2026-03-23,C-0171,EU,Southern Europe,Hardware,Online,10,752.21,0.2761,5445.29,5043.20
O-07174,2026-03-24,C-0394,EU,DACH,Support & CS,Partner,1,1873.97,0.3496,1218.77,1040.05
O-07175,2026-03-24,C-0534,EU,UK & Ireland,Services,Direct,11,364.11,0.3500,2603.39,2475.22
O-07176,2026-03-24,C-0571,APAC,Southeast Asia,Software,Partner,111,449.33,0.3421,32811.33,15413.46
O-07177,2026-03-24,C-0608,APAC,Greater China,Software,Partner,20,892.71,0.3500,11605.23,5509.00
O-07178,2026-03-24,C-0048,EU,Southern Europe,Software,Direct,97,185.81,0.3500,11715.32,5448.49
O-07179,2026-03-24,C-0622,US,US East,Support & CS,Direct,7,1594.50,0.3500,7254.98,5987.66
O-07180,2026-03-24,C-0130,EU,Southern Europe,Hardware,Partner,16,973.22,0.3500,10121.49,10459.20
O-07181,2026-03-24,C-0114,US,US Central,Software,Partner,96,781.74,0.3351,49901.02,21665.28
O-07182,2026-03-24,C-0755,EU,Benelux & Nordics,Hardware,Partner,12,2554.96,0.3429,20146.36,20012.88
O-07183,2026-03-24,C-0067,EU,UK & Ireland,Hardware,Partner,8,2150.69,0.3415,11329.49,11669.12
O-07184,2026-03-24,C-0129,US,US Central,Software,Partner,61,689.33,0.3500,27331.93,12368.36
O-07185,2026-03-24,C-0074,US,US West,Services,Direct,32,598.47,0.3500,12448.18,11663.68
O-07186,2026-03-24,C-0339,EU,DACH,Services,Partner,37,386.61,0.3500,9297.97,8837.45
O-07187,2026-03-24,C-0114,US,US Central,Hardware,Partner,13,1546.59,0.3500,13068.69,13396.11
O-07188,2026-03-24,C-0401,US,US East,Hardware,Partner,6,3449.70,0.3500,13453.83,13458.18
O-07189,2026-03-24,C-0775,US,US East,Support & CS,Direct,4,299.38,0.3500,778.39,667.96
O-07190,2026-03-24,C-0385,US,US West,Hardware,Direct,6,3840.12,0.3500,14976.47,14560.14
O-07191,2026-03-24,C-0705,APAC,Southeast Asia,Hardware,Partner,18,463.03,0.3500,5417.45,5455.08
O-07192,2026-03-24,C-0030,US,US Central,Support & CS,Direct,9,1062.25,0.3500,6214.16,5069.97
O-07193,2026-03-24,C-0612,EU,UK & Ireland,Software,Partner,113,87.11,0.3312,6583.55,2977.55
O-07194,2026-03-24,C-0023,US,US East,Hardware,Partner,14,2106.41,0.3500,19168.33,19717.88
O-07195,2026-03-24,C-0304,APAC,Southeast Asia,Hardware,Direct,14,1763.67,0.3500,16049.40,15934.94
O-07196,2026-03-24,C-0455,US,US West,Hardware,Partner,13,3838.22,0.3500,32432.96,33258.03
O-07197,2026-03-25,C-0494,APAC,Southeast Asia,Support & CS,Partner,6,2039.52,0.3500,7954.13,6888.18
O-07198,2026-03-25,C-0701,EU,Southern Europe,Hardware,Direct,15,2257.96,0.3500,22015.11,22067.55
O-07199,2026-03-25,C-0330,US,US West,Hardware,Direct,14,815.10,0.3500,7417.41,7354.76
O-07200,2026-03-25,C-0123,APAC,Japan,Services,Direct,32,151.94,0.3500,3160.35,2977.92
O-07201,2026-03-25,C-0599,EU,UK & Ireland,Software,Direct,90,131.23,0.3500,7676.95,3556.80
O-07202,2026-03-25,C-0053,APAC,Japan,Software,Direct,46,179.65,0.3500,5371.53,2538.74
O-07203,2026-03-25,C-0800,US,US Central,Services,Partner,17,502.13,0.3483,5562.86,5343.27
O-07204,2026-03-25,C-0326,EU,Benelux & Nordics,Software,Online,99,548.65,0.2685,39733.54,16852.77
O-07205,2026-03-25,C-0195,APAC,Southeast Asia,Software,Partner,117,699.29,0.3500,53181.00,24550.11
O-07206,2026-03-25,C-0460,APAC,Southeast Asia,Hardware,Partner,3,3152.52,0.3319,6318.79,6263.01
O-07207,2026-03-25,C-0361,US,US East,Hardware,Partner,6,1292.07,0.3500,5039.07,4939.56
O-07208,2026-03-25,C-0621,APAC,ANZ,Hardware,Online,5,1349.32,0.2702,4923.35,4461.95
O-07209,2026-03-25,C-0201,APAC,Greater China,Software,Partner,15,275.86,0.3500,2689.64,1268.55
O-07210,2026-03-25,C-0114,US,US Central,Support & CS,Partner,11,1969.25,0.3500,14080.14,12042.91
O-07211,2026-03-25,C-0132,US,US West,Software,Partner,104,464.44,0.3500,31396.14,14367.60
O-07212,2026-03-25,C-0322,US,US Central,Software,Partner,51,570.85,0.3500,18923.68,8534.85
O-07213,2026-03-25,C-0706,APAC,Japan,Hardware,Direct,3,707.36,0.3500,1379.35,1422.09
O-07214,2026-03-25,C-0767,US,US East,Hardware,Partner,8,1459.40,0.3375,7735.16,7430.40
O-07215,2026-03-25,C-0256,US,US Central,Hardware,Partner,17,2362.31,0.3500,26103.53,25630.39
O-07216,2026-03-25,C-0114,US,US Central,Hardware,Partner,1,3913.43,0.3311,2617.76,2583.21
O-07217,2026-03-25,C-0245,US,US East,Software,Partner,55,452.14,0.3500,16164.01,7222.05
O-07218,2026-03-25,C-0340,EU,DACH,Hardware,Partner,5,2624.51,0.3323,8761.40,8695.50
O-07219,2026-03-25,C-0606,US,US West,Software,Partner,44,774.41,0.3500,22148.13,10015.72
O-07220,2026-03-25,C-0505,APAC,Greater China,Hardware,Partner,10,3644.78,0.3500,23691.07,24499.00
O-07221,2026-03-25,C-0166,EU,UK & Ireland,Hardware,Partner,9,3732.36,0.3500,21834.31,23012.64
O-07222,2026-03-25,C-0709,EU,Southern Europe,Software,Partner,34,886.50,0.3437,19781.10,9285.74
O-07223,2026-03-25,C-0267,US,US East,Support & CS,Partner,11,1230.77,0.3500,8800.01,7231.84
O-07224,2026-03-25,C-0048,EU,Southern Europe,Software,Online,69,614.99,0.2535,31675.25,13161.75
O-07225,2026-03-25,C-0068,EU,UK & Ireland,Hardware,Partner,18,1168.61,0.3500,13672.74,14234.58
O-07226,2026-03-25,C-0687,APAC,ANZ,Software,Online,44,494.12,0.2699,15873.08,6649.28
O-07227,2026-03-25,C-0699,US,US Central,Services,Direct,9,593.97,0.3500,3474.72,3266.64
O-07228,2026-03-25,C-0041,US,US Central,Services,Partner,14,162.26,0.3305,1520.78,1378.72
O-07229,2026-03-25,C-0250,EU,Benelux & Nordics,Services,Partner,15,458.47,0.3500,4470.08,4289.85
O-07230,2026-03-26,C-0278,EU,Southern Europe,Software,Direct,74,354.27,0.3500,17040.39,7811.44
O-07231,2026-03-26,C-0064,EU,UK & Ireland,Support & CS,Direct,3,2049.41,0.3500,3996.35,3482.10
O-07232,2026-03-26,C-0052,EU,Benelux & Nordics,Hardware,Partner,15,2938.15,0.3476,28750.54,30078.00
O-07233,2026-03-26,C-0042,APAC,ANZ,Software,Partner,52,230.64,0.3500,7795.63,3631.16
O-07234,2026-03-26,C-0603,EU,UK & Ireland,Software,Direct,53,815.71,0.3500,28101.21,13345.40
O-07235,2026-03-26,C-0292,APAC,Japan,Support & CS,Direct,1,2181.80,0.3500,1418.17,1206.23
O-07236,2026-03-26,C-0531,APAC,Japan,Support & CS,Direct,9,2125.25,0.3500,12432.71,10354.05
O-07237,2026-03-26,C-0662,EU,DACH,Services,Partner,27,301.52,0.3336,5425.36,5272.29
O-07238,2026-03-26,C-0701,EU,Southern Europe,Hardware,Direct,11,1275.30,0.3500,9118.40,9489.48
O-07239,2026-03-26,C-0744,US,US East,Software,Partner,69,656.44,0.3500,29441.33,13145.19
O-07240,2026-03-26,C-0517,EU,UK & Ireland,Software,Direct,42,370.40,0.3500,10111.92,4682.16
O-07241,2026-03-26,C-0296,EU,Southern Europe,Support & CS,Direct,10,1575.70,0.3500,10242.05,8580.90
O-07242,2026-03-26,C-0278,EU,Southern Europe,Hardware,Direct,8,4163.55,0.3500,21650.46,21665.52
O-07243,2026-03-26,C-0224,US,US West,Services,Online,16,642.88,0.2519,7694.74,6098.72
O-07244,2026-03-26,C-0400,EU,UK & Ireland,Support & CS,Partner,1,1466.20,0.3500,953.03,830.60
O-07245,2026-03-26,C-0321,EU,DACH,Software,Partner,52,387.64,0.3500,13102.23,6251.96
O-07246,2026-03-26,C-0391,EU,DACH,Support & CS,Partner,4,1448.89,0.3404,3822.81,3231.80
O-07247,2026-03-26,C-0036,EU,DACH,Software,Direct,61,378.70,0.3500,15015.46,7154.08
O-07248,2026-03-26,C-0082,EU,Southern Europe,Software,Partner,90,642.17,0.3438,37927.50,17271.90
O-07249,2026-03-26,C-0451,EU,UK & Ireland,Services,Partner,36,201.40,0.3500,4712.76,4429.08
O-07250,2026-03-26,C-0689,APAC,Japan,Services,Partner,3,647.34,0.3438,1274.26,1245.18
O-07251,2026-03-26,C-0097,APAC,ANZ,Software,Partner,14,793.06,0.3500,7216.85,3398.50
O-07252,2026-03-26,C-0391,EU,DACH,Support & CS,Direct,2,423.19,0.3500,550.15,464.12
O-07253,2026-03-26,C-0581,APAC,Southeast Asia,Hardware,Direct,4,2022.66,0.3500,5258.92,5280.88
O-07254,2026-03-26,C-0162,US,US West,Software,Partner,63,767.84,0.3500,31443.05,14505.75
O-07255,2026-03-27,C-0783,US,US Central,Support & CS,Partner,1,1684.04,0.3500,1094.63,901.30
O-07256,2026-03-27,C-0723,EU,UK & Ireland,Software,Partner,28,868.40,0.3437,15956.90,7273.28
O-07257,2026-03-27,C-0474,APAC,Southeast Asia,Hardware,Partner,13,959.09,0.3500,8104.76,8058.31
O-07258,2026-03-27,C-0637,APAC,Greater China,Software,Partner,114,612.85,0.3362,46379.13,20616.90
O-07259,2026-03-27,C-0676,APAC,ANZ,Software,Partner,96,341.45,0.3500,21306.48,9802.56
O-07260,2026-03-27,C-0065,EU,DACH,Hardware,Direct,18,457.66,0.3500,5354.62,5480.46
O-07261,2026-03-27,C-0625,EU,DACH,Software,Partner,54,835.40,0.3500,29322.54,13790.52
O-07262,2026-03-27,C-0230,US,US East,Hardware,Online,7,1981.87,0.2480,10433.25,8925.07
O-07263,2026-03-27,C-0619,APAC,Southeast Asia,Hardware,Direct,2,1721.25,0.3500,2237.62,2319.62
O-07264,2026-03-27,C-0715,EU,UK & Ireland,Hardware,Partner,12,3891.05,0.3371,30952.32,30566.64
O-07265,2026-03-27,C-0382,EU,DACH,Hardware,Direct,2,422.24,0.3500,548.91,551.28
O-07266,2026-03-27,C-0274,US,US East,Hardware,Partner,2,1740.54,0.3500,2262.70,2276.06
O-07267,2026-03-27,C-0408,US,US East,Hardware,Partner,2,2076.70,0.3410,2737.12,2639.22
O-07268,2026-03-27,C-0124,US,US East,Services,Direct,1,503.72,0.3500,327.42,300.47
O-07269,2026-03-27,C-0615,US,US East,Hardware,Online,6,3462.44,0.2757,15047.50,13680.18
O-07270,2026-03-27,C-0700,EU,UK & Ireland,Support & CS,Direct,2,1329.83,0.3500,1728.78,1525.74
O-07271,2026-03-27,C-0315,APAC,Japan,Support & CS,Partner,11,2397.25,0.3447,17280.02,14574.89
O-07272,2026-03-27,C-0365,APAC,ANZ,Software,Partner,39,714.82,0.3358,18515.59,8501.61
O-07273,2026-03-27,C-0520,APAC,ANZ,Software,Partner,120,637.97,0.3500,49761.66,23203.20
O-07274,2026-03-27,C-0112,EU,UK & Ireland,Hardware,Direct,8,3698.45,0.3500,19231.94,20080.72
O-07275,2026-03-27,C-0227,US,US East,Services,Partner,16,208.21,0.3341,2218.43,2084.00
O-07276,2026-03-27,C-0649,EU,DACH,Hardware,Partner,16,2212.29,0.3500,23007.82,24065.60
O-07277,2026-03-27,C-0222,US,US Central,Software,Direct,60,416.28,0.3500,16234.92,7489.20
O-07278,2026-03-28,C-0397,US,US East,Software,Online,85,683.02,0.2780,41915.74,16721.20
O-07279,2026-03-28,C-0080,EU,Benelux & Nordics,Software,Partner,55,697.72,0.3500,24943.49,11784.30
O-07280,2026-03-28,C-0132,US,US West,Hardware,Direct,15,3240.30,0.3500,31592.92,32127.45
O-07281,2026-03-28,C-0706,APAC,Japan,Hardware,Partner,14,2305.52,0.3327,21539.99,21117.46
O-07282,2026-03-28,C-0463,EU,UK & Ireland,Support & CS,Partner,12,1993.58,0.3485,15585.28,13194.96
O-07283,2026-03-28,C-0570,EU,Southern Europe,Services,Partner,38,643.89,0.3452,16020.90,15641.94
O-07284,2026-03-28,C-0706,APAC,Japan,Software,Direct,15,145.27,0.3500,1416.38,657.60
O-07285,2026-03-28,C-0100,EU,DACH,Support & CS,Partner,7,353.63,0.3424,1627.76,1351.42
O-07286,2026-03-28,C-0272,EU,UK & Ireland,Software,Partner,57,876.33,0.3500,32468.03,14896.38
O-07287,2026-03-28,C-0034,US,US East,Hardware,Partner,9,3840.66,0.3373,22906.44,22453.74
O-07288,2026-03-28,C-0496,EU,Benelux & Nordics,Software,Online,62,275.38,0.2317,13118.03,5216.06
O-07289,2026-03-28,C-0570,EU,Southern Europe,Services,Direct,17,190.57,0.3500,2105.80,1992.40
O-07290,2026-03-28,C-0058,US,US Central,Software,Direct,115,549.63,0.3500,41084.84,18480.50
O-07291,2026-03-28,C-0145,US,US East,Hardware,Direct,18,3571.23,0.3500,41783.39,41263.92
O-07292,2026-03-28,C-0578,APAC,ANZ,Services,Partner,23,213.75,0.3500,3195.56,2982.41
O-07293,2026-03-28,C-0574,EU,Southern Europe,Hardware,Direct,6,801.52,0.3500,3125.93,3247.98
O-07294,2026-03-28,C-0295,US,US East,Services,Partner,3,361.91,0.3472,708.79,679.74
O-07295,2026-03-28,C-0419,EU,UK & Ireland,Hardware,Partner,15,2755.99,0.3500,26870.90,27162.00
O-07296,2026-03-28,C-0322,US,US Central,Software,Partner,26,100.65,0.3500,1700.99,751.66
O-07297,2026-03-28,C-0713,US,US Central,Support & CS,Partner,5,474.31,0.3500,1541.51,1320.35
O-07298,2026-03-28,C-0384,US,US West,Services,Partner,20,462.23,0.3448,6057.17,5713.40
O-07299,2026-03-28,C-0312,US,US West,Support & CS,Partner,10,1584.55,0.3476,10337.45,8635.60
O-07300,2026-03-29,C-0569,EU,UK & Ireland,Hardware,Partner,18,3331.38,0.3500,38977.15,39486.24
O-07301,2026-03-29,C-0189,APAC,ANZ,Services,Online,8,411.75,0.2448,2487.68,2098.48
O-07302,2026-03-29,C-0556,US,US West,Support & CS,Online,6,462.43,0.2760,2008.70,1530.36
O-07303,2026-03-29,C-0074,US,US West,Support & CS,Online,8,301.24,0.2352,1843.07,1310.40
O-07304,2026-03-29,C-0186,APAC,ANZ,Hardware,Direct,3,4018.86,0.3500,7836.78,8048.85
O-07305,2026-03-29,C-0070,US,US West,Hardware,Partner,15,1392.85,0.3500,13580.29,13986.00
O-07306,2026-03-29,C-0372,US,US East,Software,Partner,80,323.68,0.3307,17330.21,7861.60
O-07307,2026-03-29,C-0732,APAC,Japan,Software,Partner,84,773.95,0.3500,42257.67,19910.52
O-07308,2026-03-29,C-0399,EU,DACH,Services,Online,16,448.44,0.2440,5424.51,4526.72
O-07309,2026-03-29,C-0746,US,US West,Hardware,Direct,17,3644.97,0.3500,40276.92,39213.56
O-07310,2026-03-29,C-0043,EU,Southern Europe,Support & CS,Partner,10,2103.23,0.3382,13920.13,11923.80
O-07311,2026-03-29,C-0577,US,US East,Services,Partner,43,235.28,0.3423,6654.03,6000.22
O-07312,2026-03-29,C-0040,EU,Southern Europe,Hardware,Partner,15,529.58,0.3423,5224.58,5328.00
O-07313,2026-03-29,C-0688,US,US East,Software,Partner,51,193.52,0.3500,6415.19,2942.70
O-07314,2026-03-29,C-0682,APAC,Southeast Asia,Services,Partner,31,574.08,0.3500,11567.71,11196.27
O-07315,2026-03-29,C-0206,APAC,Japan,Hardware,Partner,5,2619.47,0.3401,8643.32,8814.90
O-07316,2026-03-29,C-0787,US,US West,Software,Partner,68,772.29,0.3500,34135.22,15245.60
O-07317,2026-03-29,C-0087,US,US West,Software,Partner,113,613.99,0.3500,45097.57,20397.63
O-07318,2026-03-29,C-0745,APAC,Southeast Asia,Software,Partner,81,676.24,0.3383,36243.34,16648.74
O-07319,2026-03-29,C-0398,EU,DACH,Software,Partner,13,420.02,0.3500,3549.17,1675.31
O-07320,2026-03-29,C-0789,APAC,Greater China,Hardware,Partner,14,2671.57,0.3452,24491.75,25293.66
O-07321,2026-03-29,C-0002,APAC,Japan,Software,Online,100,205.08,0.2709,14951.60,6249.00
O-07322,2026-03-29,C-0418,US,US West,Hardware,Direct,1,2316.12,0.3500,1505.48,1483.25
O-07323,2026-03-29,C-0791,US,US West,Hardware,Online,13,463.51,0.2546,4491.32,3859.70
O-07324,2026-03-29,C-0746,US,US West,Hardware,Direct,18,2174.39,0.3500,25440.36,25182.36
O-07325,2026-03-29,C-0018,EU,DACH,Hardware,Partner,5,2397.05,0.3500,7790.41,7989.50
O-07326,2026-03-29,C-0450,US,US East,Software,Partner,118,117.61,0.3500,9020.69,4054.48
O-07327,2026-03-30,C-0019,EU,UK & Ireland,Support & CS,Partner,9,1229.20,0.3500,7190.82,6185.07
O-07328,2026-03-30,C-0376,EU,DACH,Services,Direct,5,448.65,0.3500,1458.11,1382.10
O-07329,2026-03-30,C-0164,US,US West,Software,Partner,51,365.81,0.3500,12126.60,5640.60
O-07330,2026-03-30,C-0325,US,US East,Services,Partner,22,375.91,0.3500,5375.51,5072.32
O-07331,2026-03-30,C-0207,APAC,Japan,Hardware,Partner,3,2921.03,0.3500,5696.01,5768.82
O-07332,2026-03-30,C-0677,US,US East,Software,Direct,22,242.63,0.3500,3469.61,1597.86
O-07333,2026-03-30,C-0649,EU,DACH,Support & CS,Partner,5,977.72,0.3340,3255.98,2800.95
O-07334,2026-03-30,C-0555,APAC,Southeast Asia,Services,Partner,41,623.28,0.3354,16984.22,15718.17
O-07335,2026-03-30,C-0464,US,US East,Services,Partner,17,622.30,0.3500,6876.41,6445.04
O-07336,2026-03-30,C-0385,US,US West,Hardware,Partner,7,2348.35,0.3500,10684.99,10531.22
O-07337,2026-03-30,C-0339,EU,DACH,Software,Partner,99,827.77,0.3500,53267.00,24640.11
O-07338,2026-03-30,C-0689,APAC,Japan,Software,Partner,115,273.68,0.3500,20457.58,9262.10
O-07339,2026-03-30,C-0797,US,US Central,Hardware,Partner,18,1584.73,0.3500,18541.34,18135.00
O-07340,2026-03-30,C-0238,EU,DACH,Services,Partner,22,596.45,0.3500,8529.24,8466.48
O-07341,2026-03-30,C-0614,US,US West,Services,Partner,17,147.45,0.3473,1636.12,1570.63
O-07342,2026-03-30,C-0784,US,US Central,Services,Direct,43,244.62,0.3500,6837.13,6285.31
O-07343,2026-03-30,C-0565,EU,Southern Europe,Hardware,Partner,16,1127.61,0.3500,11727.14,11806.72
O-07344,2026-03-30,C-0694,EU,UK & Ireland,Hardware,Direct,5,3134.69,0.3500,10187.74,10305.60
O-07345,2026-03-30,C-0417,US,US West,Services,Partner,29,461.65,0.3448,8771.82,8149.29
O-07346,2026-03-30,C-0485,EU,UK & Ireland,Software,Partner,65,427.28,0.3424,18262.67,8705.45
O-07347,2026-03-31,C-0060,EU,DACH,Services,Partner,24,314.21,0.3500,4901.68,4803.84
O-07348,2026-03-31,C-0423,US,US East,Hardware,Direct,12,3941.60,0.3500,30744.48,31139.04
O-07349,2026-03-31,C-0138,EU,DACH,Support & CS,Online,6,862.30,0.2359,3953.16,2849.10
O-07350,2026-03-31,C-0479,US,US West,Software,Partner,92,391.00,0.3406,23719.05,10612.20
O-07351,2026-03-31,C-0632,APAC,Southeast Asia,Software,Online,109,292.57,0.2526,23835.82,9833.98
O-07352,2026-03-31,C-0408,US,US East,Hardware,Direct,16,3232.57,0.3500,33618.73,33011.20
O-07353,2026-03-31,C-0704,US,US West,Support & CS,Direct,6,1420.68,0.3500,5540.65,4662.48
O-07354,2026-03-31,C-0302,APAC,Southeast Asia,Services,Direct,35,527.63,0.3500,12003.58,11179.70
O-07355,2026-03-31,C-0317,US,US East,Services,Direct,5,319.84,0.3500,1039.48,992.10
O-07356,2026-03-31,C-0337,US,US East,Hardware,Partner,4,399.02,0.3500,1037.45,1037.36
O-07357,2026-03-31,C-0369,EU,Southern Europe,Software,Direct,55,80.58,0.3500,2880.73,1350.80
O-07358,2026-03-31,C-0477,EU,UK & Ireland,Services,Partner,15,252.08,0.3500,2457.78,2407.80
O-07359,2026-03-31,C-0766,EU,DACH,Software,Partner,32,611.79,0.3500,12725.23,5889.92
O-07360,2026-03-31,C-0062,EU,UK & Ireland,Software,Partner,71,658.81,0.3500,30404.08,14058.00
O-07361,2026-03-31,C-0036,EU,DACH,Software,Online,87,309.34,0.2447,20328.40,8234.55
O-07362,2026-03-31,C-0550,APAC,ANZ,Services,Partner,26,626.81,0.3316,10892.90,10427.56
O-07363,2026-03-31,C-0575,US,US West,Hardware,Online,15,2798.45,0.2418,31828.85,27978.75
O-07364,2026-03-31,C-0739,US,US Central,Hardware,Partner,7,2561.25,0.3415,11806.41,11792.76
O-07365,2026-03-31,C-0712,EU,Southern Europe,Software,Partner,117,476.51,0.3500,36238.59,17048.07
O-07366,2026-03-31,C-0685,US,US East,Support & CS,Online,3,1247.57,0.2489,2811.24,2047.71
O-07367,2026-03-31,C-0059,EU,UK & Ireland,Software,Direct,86,214.88,0.3500,12011.79,5537.54
O-07368,2026-03-31,C-0614,US,US West,Hardware,Partner,2,431.37,0.3332,575.30,551.30
O-07369,2026-03-31,C-0112,EU,UK & Ireland,Software,Direct,79,235.99,0.3500,12118.09,5528.42
O-07370,2026-03-31,C-0571,APAC,Southeast Asia,Software,Online,10,829.30,0.2516,6206.26,2514.20
O-07371,2026-03-31,C-0273,EU,DACH,Support & CS,Direct,10,1672.37,0.3500,10870.40,9534.40
O-07372,2026-03-31,C-0366,US,US West,Hardware,Direct,1,4004.97,0.3500,2603.23,2654.86
O-07373,2026-03-31,C-0577,US,US East,Support & CS,Online,7,2164.80,0.2466,11416.76,7986.86
O-07374,2026-04-01,C-0599,EU,UK & Ireland,Software,Partner,114,539.12,0.3500,39948.79,19441.56
O-07375,2026-04-01,C-0325,US,US East,Services,Partner,20,512.47,0.3500,6662.11,5994.00
O-07376,2026-04-01,C-0500,US,US West,Software,Partner,41,671.66,0.3500,17899.74,7996.64
O-07377,2026-04-01,C-0010,APAC,Southeast Asia,Software,Partner,83,104.50,0.3500,5637.78,2576.32
O-07378,2026-04-01,C-0066,EU,DACH,Hardware,Partner,2,3611.62,0.3500,4695.11,5726.46
O-07379,2026-04-01,C-0445,EU,DACH,Software,Partner,83,671.45,0.3500,36224.73,17107.96
O-07380,2026-04-01,C-0040,EU,Southern Europe,Software,Partner,103,249.73,0.3500,16719.42,7787.83
O-07381,2026-04-01,C-0684,US,US East,Hardware,Partner,8,1373.79,0.3500,7143.71,7120.72
O-07382,2026-04-01,C-0657,US,US Central,Support & CS,Partner,4,1655.76,0.3457,4333.72,3620.60
O-07383,2026-04-01,C-0426,EU,Southern Europe,Software,Partner,94,390.92,0.3500,23885.21,11493.38
O-07384,2026-04-01,C-0084,US,US Central,Software,Online,9,838.15,0.2585,5593.15,2129.85
O-07385,2026-04-01,C-0221,APAC,ANZ,Services,Partner,40,398.59,0.3500,10363.34,9768.40
O-07386,2026-04-01,C-0472,EU,Southern Europe,Services,Direct,2,246.15,0.3500,320.00,328.58
O-07387,2026-04-01,C-0054,EU,UK & Ireland,Hardware,Partner,12,1643.77,0.3500,12821.41,15753.24
O-07388,2026-04-01,C-0798,EU,Southern Europe,Hardware,Partner,9,4153.37,0.3500,24297.21,29060.82
O-07389,2026-04-01,C-0707,APAC,ANZ,Support & CS,Online,12,564.80,0.2779,4894.01,3655.20
O-07390,2026-04-01,C-0729,US,US East,Software,Partner,108,855.66,0.3408,60915.83,26144.64
O-07391,2026-04-01,C-0336,EU,Benelux & Nordics,Hardware,Partner,17,1442.34,0.3500,15937.86,19725.61
O-07392,2026-04-01,C-0286,US,US East,Support & CS,Partner,10,418.85,0.3500,2722.53,2275.70
O-07393,2026-04-01,C-0326,EU,Benelux & Nordics,Support & CS,Partner,7,252.09,0.3500,1147.01,1009.89
O-07394,2026-04-01,C-0211,EU,UK & Ireland,Services,Partner,43,256.93,0.3500,7181.19,7309.57
O-07395,2026-04-01,C-0235,EU,Southern Europe,Software,Direct,79,746.29,0.3500,38321.99,17876.91
O-07396,2026-04-01,C-0326,EU,Benelux & Nordics,Hardware,Partner,1,475.24,0.3500,308.91,384.57
O-07397,2026-04-01,C-0416,EU,Benelux & Nordics,Hardware,Partner,7,2357.81,0.3500,10728.04,13002.99
O-07398,2026-04-01,C-0020,APAC,ANZ,Hardware,Partner,4,883.33,0.3500,2296.66,2335.36
O-07399,2026-04-01,C-0495,APAC,Southeast Asia,Software,Direct,101,718.70,0.3500,47182.66,21456.44
O-07400,2026-04-02,C-0599,EU,UK & Ireland,Hardware,Direct,4,762.25,0.3500,1981.85,2467.24
O-07401,2026-04-02,C-0330,US,US West,Services,Partner,41,435.47,0.3500,11605.28,10724.37
O-07402,2026-04-02,C-0567,APAC,Southeast Asia,Services,Partner,19,404.22,0.3442,5036.39,4709.53
O-07403,2026-04-02,C-0572,EU,Southern Europe,Support & CS,Direct,9,2297.11,0.3500,13438.09,11809.53
O-07404,2026-04-02,C-0481,APAC,ANZ,Services,Partner,26,130.76,0.3500,2209.84,2123.94
O-07405,2026-04-02,C-0195,APAC,Southeast Asia,Software,Partner,55,671.90,0.3500,24020.42,11119.35
O-07406,2026-04-02,C-0702,EU,DACH,Software,Partner,99,543.88,0.3500,34998.68,16451.82
O-07407,2026-04-02,C-0771,EU,UK & Ireland,Software,Partner,6,234.16,0.3500,913.22,423.78
O-07408,2026-04-02,C-0235,EU,Southern Europe,Hardware,Partner,17,1423.77,0.3500,15732.66,19662.71
O-07409,2026-04-02,C-0782,EU,Benelux & Nordics,Software,Direct,37,810.28,0.3500,19487.23,8999.51
O-07410,2026-04-02,C-0367,APAC,Southeast Asia,Services,Direct,44,129.98,0.3500,3717.43,3560.92
O-07411,2026-04-02,C-0585,US,US West,Hardware,Partner,5,2258.72,0.3324,7539.56,7159.25
O-07412,2026-04-02,C-0580,EU,Benelux & Nordics,Services,Direct,16,643.83,0.3500,6695.83,6893.76
O-07413,2026-04-02,C-0327,EU,Benelux & Nordics,Hardware,Direct,11,909.62,0.3500,6503.78,7952.67
O-07414,2026-04-02,C-0080,EU,Benelux & Nordics,Services,Partner,43,234.99,0.3500,6567.97,6928.16
O-07415,2026-04-02,C-0765,US,US East,Software,Direct,109,809.23,0.3500,57333.95,25232.41
O-07416,2026-04-02,C-0164,US,US West,Hardware,Partner,18,781.34,0.3500,9141.68,8974.26
O-07417,2026-04-02,C-0616,US,US Central,Support & CS,Direct,7,1961.54,0.3500,8925.01,7419.44
O-07418,2026-04-02,C-0525,EU,Benelux & Nordics,Hardware,Direct,3,3129.04,0.3500,6101.63,7439.19
O-07419,2026-04-02,C-0777,EU,UK & Ireland,Software,Partner,50,839.42,0.3500,27281.15,13015.50
O-07420,2026-04-02,C-0163,US,US East,Services,Partner,31,129.83,0.3500,2616.07,2365.30
O-07421,2026-04-02,C-0653,APAC,Southeast Asia,Hardware,Direct,7,904.30,0.3500,4114.56,4112.78
O-07422,2026-04-02,C-0075,EU,UK & Ireland,Support & CS,Direct,11,2163.86,0.3500,15471.60,13581.37
O-07423,2026-04-02,C-0252,EU,Southern Europe,Hardware,Partner,4,2759.50,0.3500,7174.70,8930.92
O-07424,2026-04-02,C-0189,APAC,ANZ,Services,Partner,44,600.65,0.3500,17178.59,16562.04
O-07425,2026-04-02,C-0453,US,US West,Hardware,Partner,13,487.75,0.3399,4185.58,4080.57
O-07426,2026-04-02,C-0657,US,US Central,Hardware,Direct,9,972.97,0.3500,5691.87,5585.85
O-07427,2026-04-02,C-0072,APAC,ANZ,Software,Online,117,413.64,0.2549,36057.75,13912.47
O-07428,2026-04-02,C-0741,APAC,Greater China,Software,Partner,85,412.69,0.3500,22801.12,10269.70
O-07429,2026-04-03,C-0704,US,US West,Software,Direct,104,850.02,0.3500,57461.35,25596.48
O-07430,2026-04-03,C-0156,EU,Southern Europe,Services,Online,9,504.29,0.3199,3086.52,3096.27
O-07431,2026-04-03,C-0589,EU,DACH,Software,Partner,53,489.26,0.3500,16855.01,7976.50
O-07432,2026-04-03,C-0531,APAC,Japan,Hardware,Online,14,3784.94,0.2568,39380.41,33968.34
O-07433,2026-04-03,C-0159,EU,Southern Europe,Software,Online,94,479.27,0.3200,30637.08,13784.16
O-07434,2026-04-03,C-0345,EU,UK & Ireland,Hardware,Direct,18,962.35,0.3500,11259.50,13358.88
O-07435,2026-04-03,C-0544,US,US Central,Services,Online,5,530.73,0.2763,1920.43,1553.85
O-07436,2026-04-03,C-0300,US,US West,Services,Direct,40,205.84,0.3500,5351.84,4951.20
O-07437,2026-04-03,C-0023,US,US East,Hardware,Partner,3,3411.15,0.3325,6830.53,6587.79
O-07438,2026-04-03,C-0132,US,US West,Hardware,Partner,1,590.19,0.3474,385.16,371.05
O-07439,2026-04-03,C-0264,APAC,Greater China,Software,Partner,82,887.78,0.3450,47682.73,21961.24
O-07440,2026-04-03,C-0060,EU,DACH,Services,Direct,9,577.41,0.3500,3377.85,3553.29
O-07441,2026-04-03,C-0088,EU,DACH,Support & CS,Direct,5,387.37,0.3500,1258.95,1154.90
O-07442,2026-04-03,C-0769,US,US West,Hardware,Online,6,646.15,0.2632,2856.42,2468.34
O-07443,2026-04-03,C-0212,APAC,ANZ,Support & CS,Partner,9,555.27,0.3496,3250.12,2679.93
O-07444,2026-04-03,C-0232,EU,Southern Europe,Support & CS,Partner,10,1871.61,0.3500,12165.47,10971.50
O-07445,2026-04-03,C-0733,EU,UK & Ireland,Hardware,Direct,16,3482.81,0.3500,36221.22,44038.40
O-07446,2026-04-03,C-0302,APAC,Southeast Asia,Hardware,Direct,7,578.67,0.3500,2632.95,2678.69
O-07447,2026-04-03,C-0305,EU,UK & Ireland,Services,Direct,39,481.32,0.3500,12201.46,12831.00
O-07448,2026-04-03,C-0201,APAC,Greater China,Software,Partner,77,656.46,0.3341,33657.05,14589.96
O-07449,2026-04-03,C-0190,EU,Benelux & Nordics,Software,Partner,35,506.79,0.3500,11529.47,5518.80
O-07450,2026-04-03,C-0530,APAC,Greater China,Software,Online,71,526.76,0.2493,28077.35,11193.86
O-07451,2026-04-03,C-0347,US,US East,Software,Direct,27,325.60,0.3500,5714.28,2599.02
O-07452,2026-04-03,C-0692,US,US East,Hardware,Partner,7,2965.24,0.3481,13531.67,13270.32
O-07453,2026-04-03,C-0695,EU,Benelux & Nordics,Hardware,Partner,15,2140.02,0.3500,20865.19,25368.30
O-07454,2026-04-03,C-0118,APAC,Japan,Software,Partner,7,637.85,0.3500,2902.22,1339.38
O-07455,2026-04-03,C-0449,APAC,Southeast Asia,Hardware,Direct,14,3179.16,0.3500,28930.36,28872.06
O-07456,2026-04-03,C-0492,APAC,ANZ,Software,Online,13,249.42,0.2734,2356.06,939.12
O-07457,2026-04-03,C-0091,EU,DACH,Services,Partner,38,343.49,0.3500,8484.20,8852.86
O-07458,2026-04-03,C-0449,APAC,Southeast Asia,Services,Direct,20,543.99,0.3500,7071.87,6742.80
O-07459,2026-04-03,C-0257,US,US East,Software,Partner,79,592.47,0.3500,30423.33,14021.71
O-07460,2026-04-03,C-0047,EU,Benelux & Nordics,Hardware,Online,13,3509.64,0.3092,31517.27,35578.53
O-07461,2026-04-03,C-0745,APAC,Southeast Asia,Software,Partner,14,642.63,0.3500,5847.93,2642.36
O-07462,2026-04-03,C-0593,EU,UK & Ireland,Hardware,Direct,4,2456.14,0.3500,6385.96,7920.84
O-07463,2026-04-03,C-0520,APAC,ANZ,Software,Partner,35,791.51,0.3489,18038.24,8231.65
O-07464,2026-04-04,C-0378,EU,Benelux & Nordics,Services,Partner,41,215.77,0.3500,5750.27,6064.31
O-07465,2026-04-04,C-0361,US,US East,Support & CS,Partner,3,772.78,0.3500,1506.92,1204.50
O-07466,2026-04-04,C-0469,EU,UK & Ireland,Software,Direct,94,108.47,0.3500,6627.52,3121.74
O-07467,2026-04-04,C-0560,EU,UK & Ireland,Services,Direct,43,120.05,0.3500,3355.40,3535.46
O-07468,2026-04-04,C-0215,APAC,Japan,Hardware,Direct,2,842.15,0.3500,1094.80,1108.76
O-07469,2026-04-04,C-0579,APAC,ANZ,Hardware,Partner,9,1230.59,0.3431,7274.90,7386.93
O-07470,2026-04-04,C-0232,EU,Southern Europe,Software,Direct,7,530.37,0.3500,2413.18,1111.46
O-07471,2026-04-04,C-0060,EU,DACH,Services,Direct,14,172.28,0.3500,1567.75,1646.82
O-07472,2026-04-04,C-0555,APAC,Southeast Asia,Hardware,Partner,16,927.11,0.3469,9688.44,9365.76
O-07473,2026-04-04,C-0666,US,US East,Hardware,Direct,2,3809.31,0.3500,4952.10,4809.12
O-07474,2026-04-04,C-0571,APAC,Southeast Asia,Hardware,Partner,18,761.53,0.3379,9075.21,9145.44
O-07475,2026-04-04,C-0612,EU,UK & Ireland,Hardware,Partner,17,601.39,0.3500,6645.36,7986.09
O-07476,2026-04-04,C-0359,EU,DACH,Software,Partner,7,812.40,0.3500,3696.42,1759.31
O-07477,2026-04-04,C-0585,US,US West,Hardware,Partner,4,2737.01,0.3500,7116.23,7043.32
O-07478,2026-04-04,C-0027,US,US West,Services,Partner,8,332.72,0.3500,1730.14,1607.68
O-07479,2026-04-04,C-0184,US,US West,Services,Online,32,301.87,0.2323,7416.07,5924.16
O-07480,2026-04-04,C-0697,EU,Southern Europe,Software,Partner,86,171.23,0.3500,9571.76,4429.00
O-07481,2026-04-04,C-0341,EU,UK & Ireland,Support & CS,Partner,9,1511.76,0.3500,8843.80,7815.24
O-07482,2026-04-04,C-0288,EU,DACH,Support & CS,Partner,6,1987.26,0.3500,7750.31,6903.36
O-07483,2026-04-04,C-0066,EU,DACH,Software,Direct,63,669.54,0.3500,27417.66,12750.57
O-07484,2026-04-04,C-0318,US,US East,Support & CS,Direct,1,1085.27,0.3500,705.43,563.89
O-07485,2026-04-04,C-0771,EU,UK & Ireland,Software,Partner,31,145.69,0.3500,2935.65,1366.48
O-07486,2026-04-04,C-0240,US,US West,Software,Direct,68,176.75,0.3500,7812.35,3477.52
O-07487,2026-04-04,C-0062,EU,UK & Ireland,Services,Partner,16,253.44,0.3500,2635.78,2713.76
O-07488,2026-04-04,C-0325,US,US East,Hardware,Partner,11,2580.63,0.3500,18451.50,18437.21
O-07489,2026-04-04,C-0442,APAC,Japan,Software,Partner,43,751.93,0.3500,21016.44,9300.90
O-07490,2026-04-04,C-0485,EU,UK & Ireland,Software,Partner,7,549.56,0.3500,2500.50,1149.19
O-07491,2026-04-04,C-0617,APAC,ANZ,Services,Direct,35,289.39,0.3500,6583.62,6020.35
O-07492,2026-04-04,C-0093,US,US West,Hardware,Direct,6,1575.92,0.3500,6146.09,6233.16
O-07493,2026-04-04,C-0626,EU,DACH,Software,Partner,27,299.29,0.3500,5252.54,2445.12
O-07494,2026-04-04,C-0195,APAC,Southeast Asia,Support & CS,Partner,1,2040.26,0.3486,1328.96,1077.32
O-07495,2026-04-04,C-0678,APAC,Greater China,Software,Partner,107,85.18,0.3500,5924.27,2713.52
O-07496,2026-04-04,C-0627,US,US Central,Support & CS,Partner,4,970.96,0.3500,2524.50,2033.12
O-07497,2026-04-04,C-0246,US,US East,Services,Partner,10,629.76,0.3500,4093.44,3715.00
O-07498,2026-04-05,C-0375,US,US Central,Software,Partner,44,441.03,0.3488,12637.57,5684.36
O-07499,2026-04-05,C-0003,US,US West,Hardware,Direct,2,1318.02,0.3500,1713.43,1666.04
O-07500,2026-04-05,C-0488,US,US Central,Services,Partner,16,164.46,0.3500,1710.38,1615.04
O-07501,2026-04-05,C-0335,US,US West,Services,Online,10,271.03,0.2493,2034.51,1661.80
O-07502,2026-04-05,C-0122,US,US West,Support & CS,Partner,3,721.14,0.3500,1406.22,1155.63
O-07503,2026-04-05,C-0313,US,US East,Software,Direct,40,391.30,0.3500,10173.80,4502.00
O-07504,2026-04-05,C-0682,APAC,Southeast Asia,Services,Partner,26,591.48,0.3500,9996.01,9454.12
O-07505,2026-04-05,C-0530,APAC,Greater China,Hardware,Direct,4,716.36,0.3500,1862.54,1844.04
O-07506,2026-04-05,C-0073,EU,UK & Ireland,Software,Partner,6,480.17,0.3500,1872.66,883.74
O-07507,2026-04-05,C-0096,US,US East,Software,Partner,62,645.08,0.3500,25996.72,11952.98
O-07508,2026-04-05,C-0431,EU,DACH,Services,Partner,27,308.65,0.3500,5416.81,5576.58
O-07509,2026-04-05,C-0178,EU,DACH,Software,Online,52,862.46,0.2845,32088.52,13644.80
O-07510,2026-04-05,C-0083,US,US Central,Hardware,Partner,6,3490.91,0.3500,13614.55,13251.84
O-07511,2026-04-05,C-0508,APAC,ANZ,Hardware,Direct,11,2704.68,0.3500,19338.46,19186.09
O-07512,2026-04-05,C-0445,EU,DACH,Software,Partner,95,528.70,0.3500,32647.23,15570.50
O-07513,2026-04-05,C-0073,EU,UK & Ireland,Services,Partner,14,458.72,0.3500,4174.35,4360.58
O-07514,2026-04-05,C-0784,US,US Central,Services,Direct,9,185.83,0.3500,1087.11,997.92
O-07515,2026-04-05,C-0752,EU,Benelux & Nordics,Software,Partner,102,138.64,0.3500,9191.83,4349.28
O-07516,2026-04-05,C-0420,APAC,Greater China,Services,Online,13,541.29,0.2322,5403.18,4184.70
O-07517,2026-04-05,C-0359,EU,DACH,Software,Direct,116,412.82,0.3500,31126.63,14996.48
O-07518,2026-04-05,C-0321,EU,DACH,Hardware,Partner,16,4175.85,0.3500,43428.84,52086.56
O-07519,2026-04-05,C-0543,APAC,Japan,Software,Direct,58,388.78,0.3500,14657.01,6797.02
O-07520,2026-04-06,C-0797,US,US Central,Services,Partner,28,500.43,0.3500,9107.83,8676.64
O-07521,2026-04-06,C-0742,US,US Central,Support & CS,Direct,3,1490.21,0.3500,2905.91,2451.78
O-07522,2026-04-06,C-0412,US,US East,Hardware,Partner,12,2269.56,0.3500,17702.57,17253.24
O-07523,2026-04-06,C-0462,EU,Benelux & Nordics,Services,Partner,27,421.20,0.3500,7392.06,7513.56
O-07524,2026-04-06,C-0088,EU,DACH,Software,Partner,69,432.80,0.3500,19411.08,9039.00
O-07525,2026-04-06,C-0748,APAC,Southeast Asia,Services,Partner,18,620.73,0.3348,7431.87,6739.74
O-07526,2026-04-06,C-0418,US,US West,Hardware,Direct,16,3669.35,0.3500,38161.24,37407.52
O-07527,2026-04-06,C-0791,US,US West,Software,Direct,13,177.53,0.3500,1500.13,658.19
O-07528,2026-04-06,C-0066,EU,DACH,Hardware,Partner,18,1075.50,0.3500,12583.35,14884.74
O-07529,2026-04-06,C-0415,EU,Benelux & Nordics,Software,Partner,92,112.58,0.3500,6732.28,3174.92
O-07530,2026-04-06,C-0785,US,US East,Software,Direct,9,172.92,0.3500,1011.58,442.89
O-07531,2026-04-06,C-0534,EU,UK & Ireland,Services,Partner,9,523.02,0.3500,3059.67,3114.90
O-07532,2026-04-06,C-0085,US,US East,Software,Online,116,116.36,0.2615,9968.67,3854.68
O-07533,2026-04-06,C-0255,EU,UK & Ireland,Services,Direct,18,618.91,0.3500,7241.25,7438.86
O-07534,2026-04-06,C-0123,APAC,Japan,Hardware,Partner,11,3471.16,0.3500,24818.79,25406.37
O-07535,2026-04-06,C-0241,EU,UK & Ireland,Support & CS,Partner,4,1292.59,0.3500,3360.73,3071.36
O-07536,2026-04-06,C-0015,US,US East,Software,Partner,78,507.41,0.3500,25725.69,11393.46
O-07537,2026-04-06,C-0666,US,US East,Software,Partner,118,368.98,0.3417,28660.57,12358.14
O-07538,2026-04-06,C-0245,US,US East,Hardware,Partner,14,1331.25,0.3479,12152.78,12022.78
O-07539,2026-04-06,C-0331,EU,Benelux & Nordics,Services,Online,27,464.99,0.3017,8766.98,8304.66
O-07540,2026-04-06,C-0169,EU,Benelux & Nordics,Software,Direct,43,635.27,0.3500,17755.80,8361.35
O-07541,2026-04-06,C-0396,EU,DACH,Software,Partner,96,183.47,0.3500,11448.53,5525.76
O-07542,2026-04-06,C-0512,EU,Benelux & Nordics,Hardware,Online,4,753.16,0.2867,2148.77,2326.80
O-07543,2026-04-06,C-0397,US,US East,Software,Partner,59,67.21,0.3500,2577.50,1144.01
O-07544,2026-04-06,C-0496,EU,Benelux & Nordics,Services,Partner,4,465.72,0.3500,1210.87,1239.08
O-07545,2026-04-06,C-0250,EU,Benelux & Nordics,Software,Online,18,677.71,0.2754,8839.40,3843.90
O-07546,2026-04-06,C-0513,US,US East,Support & CS,Partner,2,2171.72,0.3490,2827.42,2377.52
O-07547,2026-04-06,C-0640,EU,DACH,Services,Online,3,185.20,0.3200,377.81,375.90
O-07548,2026-04-06,C-0288,EU,DACH,Support & CS,Partner,9,2058.17,0.3500,12040.29,10825.56
O-07549,2026-04-06,C-0285,US,US West,Support & CS,Direct,7,1068.21,0.3500,4860.36,4075.82
O-07550,2026-04-07,C-0278,EU,Southern Europe,Support & CS,Direct,8,1134.25,0.3500,5898.10,5148.48
O-07551,2026-04-07,C-0012,US,US East,Services,Partner,38,280.46,0.3500,6927.36,6562.22
O-07552,2026-04-07,C-0645,APAC,Southeast Asia,Hardware,Partner,13,1976.46,0.3327,17144.94,16626.74
O-07553,2026-04-07,C-0063,EU,UK & Ireland,Hardware,Partner,15,1434.60,0.3500,13987.35,16999.80
O-07554,2026-04-07,C-0178,EU,DACH,Services,Online,29,185.25,0.3174,3667.09,3481.45
O-07555,2026-04-07,C-0631,APAC,ANZ,Software,Partner,40,645.59,0.3494,16800.60,7824.80
O-07556,2026-04-07,C-0303,US,US East,Software,Direct,62,640.53,0.3500,25813.36,11782.48
O-07557,2026-04-07,C-0697,EU,Southern Europe,Hardware,Direct,16,3117.24,0.3500,32419.30,39917.76
O-07558,2026-04-07,C-0096,US,US East,Support & CS,Direct,2,1270.13,0.3500,1651.17,1374.10
O-07559,2026-04-07,C-0716,APAC,Southeast Asia,Services,Partner,15,593.26,0.3500,5784.28,5453.70
O-07560,2026-04-07,C-0470,EU,UK & Ireland,Software,Online,31,107.08,0.3171,2266.95,1000.99
O-07561,2026-04-07,C-0597,APAC,ANZ,Hardware,Partner,18,3741.24,0.3500,43772.51,44308.26
O-07562,2026-04-07,C-0599,EU,UK & Ireland,Software,Direct,90,212.10,0.3500,12407.85,5893.20
O-07563,2026-04-07,C-0320,US,US East,Services,Partner,44,622.72,0.3500,17809.79,16673.36
O-07564,2026-04-07,C-0054,EU,UK & Ireland,Hardware,Partner,10,1332.83,0.3500,8663.40,10397.90
O-07565,2026-04-07,C-0167,EU,UK & Ireland,Services,Partner,45,508.22,0.3500,14865.44,15641.55
O-07566,2026-04-07,C-0216,APAC,Japan,Hardware,Direct,11,1710.91,0.3500,12233.01,12387.32
O-07567,2026-04-07,C-0227,US,US East,Hardware,Partner,13,1853.32,0.3500,15660.55,15712.97
O-07568,2026-04-07,C-0537,EU,UK & Ireland,Software,Partner,32,591.02,0.3500,12293.22,5716.16
O-07569,2026-04-07,C-0265,US,US Central,Software,Partner,15,247.06,0.3352,2463.79,1062.00
O-07570,2026-04-07,C-0664,APAC,Japan,Software,Direct,117,527.30,0.3500,40101.16,18466.11
O-07571,2026-04-07,C-0021,EU,DACH,Hardware,Partner,4,1628.40,0.3500,4233.84,5119.92
O-07572,2026-04-07,C-0706,APAC,Japan,Software,Direct,83,549.24,0.3500,29631.50,13066.69
O-07573,2026-04-07,C-0007,EU,Southern Europe,Support & CS,Partner,8,1741.16,0.3500,9054.03,8249.92
O-07574,2026-04-07,C-0567,APAC,Southeast Asia,Hardware,Online,12,1881.38,0.2332,17311.78,15075.60
O-07575,2026-04-07,C-0124,US,US East,Software,Partner,111,706.93,0.3500,51005.00,22759.44
O-07576,2026-04-08,C-0751,US,US West,Hardware,Partner,17,4094.75,0.3500,45246.99,45606.92
O-07577,2026-04-08,C-0445,EU,DACH,Software,Partner,86,279.54,0.3500,15626.29,7372.78
O-07578,2026-04-08,C-0171,EU,Southern Europe,Support & CS,Direct,4,1614.76,0.3500,4198.38,3753.64
O-07579,2026-04-08,C-0429,APAC,Japan,Software,Direct,75,867.79,0.3500,42304.76,19274.25
O-07580,2026-04-08,C-0453,US,US West,Support & CS,Direct,3,2186.76,0.3500,4264.18,3482.91
O-07581,2026-04-08,C-0794,APAC,ANZ,Support & CS,Partner,9,2151.51,0.3421,12739.80,10522.08
O-07582,2026-04-08,C-0253,APAC,Greater China,Software,Direct,60,540.51,0.3500,21079.89,9781.80
O-07583,2026-04-08,C-0356,US,US West,Software,Partner,37,500.18,0.3500,12029.33,5303.21
O-07584,2026-04-08,C-0019,EU,UK & Ireland,Hardware,Partner,10,3864.57,0.3500,25119.71,30733.30
O-07585,2026-04-08,C-0006,EU,UK & Ireland,Software,Online,14,150.96,0.2866,1507.75,645.68
O-07586,2026-04-08,C-0789,APAC,Greater China,Hardware,Partner,7,2533.51,0.3500,11527.47,11491.27
O-07587,2026-04-08,C-0285,US,US West,Services,Partner,29,334.67,0.3337,6466.30,5921.80
O-07588,2026-04-08,C-0466,US,US East,Hardware,Partner,9,2289.54,0.3445,13506.94,13024.08
O-07589,2026-04-08,C-0355,APAC,Southeast Asia,Support & CS,Partner,5,2151.70,0.3318,7188.76,5729.65
O-07590,2026-04-08,C-0721,APAC,Southeast Asia,Hardware,Partner,11,4015.25,0.3500,28709.04,29030.65
O-07591,2026-04-08,C-0540,US,US Central,Software,Direct,18,508.65,0.3500,5951.20,2677.50
O-07592,2026-04-08,C-0428,US,US East,Services,Online,11,524.23,0.2325,4425.89,3544.20
O-07593,2026-04-08,C-0421,EU,Southern Europe,Support & CS,Partner,1,871.00,0.3500,566.15,506.43
O-07594,2026-04-08,C-0375,US,US Central,Services,Partner,8,214.31,0.3500,1114.41,1035.68
O-07595,2026-04-09,C-0485,EU,UK & Ireland,Software,Online,70,880.35,0.2750,44678.98,18742.50
O-07596,2026-04-09,C-0683,US,US East,Hardware,Partner,18,1033.06,0.3500,12086.80,11963.70
O-07597,2026-04-09,C-0698,US,US West,Services,Partner,22,547.85,0.3488,7848.77,7206.76
O-07598,2026-04-09,C-0541,APAC,ANZ,Services,Partner,11,148.98,0.3486,1067.54,996.16
O-07599,2026-04-09,C-0080,EU,Benelux & Nordics,Software,Online,5,688.83,0.3041,2396.78,1053.30
O-07600,2026-04-09,C-0063,EU,UK & Ireland,Hardware,Direct,11,2114.09,0.3500,15115.74,18121.40
O-07601,2026-04-09,C-0194,US,US West,Services,Partner,30,443.09,0.3500,8640.25,8196.30
O-07602,2026-04-09,C-0407,EU,UK & Ireland,Software,Partner,71,334.93,0.3500,15457.02,7264.01
O-07603,2026-04-09,C-0420,APAC,Greater China,Services,Partner,16,528.27,0.3500,5494.01,5151.04
O-07604,2026-04-09,C-0289,US,US West,Support & CS,Partner,2,2089.71,0.3419,2750.66,2274.58
O-07605,2026-04-09,C-0006,EU,UK & Ireland,Support & CS,Online,9,2097.20,0.2917,13368.22,11166.12
O-07606,2026-04-09,C-0324,US,US Central,Services,Partner,23,463.25,0.3500,6925.59,6256.92
O-07607,2026-04-09,C-0308,APAC,Japan,Software,Partner,14,111.54,0.3500,1015.01,462.14
O-07608,2026-04-09,C-0151,EU,DACH,Software,Partner,93,587.34,0.3500,35504.70,16722.33
O-07609,2026-04-09,C-0438,APAC,Southeast Asia,Services,Partner,45,407.11,0.3500,11907.97,10980.45
O-07610,2026-04-09,C-0540,US,US Central,Hardware,Direct,9,1141.50,0.3500,6677.78,6701.49
O-07611,2026-04-09,C-0176,APAC,Greater China,Hardware,Partner,5,4072.46,0.3391,13458.14,12862.20
O-07612,2026-04-09,C-0532,EU,DACH,Software,Online,16,819.64,0.3184,8938.65,3994.40
O-07613,2026-04-09,C-0691,US,US East,Services,Partner,28,478.74,0.3500,8713.07,8213.52
O-07614,2026-04-09,C-0713,US,US Central,Software,Partner,105,674.53,0.3327,47260.13,20494.95
O-07615,2026-04-09,C-0448,EU,UK & Ireland,Services,Online,26,469.46,0.2863,8711.41,8291.40
O-07616,2026-04-09,C-0234,APAC,Japan,Hardware,Partner,9,3274.55,0.3500,19156.12,19649.97
O-07617,2026-04-09,C-0006,EU,UK & Ireland,Services,Direct,17,454.52,0.3500,5022.45,5214.41
O-07618,2026-04-09,C-0036,EU,DACH,Services,Partner,39,220.36,0.3500,5586.13,5626.92
O-07619,2026-04-09,C-0155,US,US East,Services,Partner,28,625.48,0.3500,11383.74,10834.04
O-07620,2026-04-09,C-0351,EU,UK & Ireland,Hardware,Online,11,2734.60,0.3071,20842.21,23363.34
O-07621,2026-04-09,C-0723,EU,UK & Ireland,Hardware,Partner,2,3363.66,0.3500,4372.76,5240.68
O-07622,2026-04-09,C-0073,EU,UK & Ireland,Hardware,Direct,1,646.51,0.3500,420.23,502.07
O-07623,2026-04-09,C-0506,US,US East,Hardware,Partner,14,2221.84,0.3408,20504.63,20304.48
O-07624,2026-04-09,C-0703,EU,DACH,Services,Direct,4,147.90,0.3500,384.54,405.84
O-07625,2026-04-09,C-0182,EU,UK & Ireland,Software,Direct,36,339.40,0.3500,7941.96,3831.48
O-07626,2026-04-09,C-0732,APAC,Japan,Software,Online,58,333.80,0.2607,14313.86,5737.94
O-07627,2026-04-10,C-0038,US,US West,Support & CS,Partner,5,2014.59,0.3349,6699.88,5411.05
O-07628,2026-04-10,C-0158,US,US West,Hardware,Direct,12,954.58,0.3500,7445.72,7309.44
O-07629,2026-04-10,C-0087,US,US West,Services,Direct,2,560.67,0.3500,728.87,680.80
O-07630,2026-04-10,C-0584,EU,DACH,Software,Partner,88,836.30,0.3500,47836.36,23274.24
O-07631,2026-04-10,C-0721,APAC,Southeast Asia,Software,Direct,69,898.16,0.3500,40282.48,18567.90
O-07632,2026-04-10,C-0383,EU,DACH,Services,Partner,8,298.51,0.3500,1552.25,1577.36
O-07633,2026-04-10,C-0641,APAC,Greater China,Services,Partner,45,191.34,0.3392,5689.92,5341.50
O-07634,2026-04-10,C-0211,EU,UK & Ireland,Hardware,Online,13,2467.77,0.2876,22854.47,24929.97
O-07635,2026-04-10,C-0216,APAC,Japan,Software,Partner,77,592.47,0.3500,29653.12,13431.11
O-07636,2026-04-10,C-0208,US,US East,Hardware,Direct,15,3834.92,0.3500,37390.47,37271.55
O-07637,2026-04-10,C-0109,US,US East,Software,Direct,8,240.05,0.3500,1248.26,557.68
O-07638,2026-04-10,C-0122,US,US West,Software,Partner,20,552.32,0.3476,7206.69,3123.40
O-07639,2026-04-10,C-0143,US,US Central,Services,Partner,28,616.26,0.3500,11215.93,10383.52
O-07640,2026-04-10,C-0619,APAC,Southeast Asia,Hardware,Partner,3,2129.17,0.3500,4151.88,4214.52
O-07641,2026-04-10,C-0758,EU,Benelux & Nordics,Services,Direct,9,165.45,0.3500,967.88,966.51
O-07642,2026-04-10,C-0600,EU,Benelux & Nordics,Software,Partner,94,192.72,0.3500,11775.19,5464.22
O-07643,2026-04-10,C-0403,EU,DACH,Services,Direct,30,289.45,0.3500,5644.28,5687.10
O-07644,2026-04-10,C-0565,EU,Southern Europe,Hardware,Partner,17,607.10,0.3500,6708.46,8337.14
O-07645,2026-04-10,C-0346,EU,DACH,Services,Online,31,134.42,0.2825,2989.78,2748.46
O-07646,2026-04-10,C-0118,APAC,Japan,Software,Partner,8,600.12,0.3459,3140.23,1403.20
O-07647,2026-04-10,C-0762,EU,Benelux & Nordics,Services,Direct,6,335.39,0.3500,1308.02,1331.10
O-07648,2026-04-10,C-0672,EU,Southern Europe,Software,Partner,82,468.59,0.3500,24975.85,12140.10
O-07649,2026-04-10,C-0084,US,US Central,Software,Direct,26,152.54,0.3500,2577.93,1123.20
O-07650,2026-04-10,C-0424,EU,Benelux & Nordics,Software,Partner,81,134.63,0.3500,7088.27,3308.85
O-07651,2026-04-10,C-0723,EU,UK & Ireland,Services,Direct,1,222.27,0.3500,144.48,145.69
O-07652,2026-04-10,C-0461,EU,Benelux & Nordics,Services,Partner,16,437.69,0.3500,4551.98,4727.04
O-07653,2026-04-10,C-0424,EU,Benelux & Nordics,Support & CS,Partner,1,1830.49,0.3500,1189.82,1093.43
O-07654,2026-04-10,C-0566,US,US West,Software,Direct,64,587.56,0.3500,24442.50,11004.80
O-07655,2026-04-10,C-0483,US,US East,Software,Partner,112,350.84,0.3500,25541.15,11239.20
O-07656,2026-04-10,C-0543,APAC,Japan,Software,Partner,32,702.73,0.3500,14616.78,6615.36
O-07657,2026-04-10,C-0336,EU,Benelux & Nordics,Hardware,Direct,15,2822.45,0.3500,27518.89,34219.35
O-07658,2026-04-10,C-0282,APAC,Southeast Asia,Services,Online,32,182.24,0.2624,4301.69,3654.08
O-07659,2026-04-10,C-0506,US,US East,Software,Online,24,530.66,0.2417,9657.04,3645.12
O-07660,2026-04-10,C-0077,EU,UK & Ireland,Support & CS,Partner,7,1234.97,0.3500,5619.11,4995.06
O-07661,2026-04-11,C-0223,EU,DACH,Hardware,Partner,2,3025.95,0.3500,3933.73,4727.68
O-07662,2026-04-11,C-0617,APAC,ANZ,Hardware,Direct,12,706.05,0.3500,5507.19,5554.20
O-07663,2026-04-11,C-0543,APAC,Japan,Software,Online,55,653.10,0.2787,25909.20,10346.05
O-07664,2026-04-11,C-0691,US,US East,Hardware,Partner,11,2960.03,0.3417,21435.18,20830.59
O-07665,2026-04-11,C-0270,APAC,Japan,Hardware,Online,18,3585.76,0.2663,47354.69,42728.58
O-07666,2026-04-11,C-0382,EU,DACH,Software,Direct,114,382.75,0.3500,28361.78,13039.32
O-07667,2026-04-11,C-0682,APAC,Southeast Asia,Hardware,Direct,7,2182.77,0.3500,9931.60,10222.87
O-07668,2026-04-11,C-0295,US,US East,Services,Direct,24,521.56,0.3500,8136.34,7322.88
O-07669,2026-04-11,C-0162,US,US West,Software,Partner,73,71.26,0.3389,3438.81,1527.89
O-07670,2026-04-11,C-0235,EU,Southern Europe,Software,Direct,74,361.71,0.3500,17398.25,8105.22
O-07671,2026-04-11,C-0316,US,US East,Software,Online,102,630.21,0.2351,49169.43,19146.42
O-07672,2026-04-11,C-0454,EU,DACH,Hardware,Direct,14,1337.17,0.3500,12168.25,14769.16
O-07673,2026-04-11,C-0630,US,US Central,Hardware,Partner,16,3613.13,0.3500,37576.55,36105.12
O-07674,2026-04-11,C-0750,US,US Central,Software,Direct,98,421.72,0.3500,26863.56,11911.90
O-07675,2026-04-11,C-0453,US,US West,Software,Partner,86,818.87,0.3500,45774.83,20646.88
O-07676,2026-04-11,C-0360,EU,DACH,Software,Partner,62,732.95,0.3500,29537.89,14038.66
O-07677,2026-04-11,C-0018,EU,DACH,Services,Online,13,283.47,0.2961,2593.93,2424.24
O-07678,2026-04-11,C-0758,EU,Benelux & Nordics,Hardware,Online,13,929.82,0.2855,8636.19,9826.44
O-07679,2026-04-11,C-0385,US,US West,Support & CS,Partner,12,1191.60,0.3486,9315.17,7430.64
O-07680,2026-04-11,C-0127,EU,UK & Ireland,Hardware,Partner,18,1019.48,0.3500,11927.92,14682.24
O-07681,2026-04-11,C-0187,EU,Benelux & Nordics,Software,Direct,46,436.26,0.3500,13044.17,6167.22
O-07682,2026-04-11,C-0323,APAC,Southeast Asia,Software,Partner,105,346.89,0.3500,23675.24,10513.65
O-07683,2026-04-11,C-0488,US,US Central,Services,Partner,19,338.10,0.3500,4175.54,3897.85
O-07684,2026-04-11,C-0579,APAC,ANZ,Support & CS,Partner,3,389.88,0.3500,760.27,615.84
O-07685,2026-04-11,C-0102,US,US East,Services,Partner,10,628.81,0.3500,4087.26,3773.50
O-07686,2026-04-11,C-0161,APAC,ANZ,Software,Partner,100,72.23,0.3500,4694.95,2075.00
O-07687,2026-04-11,C-0325,US,US East,Software,Online,119,421.81,0.2343,38432.41,14370.44
O-07688,2026-04-11,C-0444,EU,DACH,Services,Partner,31,215.46,0.3500,4341.52,4458.11
O-07689,2026-04-11,C-0252,EU,Southern Europe,Hardware,Partner,12,1474.13,0.3500,11498.21,14145.96
O-07690,2026-04-11,C-0099,US,US East,Support & CS,Partner,6,2384.18,0.3360,9498.00,7426.56
O-07691,2026-04-11,C-0399,EU,DACH,Software,Partner,15,128.51,0.3500,1252.97,602.70
O-07692,2026-04-11,C-0252,EU,Southern Europe,Services,Partner,25,305.60,0.3500,4966.00,5027.25
O-07693,2026-04-12,C-0321,EU,DACH,Hardware,Partner,16,1846.76,0.3500,19206.30,23558.24
O-07694,2026-04-12,C-0609,EU,DACH,Hardware,Online,1,4145.19,0.2889,2947.70,3255.13
O-07695,2026-04-12,C-0588,EU,DACH,Software,Online,15,770.87,0.2950,8151.70,3616.50
O-07696,2026-04-12,C-0028,APAC,Greater China,Support & CS,Partner,12,684.76,0.3500,5341.13,4386.00
O-07697,2026-04-12,C-0573,APAC,Southeast Asia,Software,Partner,23,703.69,0.3500,10520.17,4807.00
O-07698,2026-04-12,C-0003,US,US West,Services,Direct,10,628.07,0.3500,4082.46,3821.10
O-07699,2026-04-12,C-0689,APAC,Japan,Software,Partner,117,363.77,0.3333,28375.57,12653.55
O-07700,2026-04-12,C-0007,EU,Southern Europe,Hardware,Direct,1,592.67,0.3500,385.24,467.41
O-07701,2026-04-12,C-0673,US,US West,Hardware,Direct,12,2833.44,0.3500,22100.83,22384.32
O-07702,2026-04-12,C-0217,EU,UK & Ireland,Hardware,Partner,5,2900.80,0.3500,9427.60,11471.35
O-07703,2026-04-12,C-0777,EU,UK & Ireland,Support & CS,Partner,1,478.42,0.3500,310.97,273.49
O-07704,2026-04-12,C-0709,EU,Southern Europe,Hardware,Direct,14,1942.44,0.3500,17676.20,21966.70
O-07705,2026-04-12,C-0146,US,US West,Services,Online,21,603.92,0.2605,9378.90,7430.22
O-07706,2026-04-12,C-0420,APAC,Greater China,Hardware,Partner,12,2117.64,0.3500,16517.59,16794.48
O-07707,2026-04-12,C-0707,APAC,ANZ,Software,Partner,7,289.51,0.3500,1317.27,613.27
O-07708,2026-04-12,C-0491,US,US East,Software,Partner,29,811.07,0.3382,15566.59,6985.23
O-07709,2026-04-12,C-0211,EU,UK & Ireland,Services,Partner,32,431.64,0.3500,8978.11,9415.68
O-07710,2026-04-12,C-0153,EU,DACH,Support & CS,Direct,8,1687.61,0.3500,8775.57,7667.84
O-07711,2026-04-12,C-0086,EU,UK & Ireland,Support & CS,Direct,10,1735.30,0.3500,11279.45,10029.60
O-07712,2026-04-12,C-0640,EU,DACH,Software,Partner,32,576.42,0.3500,11989.54,5562.88
O-07713,2026-04-13,C-0226,EU,UK & Ireland,Software,Partner,13,365.52,0.3500,3088.64,1435.07
O-07714,2026-04-13,C-0645,APAC,Southeast Asia,Services,Online,33,267.81,0.2684,6465.68,5269.77
O-07715,2026-04-13,C-0771,EU,UK & Ireland,Hardware,Partner,15,675.89,0.3500,6589.93,7927.80
O-07716,2026-04-13,C-0055,EU,UK & Ireland,Support & CS,Partner,12,406.70,0.3500,3172.26,2851.56
O-07717,2026-04-13,C-0534,EU,UK & Ireland,Hardware,Direct,16,3263.79,0.3500,33943.42,42331.04
O-07718,2026-04-13,C-0175,EU,UK & Ireland,Hardware,Online,10,351.36,0.2826,2520.77,2786.70
O-07719,2026-04-13,C-0327,EU,Benelux & Nordics,Hardware,Partner,13,3377.30,0.3500,28538.19,34479.12
O-07720,2026-04-13,C-0564,EU,DACH,Hardware,Direct,4,2937.24,0.3500,7636.82,9089.92
O-07721,2026-04-13,C-0676,APAC,ANZ,Software,Direct,21,854.18,0.3500,11659.56,5408.97
O-07722,2026-04-13,C-0296,EU,Southern Europe,Support & CS,Partner,6,1619.92,0.3500,6317.69,5579.16
O-07723,2026-04-13,C-0597,APAC,ANZ,Hardware,Online,3,3521.14,0.2538,7882.62,6860.31
O-07724,2026-04-13,C-0177,APAC,Japan,Hardware,Direct,5,3954.40,0.3500,12851.80,13078.65
O-07725,2026-04-13,C-0126,EU,UK & Ireland,Software,Partner,15,516.30,0.3500,5033.92,2383.65
O-07726,2026-04-13,C-0308,APAC,Japan,Services,Partner,29,537.40,0.3438,10226.08,9474.59
O-07727,2026-04-13,C-0051,APAC,Japan,Hardware,Partner,13,1649.93,0.3500,13941.91,13935.09
O-07728,2026-04-13,C-0471,US,US East,Hardware,Online,1,1578.95,0.2778,1140.24,1027.62
O-07729,2026-04-13,C-0029,US,US West,Hardware,Direct,18,2676.87,0.3500,31319.38,30127.32
O-07730,2026-04-13,C-0555,APAC,Southeast Asia,Software,Partner,118,893.39,0.3409,69483.85,30244.58
O-07731,2026-04-13,C-0181,US,US East,Hardware,Partner,8,1723.74,0.3372,9140.15,9017.84
O-07732,2026-04-13,C-0197,EU,Southern Europe,Hardware,Partner,5,3403.87,0.3500,11062.58,13397.30
O-07733,2026-04-13,C-0650,EU,DACH,Hardware,Partner,8,1459.95,0.3500,7591.74,9134.56
O-07734,2026-04-13,C-0403,EU,DACH,Services,Partner,32,268.45,0.3500,5583.76,5578.88
O-07735,2026-04-13,C-0155,US,US East,Hardware,Partner,14,373.22,0.3448,3423.58,3344.32
O-07736,2026-04-13,C-0353,APAC,Japan,Software,Partner,36,483.07,0.3336,11588.46,5208.12
O-07737,2026-04-13,C-0261,EU,DACH,Hardware,Partner,4,2763.05,0.3500,7183.93,8812.04
O-07738,2026-04-13,C-0633,US,US Central,Support & CS,Partner,2,1052.22,0.3468,1374.60,1126.48
O-07739,2026-04-13,C-0282,APAC,Southeast Asia,Hardware,Partner,12,1355.59,0.3500,10573.60,10702.08
O-07740,2026-04-13,C-0572,EU,Southern Europe,Hardware,Partner,4,3378.76,0.3500,8784.78,10806.68
O-07741,2026-04-13,C-0077,EU,UK & Ireland,Software,Partner,70,240.95,0.3500,10963.23,5241.60
O-07742,2026-04-13,C-0059,EU,UK & Ireland,Support & CS,Direct,6,455.97,0.3500,1778.28,1552.32
O-07743,2026-04-13,C-0479,US,US West,Software,Direct,15,826.91,0.3500,8062.37,3671.70
O-07744,2026-04-13,C-0064,EU,UK & Ireland,Hardware,Online,2,2351.24,0.2866,3354.80,3811.48
O-07745,2026-04-13,C-0443,US,US West,Hardware,Online,9,1398.51,0.2308,9681.95,8240.58
O-07746,2026-04-14,C-0427,EU,DACH,Software,Online,58,356.45,0.3189,14081.38,6279.66
O-07747,2026-04-14,C-0223,EU,DACH,Software,Direct,64,394.95,0.3500,16429.92,7888.64
O-07748,2026-04-14,C-0598,US,US East,Software,Direct,73,629.78,0.3500,29883.06,13214.46
O-07749,2026-04-14,C-0356,US,US West,Hardware,Direct,8,2304.40,0.3500,11982.88,11936.00
O-07750,2026-04-14,C-0586,APAC,Southeast Asia,Hardware,Partner,10,900.86,0.3463,5888.68,5957.10
O-07751,2026-04-14,C-0550,APAC,ANZ,Services,Partner,42,163.47,0.3500,4462.73,4266.36
O-07752,2026-04-14,C-0587,EU,UK & Ireland,Hardware,Direct,17,3217.01,0.3500,35547.96,43955.54
O-07753,2026-04-14,C-0561,US,US West,Hardware,Partner,2,1220.24,0.3500,1586.31,1563.16
O-07754,2026-04-14,C-0246,US,US East,Hardware,Direct,1,1618.60,0.3500,1052.09,1045.73
O-07755,2026-04-14,C-0028,APAC,Greater China,Services,Direct,33,531.03,0.3500,11390.59,10906.50
O-07756,2026-04-14,C-0125,EU,DACH,Hardware,Partner,17,2192.00,0.3500,24221.60,30123.15
O-07757,2026-04-14,C-0564,EU,DACH,Software,Partner,20,629.40,0.3500,8182.20,3865.60
O-07758,2026-04-14,C-0006,EU,UK & Ireland,Support & CS,Partner,5,1799.18,0.3500,5847.34,5195.15
O-07759,2026-04-14,C-0063,EU,UK & Ireland,Hardware,Direct,15,3856.49,0.3500,37600.78,45706.65
O-07760,2026-04-14,C-0192,APAC,Japan,Software,Online,50,65.10,0.2709,2373.20,970.50
O-07761,2026-04-14,C-0589,EU,DACH,Hardware,Direct,18,3763.29,0.3500,44030.49,52575.48
O-07762,2026-04-14,C-0592,EU,UK & Ireland,Hardware,Direct,12,3297.24,0.3500,25718.47,31688.16
O-07763,2026-04-14,C-0443,US,US West,Services,Partner,1,183.71,0.3500,119.41,109.96
O-07764,2026-04-14,C-0301,US,US Central,Hardware,Partner,18,3774.45,0.3420,44705.40,44724.42
O-07765,2026-04-14,C-0290,EU,Southern Europe,Hardware,Online,5,3162.31,0.3107,10898.92,12154.15
O-07766,2026-04-14,C-0383,EU,DACH,Hardware,Online,13,2670.54,0.3040,24164.15,27524.77
O-07767,2026-04-14,C-0130,EU,Southern Europe,Services,Direct,41,491.90,0.3500,13109.13,13241.77
O-07768,2026-04-14,C-0125,EU,DACH,Software,Online,82,669.95,0.3099,37910.22,16568.10
O-07769,2026-04-14,C-0729,US,US East,Support & CS,Online,4,1545.87,0.2488,4645.19,3210.80
O-07770,2026-04-14,C-0448,EU,UK & Ireland,Hardware,Partner,17,2046.64,0.3500,22615.37,26990.39
O-07771,2026-04-14,C-0660,EU,Benelux & Nordics,Services,Direct,15,339.42,0.3500,3309.35,3433.05
O-07772,2026-04-14,C-0184,US,US West,Software,Partner,109,257.22,0.3319,18730.14,8244.76
O-07773,2026-04-14,C-0546,EU,Southern Europe,Software,Partner,111,445.45,0.3500,32139.22,15174.81
O-07774,2026-04-14,C-0792,EU,Benelux & Nordics,Support & CS,Direct,9,2108.87,0.3500,12336.89,11003.31
O-07775,2026-04-14,C-0799,APAC,Japan,Services,Partner,23,150.48,0.3497,2250.61,2069.54
O-07776,2026-04-15,C-0482,APAC,Greater China,Support & CS,Direct,12,318.00,0.3500,2480.40,2066.76
O-07777,2026-04-15,C-0351,EU,UK & Ireland,Support & CS,Online,10,1112.03,0.3161,7605.63,6488.80
O-07778,2026-04-15,C-0592,EU,UK & Ireland,Hardware,Direct,10,708.98,0.3500,4608.37,5622.10
O-07779,2026-04-15,C-0800,US,US Central,Services,Partner,19,608.80,0.3426,7604.63,7042.92
O-07780,2026-04-15,C-0725,EU,Southern Europe,Support & CS,Partner,7,1108.72,0.3500,5044.68,4488.47
O-07781,2026-04-15,C-0536,APAC,Greater China,Hardware,Direct,1,1589.11,0.3500,1032.92,1022.17
O-07782,2026-04-15,C-0511,US,US East,Support & CS,Partner,8,1606.66,0.3465,8399.04,6926.72
O-07783,2026-04-15,C-0736,EU,Benelux & Nordics,Hardware,Partner,11,2572.30,0.3500,18391.95,21956.77
O-07784,2026-04-15,C-0727,EU,UK & Ireland,Software,Partner,74,182.38,0.3500,8772.48,4112.18
O-07785,2026-04-15,C-0444,EU,DACH,Software,Partner,9,303.34,0.3500,1774.54,864.45
O-07786,2026-04-15,C-0120,EU,Benelux & Nordics,Services,Partner,7,496.99,0.3500,2261.30,2315.95
O-07787,2026-04-15,C-0252,EU,Southern Europe,Software,Partner,62,541.66,0.3500,21828.90,10510.86
O-07788,2026-04-15,C-0800,US,US Central,Hardware,Direct,2,1471.14,0.3500,1912.48,1848.44
O-07789,2026-04-15,C-0110,EU,DACH,Software,Partner,87,591.96,0.3500,33475.34,15371.16
O-07790,2026-04-15,C-0511,US,US East,Software,Direct,90,530.04,0.3500,31007.34,14264.10
O-07791,2026-04-15,C-0211,EU,UK & Ireland,Hardware,Partner,17,3547.79,0.3500,39203.08,46319.39
O-07792,2026-04-15,C-0473,EU,Southern Europe,Hardware,Partner,2,1715.23,0.3500,2229.80,2785.24
O-07793,2026-04-15,C-0230,US,US East,Software,Partner,51,158.20,0.3426,5303.67,2326.11
O-07794,2026-04-15,C-0456,EU,Southern Europe,Hardware,Partner,2,2359.41,0.3500,3067.23,3782.02
O-07795,2026-04-15,C-0798,EU,Southern Europe,Software,Partner,87,509.10,0.3500,28789.61,13531.98
O-07796,2026-04-15,C-0638,EU,Benelux & Nordics,Software,Direct,75,315.50,0.3500,15380.62,7388.25
O-07797,2026-04-15,C-0442,APAC,Japan,Hardware,Partner,14,4056.75,0.3500,36916.43,37529.24
O-07798,2026-04-15,C-0361,US,US East,Software,Direct,32,270.58,0.3500,5628.06,2568.64
O-07799,2026-04-15,C-0800,US,US Central,Software,Direct,118,824.63,0.3500,63249.12,28769.58
O-07800,2026-04-15,C-0312,US,US West,Software,Direct,113,864.28,0.3500,63481.37,28021.74
O-07801,2026-04-15,C-0645,APAC,Southeast Asia,Software,Partner,23,307.63,0.3500,4599.07,2039.64
O-07802,2026-04-15,C-0544,US,US Central,Hardware,Partner,14,2114.85,0.3500,19245.13,18766.16
O-07803,2026-04-15,C-0535,EU,UK & Ireland,Software,Partner,45,692.29,0.3500,20249.48,9394.65
O-07804,2026-04-16,C-0785,US,US East,Support & CS,Direct,2,355.42,0.3500,462.05,372.00
O-07805,2026-04-16,C-0615,US,US East,Hardware,Partner,7,2783.28,0.3500,12663.92,12252.94
O-07806,2026-04-16,C-0217,EU,UK & Ireland,Support & CS,Online,5,1726.74,0.2818,6200.67,4933.90
O-07807,2026-04-16,C-0733,EU,UK & Ireland,Software,Partner,116,315.63,0.3500,23798.50,11536.20
O-07808,2026-04-16,C-0785,US,US East,Services,Partner,41,636.48,0.3500,16962.19,15461.10
O-07809,2026-04-16,C-0621,APAC,ANZ,Hardware,Direct,5,3614.06,0.3500,11745.69,11485.60
O-07810,2026-04-16,C-0665,APAC,Japan,Hardware,Partner,7,895.58,0.3500,4074.89,4142.53
O-07811,2026-04-16,C-0405,EU,DACH,Support & CS,Partner,11,1579.73,0.3500,11295.07,10148.71
O-07812,2026-04-16,C-0415,EU,Benelux & Nordics,Software,Direct,111,665.22,0.3500,47995.62,22884.87
O-07813,2026-04-16,C-0726,EU,DACH,Support & CS,Online,12,2171.51,0.2768,18844.59,14716.80
O-07814,2026-04-16,C-0258,EU,UK & Ireland,Services,Direct,28,342.44,0.3500,6232.41,6416.76
O-07815,2026-04-16,C-0505,APAC,Greater China,Services,Partner,31,544.19,0.3366,11191.56,10473.04
O-07816,2026-04-16,C-0279,US,US East,Software,Partner,116,366.31,0.3305,28449.59,12086.04
O-07817,2026-04-16,C-0599,EU,UK & Ireland,Support & CS,Online,7,1577.22,0.2997,7731.83,6289.50
O-07818,2026-04-16,C-0072,APAC,ANZ,Hardware,Direct,15,3233.45,0.3500,31526.14,30707.40
O-07819,2026-04-16,C-0271,EU,DACH,Software,Partner,76,547.67,0.3500,27054.90,13128.24
O-07820,2026-04-16,C-0660,EU,Benelux & Nordics,Software,Partner,113,618.55,0.3500,45432.50,20993.14
O-07821,2026-04-16,C-0768,EU,DACH,Hardware,Online,10,3076.41,0.3115,21180.37,23620.50
O-07822,2026-04-16,C-0511,US,US East,Services,Partner,39,256.83,0.3500,6510.64,6060.60
O-07823,2026-04-16,C-0792,EU,Benelux & Nordics,Hardware,Partner,15,409.97,0.3500,3997.21,4908.60
O-07824,2026-04-16,C-0339,EU,DACH,Support & CS,Partner,5,845.77,0.3500,2748.75,2387.90
O-07825,2026-04-16,C-0076,APAC,Southeast Asia,Hardware,Partner,12,2060.20,0.3433,16235.78,15614.16
O-07826,2026-04-16,C-0237,US,US Central,Software,Direct,16,189.56,0.3500,1971.42,878.24
O-07827,2026-04-16,C-0317,US,US East,Software,Online,109,438.50,0.2601,35366.93,13558.51
O-07828,2026-04-16,C-0426,EU,Southern Europe,Hardware,Direct,16,3254.10,0.3500,33842.64,41850.24
O-07829,2026-04-16,C-0462,EU,Benelux & Nordics,Software,Direct,46,88.42,0.3500,2643.76,1280.64
O-07830,2026-04-16,C-0579,APAC,ANZ,Software,Partner,67,98.98,0.3452,4342.74,1933.62
O-07831,2026-04-16,C-0266,US,US West,Software,Direct,100,263.64,0.3500,17136.60,7495.00
O-07832,2026-04-16,C-0323,APAC,Southeast Asia,Support & CS,Online,2,1954.90,0.2407,2968.87,2092.34
O-07833,2026-04-16,C-0742,US,US Central,Software,Online,115,740.24,0.2416,64559.05,24424.85
O-07834,2026-04-16,C-0171,EU,Southern Europe,Services,Partner,38,419.86,0.3500,10370.54,10401.36
O-07835,2026-04-16,C-0271,EU,DACH,Software,Partner,117,78.50,0.3500,5969.93,2789.28
O-07836,2026-04-16,C-0682,APAC,Southeast Asia,Services,Partner,35,589.34,0.3382,13650.35,12411.00
O-07837,2026-04-16,C-0103,US,US East,Hardware,Online,4,2073.91,0.2480,6238.02,5226.36
O-07838,2026-04-16,C-0014,US,US West,Services,Online,31,488.81,0.2518,11337.08,9354.87
O-07839,2026-04-17,C-0471,US,US East,Support & CS,Partner,1,1387.00,0.3500,901.55,760.75
O-07840,2026-04-17,C-0229,US,US West,Software,Partner,18,147.70,0.3481,1733.05,786.78
O-07841,2026-04-17,C-0554,US,US East,Hardware,Direct,8,366.01,0.3500,1903.25,1822.40
O-07842,2026-04-17,C-0087,US,US West,Services,Direct,42,577.11,0.3500,15755.10,14153.58
O-07843,2026-04-17,C-0350,EU,Benelux & Nordics,Hardware,Partner,4,4189.61,0.3500,10892.99,13237.60
O-07844,2026-04-17,C-0208,US,US East,Hardware,Partner,12,894.32,0.3500,6975.70,6868.32
O-07845,2026-04-17,C-0264,APAC,Greater China,Support & CS,Online,10,1550.93,0.2448,11712.92,8179.80
O-07846,2026-04-17,C-0317,US,US East,Hardware,Partner,5,992.95,0.3500,3227.09,3245.25
O-07847,2026-04-17,C-0672,EU,Southern Europe,Support & CS,Direct,3,2152.32,0.3500,4197.02,3771.03
O-07848,2026-04-17,C-0231,US,US West,Hardware,Partner,16,3299.07,0.3500,34310.33,34272.80
O-07849,2026-04-17,C-0007,EU,Southern Europe,Software,Direct,55,472.25,0.3500,16882.94,8154.85
O-07850,2026-04-17,C-0124,US,US East,Support & CS,Direct,9,596.37,0.3500,3488.76,2813.67
O-07851,2026-04-17,C-0525,EU,Benelux & Nordics,Hardware,Direct,7,1916.94,0.3500,8722.08,10378.41
O-07852,2026-04-17,C-0465,EU,DACH,Hardware,Direct,11,3432.75,0.3500,24544.16,30492.88
O-07853,2026-04-17,C-0208,US,US East,Services,Partner,43,424.09,0.3303,12212.20,10696.68
O-07854,2026-04-17,C-0205,US,US East,Software,Partner,78,489.79,0.3500,24832.35,10947.30
O-07855,2026-04-17,C-0664,APAC,Japan,Services,Partner,17,610.20,0.3500,6742.71,6513.38
O-07856,2026-04-17,C-0561,US,US West,Hardware,Partner,15,1152.65,0.3382,11442.92,10817.40
O-07857,2026-04-17,C-0667,US,US West,Support & CS,Partner,6,1400.93,0.3377,5566.92,4493.46
O-07858,2026-04-17,C-0007,EU,Southern Europe,Services,Online,32,256.89,0.3163,5620.74,5640.64
O-07859,2026-04-17,C-0711,US,US Central,Software,Online,13,784.92,0.2375,7780.74,3034.72
O-07860,2026-04-17,C-0248,US,US Central,Services,Partner,44,231.38,0.3467,6651.09,6018.32
O-07861,2026-04-17,C-0181,US,US East,Hardware,Direct,1,856.10,0.3500,556.47,554.42
O-07862,2026-04-17,C-0772,EU,DACH,Hardware,Partner,7,2067.02,0.3500,9404.94,11411.33
O-07863,2026-04-17,C-0624,US,US West,Hardware,Direct,2,1189.56,0.3500,1546.43,1507.20
O-07864,2026-04-17,C-0041,US,US Central,Services,Online,24,175.57,0.2664,3091.19,2563.68
O-07865,2026-04-17,C-0325,US,US East,Hardware,Direct,9,1080.34,0.3500,6319.99,6259.14
O-07866,2026-04-17,C-0212,APAC,ANZ,Hardware,Partner,16,392.77,0.3500,4084.81,4051.52
O-07867,2026-04-17,C-0441,US,US East,Software,Online,111,419.41,0.2795,33542.39,13517.58
O-07868,2026-04-17,C-0040,EU,Southern Europe,Support & CS,Partner,10,1548.90,0.3500,10067.85,8732.30
O-07869,2026-04-18,C-0440,EU,UK & Ireland,Hardware,Direct,5,3864.95,0.3500,12561.09,15010.15
O-07870,2026-04-18,C-0777,EU,UK & Ireland,Hardware,Direct,16,2137.44,0.3500,22229.38,27490.24
O-07871,2026-04-18,C-0272,EU,UK & Ireland,Hardware,Direct,16,2876.30,0.3500,29913.52,36140.32
O-07872,2026-04-18,C-0241,EU,UK & Ireland,Hardware,Direct,7,1813.96,0.3500,8253.52,10094.91
O-07873,2026-04-18,C-0123,APAC,Japan,Support & CS,Direct,7,1410.65,0.3500,6418.46,5378.66
O-07874,2026-04-18,C-0568,APAC,ANZ,Hardware,Partner,8,3844.05,0.3500,19989.06,19637.36
O-07875,2026-04-18,C-0103,US,US East,Hardware,Partner,4,2878.17,0.3317,7693.66,7523.12
O-07876,2026-04-18,C-0132,US,US West,Support & CS,Direct,7,681.64,0.3500,3101.46,2598.05
O-07877,2026-04-18,C-0415,EU,Benelux & Nordics,Hardware,Direct,4,542.13,0.3500,1409.54,1692.00
O-07878,2026-04-18,C-0194,US,US West,Hardware,Direct,2,3256.96,0.3500,4234.05,4171.84
O-07879,2026-04-18,C-0325,US,US East,Hardware,Direct,9,3511.35,0.3500,20541.40,20128.86
O-07880,2026-04-18,C-0786,APAC,ANZ,Software,Partner,25,190.32,0.3500,3092.70,1394.25
O-07881,2026-04-18,C-0383,EU,DACH,Hardware,Partner,2,1038.52,0.3500,1350.08,1671.72
O-07882,2026-04-18,C-0285,US,US West,Hardware,Partner,8,1260.53,0.3325,6731.29,6571.84
O-07883,2026-04-18,C-0682,APAC,Southeast Asia,Software,Direct,70,622.13,0.3500,28306.92,12971.00
O-07884,2026-04-18,C-0662,EU,DACH,Software,Direct,41,301.78,0.3500,8042.44,3877.78
O-07885,2026-04-18,C-0774,US,US East,Support & CS,Partner,3,945.84,0.3354,1885.85,1541.49
O-07886,2026-04-18,C-0064,EU,UK & Ireland,Hardware,Direct,13,2898.03,0.3500,24488.35,30069.52
O-07887,2026-04-18,C-0013,EU,Southern Europe,Support & CS,Online,3,1863.13,0.2766,4043.25,3170.46
O-07888,2026-04-19,C-0607,APAC,Japan,Hardware,Online,3,806.20,0.2741,1755.57,1537.35
O-07889,2026-04-19,C-0332,EU,Benelux & Nordics,Hardware,Partner,16,771.14,0.3500,8019.86,9792.48
O-07890,2026-04-19,C-0302,APAC,Southeast Asia,Services,Partner,12,140.57,0.3500,1096.45,1037.04
O-07891,2026-04-19,C-0120,EU,Benelux & Nordics,Hardware,Online,10,3402.52,0.2771,24597.73,26648.00
O-07892,2026-04-19,C-0695,EU,Benelux & Nordics,Services,Partner,31,212.96,0.3500,4291.14,4275.52
O-07893,2026-04-19,C-0628,APAC,ANZ,Services,Partner,43,162.53,0.3500,4542.71,4173.15
O-07894,2026-04-19,C-0588,EU,DACH,Hardware,Direct,15,360.35,0.3500,3513.41,4257.45
O-07895,2026-04-19,C-0527,US,US West,Hardware,Direct,10,3456.93,0.3500,22470.04,22762.30
O-07896,2026-04-19,C-0231,US,US West,Services,Direct,21,202.90,0.3500,2769.59,2635.29
O-07897,2026-04-19,C-0288,EU,DACH,Hardware,Partner,14,1975.66,0.3500,17978.51,22111.04
O-07898,2026-04-19,C-0141,EU,Benelux & Nordics,Software,Partner,41,361.39,0.3500,9631.04,4687.53
O-07899,2026-04-19,C-0547,EU,UK & Ireland,Support & CS,Partner,12,2208.74,0.3500,17228.17,15450.24
O-07900,2026-04-19,C-0642,EU,DACH,Support & CS,Direct,2,1540.26,0.3500,2002.34,1796.04
O-07901,2026-04-19,C-0528,EU,DACH,Hardware,Partner,18,3187.92,0.3500,37298.66,46511.28
O-07902,2026-04-19,C-0709,EU,Southern Europe,Software,Partner,26,463.84,0.3500,7838.90,3767.40
O-07903,2026-04-19,C-0790,EU,UK & Ireland,Services,Partner,5,429.96,0.3500,1397.37,1461.05
O-07904,2026-04-19,C-0395,US,US West,Hardware,Partner,15,377.39,0.3358,3760.04,3589.20
O-07905,2026-04-19,C-0380,US,US West,Support & CS,Partner,12,372.61,0.3303,2994.26,2381.64
O-07906,2026-04-19,C-0397,US,US East,Hardware,Partner,1,3381.73,0.3500,2198.12,2161.58
O-07907,2026-04-19,C-0615,US,US East,Hardware,Partner,11,2296.47,0.3500,16419.76,16628.81
O-07908,2026-04-19,C-0724,EU,DACH,Software,Online,53,362.64,0.2750,13934.19,6027.69
O-07909,2026-04-19,C-0703,EU,DACH,Services,Direct,14,341.94,0.3500,3111.65,3172.54
O-07910,2026-04-19,C-0051,APAC,Japan,Software,Partner,34,323.88,0.3500,7157.75,3272.84
O-07911,2026-04-19,C-0451,EU,UK & Ireland,Services,Partner,3,268.16,0.3500,522.91,542.88
O-07912,2026-04-19,C-0282,APAC,Southeast Asia,Software,Partner,13,305.08,0.3500,2577.93,1205.75
O-07913,2026-04-19,C-0792,EU,Benelux & Nordics,Software,Partner,89,558.89,0.3500,32331.79,15255.49
O-07914,2026-04-19,C-0131,EU,DACH,Support & CS,Partner,4,634.01,0.3500,1648.43,1444.64
O-07915,2026-04-20,C-0782,EU,Benelux & Nordics,Support & CS,Online,7,1936.28,0.2918,9599.35,8004.85
O-07916,2026-04-20,C-0477,EU,UK & Ireland,Hardware,Partner,6,410.18,0.3500,1599.70,1887.84
O-07917,2026-04-20,C-0352,US,US West,Services,Online,41,345.79,0.2320,10887.92,8447.23
O-07918,2026-04-20,C-0364,EU,DACH,Support & CS,Online,4,1767.13,0.3199,4807.30,4226.56
O-07919,2026-04-20,C-0486,EU,UK & Ireland,Software,Online,71,330.18,0.2921,16594.72,6996.34
O-07920,2026-04-20,C-0197,EU,Southern Europe,Software,Partner,53,858.33,0.3500,29569.47,14277.67
O-07921,2026-04-20,C-0670,APAC,Greater China,Software,Partner,110,810.47,0.3500,57948.61,26962.10
O-07922,2026-04-20,C-0655,EU,DACH,Services,Direct,8,247.61,0.3500,1287.57,1343.04
O-07923,2026-04-20,C-0775,US,US East,Services,Partner,7,219.17,0.3479,1000.44,904.19
O-07924,2026-04-20,C-0789,APAC,Greater China,Services,Online,27,322.76,0.2450,6579.67,5169.42
O-07925,2026-04-20,C-0040,EU,Southern Europe,Support & CS,Online,8,1939.06,0.2994,10867.57,9124.64
O-07926,2026-04-20,C-0512,EU,Benelux & Nordics,Hardware,Direct,8,3532.80,0.3500,18370.56,22628.80
O-07927,2026-04-20,C-0040,EU,Southern Europe,Software,Partner,99,727.74,0.3500,46830.07,22644.27
O-07928,2026-04-20,C-0074,US,US West,Services,Online,21,435.98,0.2525,6844.08,5656.56
O-07929,2026-04-20,C-0629,US,US East,Software,Partner,20,399.78,0.3371,5300.52,2372.60
O-07930,2026-04-20,C-0528,EU,DACH,Software,Direct,70,607.65,0.3500,27648.08,13290.90
O-07931,2026-04-20,C-0624,US,US West,Services,Partner,38,491.46,0.3500,12139.06,11483.98
O-07932,2026-04-20,C-0626,EU,DACH,Support & CS,Partner,3,2376.37,0.3500,4633.92,4076.73
O-07933,2026-04-20,C-0513,US,US East,Support & CS,Direct,5,1793.36,0.3500,5828.42,4906.00
O-07934,2026-04-20,C-0379,APAC,Greater China,Services,Partner,29,140.74,0.3500,2652.95,2431.65
O-07935,2026-04-20,C-0636,APAC,Japan,Services,Online,18,365.21,0.2599,4865.13,4065.66
O-07936,2026-04-20,C-0028,APAC,Greater China,Software,Direct,44,209.30,0.3500,5985.98,2662.44
O-07937,2026-04-20,C-0658,US,US East,Hardware,Direct,18,2355.49,0.3500,27559.23,27320.04
O-07938,2026-04-20,C-0446,EU,Southern Europe,Support & CS,Partner,2,1480.13,0.3500,1924.17,1759.54
O-07939,2026-04-20,C-0664,APAC,Japan,Support & CS,Partner,10,663.83,0.3500,4314.90,3689.20
O-07940,2026-04-20,C-0360,EU,DACH,Support & CS,Partner,1,737.39,0.3500,479.30,418.50
O-07941,2026-04-20,C-0277,EU,UK & Ireland,Support & CS,Partner,5,1411.52,0.3500,4587.44,4018.35
O-07942,2026-04-20,C-0310,US,US Central,Support & CS,Partner,3,494.10,0.3500,963.50,807.96
O-07943,2026-04-21,C-0452,APAC,Southeast Asia,Hardware,Partner,18,938.28,0.3500,10977.88,10818.54
O-07944,2026-04-21,C-0105,APAC,Greater China,Software,Partner,72,758.26,0.3394,36065.06,15733.44
O-07945,2026-04-21,C-0617,APAC,ANZ,Support & CS,Online,1,2391.05,0.2322,1835.83,1300.13
O-07946,2026-04-21,C-0571,APAC,Southeast Asia,Services,Online,3,285.30,0.2739,621.47,509.88
O-07947,2026-04-21,C-0099,US,US East,Support & CS,Direct,5,2063.11,0.3500,6705.11,5471.15
O-07948,2026-04-21,C-0431,EU,DACH,Support & CS,Direct,1,353.02,0.3500,229.46,205.30
O-07949,2026-04-21,C-0532,EU,DACH,Software,Direct,22,828.61,0.3500,11849.12,5670.28
O-07950,2026-04-21,C-0212,APAC,ANZ,Software,Direct,119,438.73,0.3500,33935.77,15735.37
O-07951,2026-04-21,C-0725,EU,Southern Europe,Software,Partner,46,62.08,0.3500,1856.19,894.24
O-07952,2026-04-21,C-0078,EU,UK & Ireland,Hardware,Direct,9,3911.83,0.3500,22884.21,28216.17
O-07953,2026-04-21,C-0696,APAC,Greater China,Software,Direct,77,385.50,0.3500,19294.28,8761.83
O-07954,2026-04-21,C-0372,US,US East,Services,Online,7,276.83,0.2709,1412.90,1162.77
O-07955,2026-04-21,C-0162,US,US West,Services,Direct,22,579.92,0.3500,8292.86,7578.12
O-07956,2026-04-21,C-0047,EU,Benelux & Nordics,Hardware,Direct,6,2606.57,0.3500,10165.62,12349.26
O-07957,2026-04-21,C-0350,EU,Benelux & Nordics,Support & CS,Partner,2,379.95,0.3500,493.94,428.36
O-07958,2026-04-21,C-0761,US,US West,Services,Partner,26,396.17,0.3500,6695.27,6139.38
O-07959,2026-04-21,C-0713,US,US Central,Services,Online,25,536.48,0.2448,10128.96,8195.00
O-07960,2026-04-21,C-0598,US,US East,Services,Online,1,477.33,0.2367,364.33,286.70
O-07961,2026-04-21,C-0560,EU,UK & Ireland,Hardware,Partner,8,1158.31,0.3500,6023.21,7353.36
O-07962,2026-04-21,C-0176,APAC,Greater China,Software,Partner,18,261.45,0.3428,3092.78,1399.32
O-07963,2026-04-21,C-0697,EU,Southern Europe,Support & CS,Online,5,1343.78,0.2993,4708.12,3922.75
O-07964,2026-04-21,C-0311,EU,DACH,Software,Partner,119,569.78,0.3500,44072.48,20697.67
O-07965,2026-04-22,C-0544,US,US Central,Software,Online,61,669.84,0.2384,31120.62,11948.68
O-07966,2026-04-22,C-0796,APAC,Southeast Asia,Services,Online,41,241.21,0.2344,7571.00,6025.36
O-07967,2026-04-22,C-0425,EU,Benelux & Nordics,Software,Partner,120,382.13,0.3500,29806.14,14288.40
O-07968,2026-04-22,C-0761,US,US West,Software,Partner,40,838.89,0.3435,22028.52,9937.20
O-07969,2026-04-22,C-0391,EU,DACH,Support & CS,Direct,3,677.00,0.3500,1320.15,1177.86
O-07970,2026-04-22,C-0553,US,US Central,Software,Partner,65,235.82,0.3301,10267.91,4390.10
O-07971,2026-04-22,C-0021,EU,DACH,Software,Direct,107,289.49,0.3500,20134.03,9651.40
O-07972,2026-04-22,C-0650,EU,DACH,Software,Partner,11,154.44,0.3500,1104.25,537.02
O-07973,2026-04-22,C-0771,EU,UK & Ireland,Support & CS,Partner,11,969.97,0.3500,6935.29,6062.54
O-07974,2026-04-22,C-0167,EU,UK & Ireland,Hardware,Online,18,490.19,0.2743,6403.60,6978.96
O-07975,2026-04-22,C-0074,US,US West,Hardware,Direct,16,3532.42,0.3500,36737.17,35879.52
O-07976,2026-04-22,C-0020,APAC,ANZ,Services,Partner,16,421.74,0.3500,4386.10,4146.40
O-07977,2026-04-22,C-0685,US,US East,Software,Partner,50,650.71,0.3500,21148.08,9212.00
O-07978,2026-04-22,C-0418,US,US West,Hardware,Direct,1,1104.67,0.3500,718.04,727.47
O-07979,2026-04-22,C-0612,EU,UK & Ireland,Hardware,Online,13,1542.38,0.2757,14522.04,15382.38
O-07980,2026-04-22,C-0143,US,US Central,Hardware,Partner,15,3350.70,0.3458,32881.53,32416.80
O-07981,2026-04-22,C-0783,US,US Central,Support & CS,Partner,6,2043.49,0.3500,7969.61,6499.62
O-07982,2026-04-22,C-0060,EU,DACH,Hardware,Online,6,1912.70,0.2724,8349.80,9132.18
O-07983,2026-04-22,C-0636,APAC,Japan,Software,Partner,92,101.65,0.3500,6078.67,2749.88
O-07984,2026-04-22,C-0531,APAC,Japan,Software,Partner,17,127.85,0.3500,1412.74,631.89
O-07985,2026-04-22,C-0109,US,US East,Hardware,Online,17,3823.57,0.2383,49509.32,40708.71
O-07986,2026-04-22,C-0641,APAC,Greater China,Software,Partner,62,706.77,0.3500,28482.83,12755.26
O-07987,2026-04-22,C-0246,US,US East,Hardware,Partner,5,4106.18,0.3445,13458.49,13231.40
O-07988,2026-04-22,C-0784,US,US Central,Software,Direct,61,584.39,0.3500,23171.06,10079.64
O-07989,2026-04-22,C-0417,US,US West,Software,Partner,12,435.96,0.3500,3400.49,1557.72
O-07990,2026-04-22,C-0360,EU,DACH,Services,Online,16,391.06,0.2866,4463.98,4229.60
O-07991,2026-04-22,C-0428,US,US East,Support & CS,Direct,3,1964.11,0.3500,3830.01,3147.15
O-07992,2026-04-23,C-0792,EU,Benelux & Nordics,Hardware,Direct,18,688.88,0.3500,8059.90,10076.40
O-07993,2026-04-23,C-0036,EU,DACH,Hardware,Partner,15,2603.12,0.3500,25380.42,30994.35
O-07994,2026-04-23,C-0643,EU,DACH,Services,Partner,39,230.82,0.3500,5851.29,6120.66
O-07995,2026-04-23,C-0240,US,US West,Software,Online,98,422.00,0.2388,31479.36,11810.96
O-07996,2026-04-23,C-0167,EU,UK & Ireland,Hardware,Partner,11,3241.70,0.3500,23178.15,28018.21
O-07997,2026-04-23,C-0526,US,US West,Software,Direct,93,71.10,0.3500,4297.99,1873.95
O-07998,2026-04-23,C-0780,EU,DACH,Hardware,Direct,13,1506.59,0.3500,12730.69,15073.11
O-07999,2026-04-23,C-0286,US,US East,Hardware,Direct,18,2340.44,0.3500,27383.15,26574.48
O-08000,2026-04-23,C-0458,EU,Benelux & Nordics,Software,Direct,27,443.57,0.3500,7784.65,3782.16
O-08001,2026-04-23,C-0537,EU,UK & Ireland,Software,Partner,11,885.93,0.3500,6334.40,2947.78
O-08002,2026-04-23,C-0269,EU,UK & Ireland,Support & CS,Direct,8,982.56,0.3500,5109.31,4472.08
O-08003,2026-04-23,C-0257,US,US East,Software,Partner,67,276.41,0.3500,12037.66,5331.86
O-08004,2026-04-23,C-0490,US,US West,Hardware,Partner,10,473.01,0.3436,3104.62,2945.10
O-08005,2026-04-23,C-0288,EU,DACH,Support & CS,Partner,6,871.40,0.3500,3398.46,2982.12
O-08006,2026-04-23,C-0636,APAC,Japan,Software,Partner,56,335.64,0.3429,12350.17,5428.64
O-08007,2026-04-23,C-0403,EU,DACH,Support & CS,Online,10,737.43,0.2903,5233.84,4325.70
O-08008,2026-04-23,C-0604,EU,Southern Europe,Hardware,Online,11,3547.39,0.2930,27589.05,31208.32
O-08009,2026-04-23,C-0176,APAC,Greater China,Services,Direct,35,642.35,0.3500,14613.46,13932.10
O-08010,2026-04-23,C-0758,EU,Benelux & Nordics,Software,Partner,99,105.52,0.3500,6790.21,3252.15
O-08011,2026-04-23,C-0697,EU,Southern Europe,Hardware,Partner,6,2316.52,0.3500,9034.43,10662.06
O-08012,2026-04-23,C-0475,APAC,Japan,Support & CS,Partner,7,2100.81,0.3500,9558.69,8006.18
O-08013,2026-04-23,C-0549,EU,UK & Ireland,Software,Direct,100,96.76,0.3500,6289.40,2897.00
O-08014,2026-04-23,C-0762,EU,Benelux & Nordics,Software,Partner,57,878.22,0.3500,32538.05,15376.32
O-08015,2026-04-23,C-0232,EU,Southern Europe,Services,Direct,33,180.65,0.3500,3874.94,3939.54
O-08016,2026-04-23,C-0563,EU,UK & Ireland,Software,Direct,100,803.23,0.3500,52209.95,24118.00
O-08017,2026-04-23,C-0403,EU,DACH,Services,Partner,16,530.63,0.3500,5518.55,5641.44
O-08018,2026-04-23,C-0729,US,US East,Software,Partner,24,531.54,0.3500,8292.02,3658.56
O-08019,2026-04-23,C-0338,EU,UK & Ireland,Services,Direct,18,592.78,0.3500,6935.53,7137.54
O-08020,2026-04-23,C-0672,EU,Southern Europe,Hardware,Direct,14,3740.09,0.3500,34034.82,40561.78
O-08021,2026-04-23,C-0311,EU,DACH,Support & CS,Partner,12,898.95,0.3500,7011.81,6302.04
O-08022,2026-04-23,C-0640,EU,DACH,Hardware,Partner,7,3528.62,0.3500,16055.22,20002.50
O-08023,2026-04-23,C-0740,APAC,ANZ,Services,Partner,29,369.75,0.3416,7059.61,6627.37
O-08024,2026-04-23,C-0260,APAC,ANZ,Software,Partner,49,398.39,0.3500,12688.72,5819.24
O-08025,2026-04-23,C-0200,EU,UK & Ireland,Software,Partner,31,504.89,0.3500,10173.53,4947.91
O-08026,2026-04-23,C-0604,EU,Southern Europe,Hardware,Online,14,1301.85,0.2881,12975.04,14779.94
O-08027,2026-04-24,C-0640,EU,DACH,Services,Online,18,290.61,0.3065,3627.46,3431.88
O-08028,2026-04-24,C-0073,EU,UK & Ireland,Hardware,Partner,12,717.64,0.3500,5597.59,7005.48
O-08029,2026-04-24,C-0217,EU,UK & Ireland,Software,Direct,12,338.13,0.3500,2637.41,1255.08
O-08030,2026-04-24,C-0637,APAC,Greater China,Hardware,Partner,11,3409.94,0.3380,24831.15,24175.58
O-08031,2026-04-24,C-0587,EU,UK & Ireland,Services,Partner,20,589.90,0.3500,7668.70,7920.80
O-08032,2026-04-24,C-0186,APAC,ANZ,Software,Partner,97,563.87,0.3500,35552.00,16508.43
O-08033,2026-04-24,C-0702,EU,DACH,Services,Partner,44,592.61,0.3500,16948.65,17830.12
O-08034,2026-04-24,C-0030,US,US Central,Hardware,Partner,12,3115.96,0.3500,24304.49,23733.24
O-08035,2026-04-24,C-0645,APAC,Southeast Asia,Services,Partner,37,295.28,0.3500,7101.48,6605.61
O-08036,2026-04-24,C-0667,US,US West,Hardware,Partner,9,554.95,0.3493,3249.75,3239.01
O-08037,2026-04-24,C-0327,EU,Benelux & Nordics,Services,Partner,15,244.00,0.3500,2379.00,2433.00
O-08038,2026-04-24,C-0708,EU,DACH,Hardware,Partner,13,3381.53,0.3500,28573.93,34266.31
O-08039,2026-04-24,C-0694,EU,UK & Ireland,Software,Partner,85,755.73,0.3500,41754.08,19355.35
O-08040,2026-04-24,C-0612,EU,UK & Ireland,Software,Online,75,270.35,0.2953,14287.76,6413.25
O-08041,2026-04-24,C-0482,APAC,Greater China,Software,Partner,93,874.00,0.3500,52833.30,23699.19
O-08042,2026-04-24,C-0663,EU,DACH,Software,Partner,33,75.46,0.3500,1618.62,765.27
O-08043,2026-04-24,C-0036,EU,DACH,Software,Partner,22,239.43,0.3500,3423.85,1607.76
O-08044,2026-04-24,C-0371,EU,Benelux & Nordics,Services,Direct,9,262.40,0.3500,1535.04,1545.30
O-08045,2026-04-24,C-0627,US,US Central,Hardware,Online,17,1932.97,0.2502,24639.20,20704.30
O-08046,2026-04-24,C-0576,EU,Benelux & Nordics,Hardware,Partner,2,2257.30,0.3500,2934.49,3503.72
O-08047,2026-04-24,C-0332,EU,Benelux & Nordics,Hardware,Partner,5,1461.92,0.3500,4751.24,5817.80
O-08048,2026-04-24,C-0528,EU,DACH,Hardware,Partner,9,634.27,0.3500,3710.48,4425.57
O-08049,2026-04-24,C-0283,APAC,Southeast Asia,Software,Partner,20,748.89,0.3500,9735.57,4348.80
O-08050,2026-04-24,C-0154,APAC,Southeast Asia,Hardware,Partner,4,3125.30,0.3417,8229.76,8113.16
O-08051,2026-04-24,C-0177,APAC,Japan,Hardware,Partner,10,3828.92,0.3351,25459.13,25013.00
O-08052,2026-04-25,C-0135,APAC,Southeast Asia,Hardware,Direct,16,866.23,0.3500,9008.79,8992.32
O-08053,2026-04-25,C-0013,EU,Southern Europe,Hardware,Direct,8,3564.03,0.3500,18532.96,22250.08
O-08054,2026-04-25,C-0338,EU,UK & Ireland,Hardware,Partner,4,3080.03,0.3500,8008.08,9838.36
O-08055,2026-04-25,C-0427,EU,DACH,Hardware,Partner,11,1282.66,0.3500,9171.02,11425.26
O-08056,2026-04-25,C-0594,EU,Benelux & Nordics,Hardware,Partner,5,1329.01,0.3500,4319.28,5395.20
O-08057,2026-04-25,C-0437,US,US West,Software,Direct,52,428.02,0.3500,14467.08,6467.24
O-08058,2026-04-25,C-0295,US,US East,Hardware,Online,18,551.88,0.2713,7239.09,6503.76
O-08059,2026-04-25,C-0072,APAC,ANZ,Hardware,Partner,11,3355.43,0.3314,24678.46,24239.71
O-08060,2026-04-25,C-0120,EU,Benelux & Nordics,Hardware,Partner,7,2246.44,0.3500,10221.30,12537.84
O-08061,2026-04-25,C-0129,US,US Central,Services,Online,21,466.26,0.2651,7195.51,5799.57
O-08062,2026-04-25,C-0162,US,US West,Software,Online,116,671.48,0.2749,56477.16,23172.16
O-08063,2026-04-25,C-0224,US,US West,Hardware,Partner,4,3621.03,0.3500,9414.68,9300.36
O-08064,2026-04-25,C-0276,US,US East,Services,Direct,35,386.61,0.3500,8795.38,8200.15
O-08065,2026-04-25,C-0208,US,US East,Hardware,Partner,9,2371.99,0.3324,14250.95,14037.21
O-08066,2026-04-25,C-0439,US,US West,Software,Direct,40,887.16,0.3500,23066.16,10173.20
O-08067,2026-04-25,C-0707,APAC,ANZ,Hardware,Partner,13,1689.26,0.3475,14328.72,14027.78
O-08068,2026-04-25,C-0708,EU,DACH,Hardware,Online,9,747.63,0.3030,4690.18,5223.69
O-08069,2026-04-25,C-0162,US,US West,Support & CS,Online,6,657.62,0.2478,2967.86,2110.50
O-08070,2026-04-25,C-0217,EU,UK & Ireland,Services,Partner,27,177.10,0.3500,3108.11,3186.00
O-08071,2026-04-25,C-0275,EU,UK & Ireland,Software,Direct,101,128.55,0.3500,8439.31,3968.29
O-08072,2026-04-25,C-0556,US,US West,Support & CS,Online,7,739.88,0.2602,3831.62,2782.78
O-08073,2026-04-25,C-0237,US,US Central,Support & CS,Partner,6,2113.71,0.3500,8243.47,6876.06
O-08074,2026-04-25,C-0506,US,US East,Hardware,Direct,11,3603.12,0.3500,25762.31,25382.50
O-08075,2026-04-25,C-0659,EU,Benelux & Nordics,Software,Direct,94,124.25,0.3500,7591.68,3590.80
O-08076,2026-04-25,C-0048,EU,Southern Europe,Support & CS,Direct,2,1078.94,0.3500,1402.62,1272.70
O-08077,2026-04-25,C-0598,US,US East,Services,Partner,29,480.07,0.3500,9049.32,8318.94
O-08078,2026-04-25,C-0663,EU,DACH,Support & CS,Direct,8,1670.70,0.3500,8687.64,7539.92
O-08079,2026-04-25,C-0461,EU,Benelux & Nordics,Services,Partner,3,154.96,0.3500,302.17,307.74
O-08080,2026-04-25,C-0676,APAC,ANZ,Hardware,Partner,10,3627.99,0.3500,23581.93,23895.90
O-08081,2026-04-25,C-0748,APAC,Southeast Asia,Hardware,Online,5,1610.50,0.2638,5928.01,5325.50
O-08082,2026-04-25,C-0792,EU,Benelux & Nordics,Hardware,Direct,2,753.69,0.3500,979.80,1211.64
O-08083,2026-04-25,C-0733,EU,UK & Ireland,Services,Online,12,641.12,0.2808,5533.48,5279.88
O-08084,2026-04-25,C-0297,US,US West,Support & CS,Partner,8,1756.23,0.3500,9132.40,7316.96
O-08085,2026-04-26,C-0244,APAC,Japan,Support & CS,Partner,7,1549.86,0.3463,7091.49,5807.34
O-08086,2026-04-26,C-0289,US,US West,Software,Online,96,411.18,0.2460,29763.17,11177.28
O-08087,2026-04-26,C-0436,APAC,ANZ,Hardware,Partner,12,643.72,0.3467,5046.61,4979.28
O-08088,2026-04-26,C-0778,US,US West,Services,Partner,24,464.60,0.3500,7247.76,6715.44
O-08089,2026-04-26,C-0720,US,US West,Software,Direct,97,541.20,0.3500,34122.66,15585.96
O-08090,2026-04-26,C-0353,APAC,Japan,Support & CS,Online,9,1632.98,0.2330,11272.83,7952.94
O-08091,2026-04-26,C-0550,APAC,ANZ,Support & CS,Partner,3,1885.20,0.3500,3676.14,3097.38
O-08092,2026-04-26,C-0195,APAC,Southeast Asia,Support & CS,Partner,6,1265.79,0.3500,4936.58,4069.86
O-08093,2026-04-26,C-0209,EU,UK & Ireland,Support & CS,Online,7,1606.24,0.2721,8183.98,6676.60
O-08094,2026-04-26,C-0122,US,US West,Hardware,Online,10,3730.90,0.2689,27277.63,24534.30
O-08095,2026-04-26,C-0132,US,US West,Hardware,Online,2,402.51,0.2776,581.54,519.80
O-08096,2026-04-26,C-0093,US,US West,Hardware,Partner,5,3207.41,0.3500,10424.08,10196.40
O-08097,2026-04-26,C-0715,EU,UK & Ireland,Services,Partner,33,343.86,0.3500,7375.80,7385.73
O-08098,2026-04-26,C-0348,EU,UK & Ireland,Hardware,Partner,9,1803.54,0.3500,10550.71,12611.43
O-08099,2026-04-26,C-0002,APAC,Japan,Hardware,Direct,9,1789.19,0.3500,10466.76,10193.67
O-08100,2026-04-26,C-0165,EU,Benelux & Nordics,Software,Partner,105,431.71,0.3500,29464.21,13925.10
O-08101,2026-04-26,C-0272,EU,UK & Ireland,Hardware,Direct,13,3134.82,0.3500,26489.23,32408.48
O-08102,2026-04-26,C-0060,EU,DACH,Hardware,Direct,2,3383.14,0.3500,4398.08,5288.88
O-08103,2026-04-26,C-0286,US,US East,Hardware,Direct,16,1121.80,0.3500,11666.72,11409.76
O-08104,2026-04-26,C-0268,EU,UK & Ireland,Services,Direct,8,400.69,0.3500,2083.59,2125.92
O-08105,2026-04-26,C-0079,EU,DACH,Hardware,Partner,17,1373.76,0.3500,15180.05,18622.65
O-08106,2026-04-26,C-0643,EU,DACH,Software,Partner,51,92.50,0.3500,3066.38,1450.95
O-08107,2026-04-26,C-0201,APAC,Greater China,Services,Partner,11,454.59,0.3350,3325.11,3073.84
O-08108,2026-04-26,C-0095,US,US East,Hardware,Partner,16,4107.72,0.3380,43512.09,41394.08
O-08109,2026-04-26,C-0430,EU,UK & Ireland,Software,Partner,80,889.91,0.3500,46275.32,22305.60
O-08110,2026-04-26,C-0386,US,US East,Hardware,Direct,11,3264.91,0.3500,23344.11,23059.30
O-08111,2026-04-26,C-0182,EU,UK & Ireland,Software,Partner,109,888.41,0.3500,62943.85,29231.62
O-08112,2026-04-26,C-0775,US,US East,Software,Online,68,299.59,0.2405,15472.30,6023.44
O-08113,2026-04-26,C-0661,EU,Southern Europe,Software,Partner,108,396.60,0.3500,27841.32,13550.76
O-08114,2026-04-26,C-0459,EU,UK & Ireland,Hardware,Partner,14,4061.83,0.3500,36962.65,44203.46
O-08115,2026-04-26,C-0743,US,US Central,Services,Direct,34,358.89,0.3500,7931.47,7275.32
O-08116,2026-04-26,C-0302,APAC,Southeast Asia,Hardware,Partner,8,3340.84,0.3500,17372.37,17433.84
O-08117,2026-04-26,C-0663,EU,DACH,Software,Online,59,424.30,0.3043,17414.99,7791.54
O-08118,2026-04-27,C-0597,APAC,ANZ,Services,Direct,45,432.79,0.3500,12659.11,12043.80
O-08119,2026-04-27,C-0554,US,US East,Software,Partner,51,805.90,0.3355,27309.56,11866.68
O-08120,2026-04-27,C-0044,US,US West,Support & CS,Partner,7,2160.29,0.3500,9829.32,8043.42
O-08121,2026-04-27,C-0657,US,US Central,Software,Partner,76,607.30,0.3363,30633.93,13489.24
O-08122,2026-04-27,C-0352,US,US West,Software,Partner,16,668.27,0.3377,7081.45,3122.56
O-08123,2026-04-27,C-0709,EU,Southern Europe,Support & CS,Partner,3,1063.62,0.3500,2074.06,1810.71
O-08124,2026-04-27,C-0419,EU,UK & Ireland,Hardware,Partner,6,550.24,0.3500,2145.94,2579.46
O-08125,2026-04-27,C-0525,EU,Benelux & Nordics,Services,Partner,2,390.43,0.3500,507.56,505.98
O-08126,2026-04-27,C-0347,US,US East,Hardware,Partner,5,2998.48,0.3500,9745.06,9404.00
O-08127,2026-04-27,C-0630,US,US Central,Hardware,Partner,5,3684.95,0.3480,12013.60,11677.10
O-08128,2026-04-27,C-0467,US,US Central,Services,Online,13,629.67,0.2740,5942.57,5000.06
O-08129,2026-04-27,C-0194,US,US West,Services,Direct,13,528.44,0.3500,4465.32,4045.99
O-08130,2026-04-27,C-0231,US,US West,Hardware,Partner,5,1094.83,0.3500,3558.20,3503.00
O-08131,2026-04-27,C-0692,US,US East,Hardware,Direct,16,1994.49,0.3500,20742.70,19942.24
O-08132,2026-04-27,C-0458,EU,Benelux & Nordics,Services,Direct,5,234.63,0.3500,762.55,777.35
O-08133,2026-04-27,C-0545,EU,Southern Europe,Hardware,Partner,16,1177.95,0.3500,12250.68,14956.00
O-08134,2026-04-27,C-0614,US,US West,Hardware,Direct,4,1329.77,0.3500,3457.40,3440.68
O-08135,2026-04-27,C-0644,APAC,ANZ,Software,Direct,25,832.54,0.3500,13528.77,6040.25
O-08136,2026-04-27,C-0384,US,US West,Services,Partner,45,498.62,0.3327,14973.70,13532.40
O-08137,2026-04-27,C-0545,EU,Southern Europe,Support & CS,Partner,4,2205.62,0.3500,5734.61,5145.56
O-08138,2026-04-27,C-0111,APAC,ANZ,Software,Online,76,507.13,0.2406,29270.14,11249.52
O-08139,2026-04-27,C-0082,EU,Southern Europe,Hardware,Partner,15,4036.94,0.3500,39360.17,47004.45
O-08140,2026-04-27,C-0080,EU,Benelux & Nordics,Support & CS,Partner,6,376.57,0.3500,1468.62,1288.74
O-08141,2026-04-27,C-0250,EU,Benelux & Nordics,Software,Partner,27,88.22,0.3500,1548.26,727.92
O-08142,2026-04-27,C-0105,APAC,Greater China,Hardware,Direct,16,3186.18,0.3500,33136.27,32414.08
O-08143,2026-04-27,C-0777,EU,UK & Ireland,Hardware,Direct,10,368.28,0.3500,2393.82,2867.00
O-08144,2026-04-27,C-0202,EU,UK & Ireland,Hardware,Partner,5,428.25,0.3500,1391.81,1707.35
O-08145,2026-04-27,C-0693,EU,Southern Europe,Hardware,Direct,4,1572.94,0.3500,4089.64,5079.44
O-08146,2026-04-27,C-0447,US,US East,Hardware,Direct,15,1621.84,0.3500,15812.94,16014.30
O-08147,2026-04-27,C-0105,APAC,Greater China,Support & CS,Partner,4,1904.48,0.3470,4974.33,4054.28
O-08148,2026-04-28,C-0161,APAC,ANZ,Support & CS,Partner,8,917.34,0.3500,4770.17,4038.88
O-08149,2026-04-28,C-0560,EU,UK & Ireland,Support & CS,Partner,10,1356.73,0.3500,8818.74,7650.20
O-08150,2026-04-28,C-0256,US,US Central,Software,Direct,103,449.28,0.3500,30079.30,13083.06
O-08151,2026-04-28,C-0610,EU,Southern Europe,Software,Partner,61,415.07,0.3500,16457.53,7755.54
O-08152,2026-04-28,C-0456,EU,Southern Europe,Services,Direct,23,447.79,0.3500,6694.46,6720.83
O-08153,2026-04-28,C-0135,APAC,Southeast Asia,Support & CS,Partner,5,2178.65,0.3500,7080.61,6061.30
O-08154,2026-04-28,C-0108,APAC,Greater China,Services,Online,38,583.83,0.2374,16919.05,13952.46
O-08155,2026-04-28,C-0246,US,US East,Software,Partner,104,178.69,0.3500,12079.44,5377.84
O-08156,2026-04-28,C-0714,US,US West,Hardware,Partner,7,1013.71,0.3350,4718.93,4553.08
O-08157,2026-04-28,C-0238,EU,DACH,Services,Online,33,564.83,0.2740,13532.11,12803.01
O-08158,2026-04-28,C-0643,EU,DACH,Hardware,Online,10,2897.11,0.2829,20775.48,22589.70
O-08159,2026-04-28,C-0167,EU,UK & Ireland,Hardware,Partner,5,2413.66,0.3500,7844.39,9618.15
O-08160,2026-04-28,C-0572,EU,Southern Europe,Hardware,Partner,5,442.50,0.3500,1438.12,1792.70
O-08161,2026-04-28,C-0640,EU,DACH,Services,Direct,18,404.85,0.3500,4736.74,4795.92
O-08162,2026-04-28,C-0155,US,US East,Software,Partner,25,445.22,0.3457,7282.93,3273.00
O-08163,2026-04-28,C-0107,US,US Central,Software,Partner,76,635.16,0.3419,31767.37,13943.72
O-08164,2026-04-28,C-0373,US,US West,Software,Partner,87,187.04,0.3500,10577.11,4864.17
O-08165,2026-04-28,C-0018,EU,DACH,Support & CS,Partner,4,1411.06,0.3500,3668.76,3209.84
O-08166,2026-04-28,C-0519,US,US East,Hardware,Partner,8,1588.35,0.3487,8276.26,8056.88
O-08167,2026-04-28,C-0091,EU,DACH,Software,Partner,64,466.92,0.3500,19423.87,9361.28
O-08168,2026-04-28,C-0182,EU,UK & Ireland,Support & CS,Direct,7,1371.38,0.3500,6239.78,5722.36
O-08169,2026-04-28,C-0527,US,US West,Hardware,Online,15,3768.40,0.2702,41252.82,36291.30
O-08170,2026-04-28,C-0683,US,US East,Hardware,Online,9,4020.72,0.2480,27213.41,23198.58
O-08171,2026-04-28,C-0379,APAC,Greater China,Hardware,Online,1,4133.88,0.2508,3097.12,2640.20
O-08172,2026-04-28,C-0312,US,US West,Software,Partner,47,286.74,0.3500,8759.91,3905.23
O-08173,2026-04-28,C-0597,APAC,ANZ,Software,Partner,71,262.58,0.3361,12377.88,5472.68
O-08174,2026-04-28,C-0418,US,US West,Hardware,Partner,6,1355.12,0.3328,5424.54,5213.22
O-08175,2026-04-28,C-0210,EU,Southern Europe,Software,Partner,88,95.40,0.3500,5456.88,2625.04
O-08176,2026-04-29,C-0386,US,US East,Hardware,Partner,3,785.68,0.3500,1532.08,1529.85
O-08177,2026-04-29,C-0282,APAC,Southeast Asia,Support & CS,Online,10,1901.66,0.2691,13898.28,10265.40
O-08178,2026-04-29,C-0708,EU,DACH,Software,Online,89,519.40,0.2881,32909.50,13991.69
O-08179,2026-04-29,C-0197,EU,Southern Europe,Hardware,Partner,6,3162.90,0.3500,12335.31,14554.50
O-08180,2026-04-29,C-0134,EU,UK & Ireland,Hardware,Online,6,1733.79,0.3030,7251.08,8232.36
O-08181,2026-04-29,C-0255,EU,UK & Ireland,Hardware,Partner,11,2881.72,0.3500,20604.30,24309.67
O-08182,2026-04-29,C-0053,APAC,Japan,Services,Direct,14,513.82,0.3500,4675.76,4312.84
O-08183,2026-04-29,C-0230,US,US East,Software,Partner,79,797.76,0.3500,40964.98,17917.20
O-08184,2026-04-29,C-0082,EU,Southern Europe,Software,Direct,36,680.74,0.3500,15929.32,7330.32
O-08185,2026-04-29,C-0105,APAC,Greater China,Services,Partner,2,536.13,0.3395,708.28,664.92
O-08186,2026-04-29,C-0039,US,US West,Hardware,Partner,5,3518.26,0.3344,11708.73,11399.75
O-08187,2026-04-29,C-0324,US,US Central,Software,Partner,115,366.90,0.3500,27425.78,12204.95
O-08188,2026-04-29,C-0083,US,US Central,Hardware,Partner,17,2673.93,0.3500,29546.93,29581.36
O-08189,2026-04-29,C-0189,APAC,ANZ,Hardware,Direct,16,1112.67,0.3500,11571.77,11319.04
O-08190,2026-04-30,C-0776,EU,Southern Europe,Support & CS,Partner,9,727.61,0.3500,4256.52,3751.29
O-08191,2026-04-30,C-0437,US,US West,Software,Partner,15,721.34,0.3500,7033.07,3069.60
O-08192,2026-04-30,C-0745,APAC,Southeast Asia,Software,Direct,14,460.53,0.3500,4190.82,1865.92
O-08193,2026-04-30,C-0432,APAC,ANZ,Hardware,Online,13,664.58,0.2737,6274.99,5599.62
O-08194,2026-04-30,C-0021,EU,DACH,Hardware,Partner,17,3807.82,0.3500,42076.41,50751.29
O-08195,2026-04-30,C-0384,US,US West,Software,Direct,9,677.36,0.3500,3962.56,1764.63
O-08196,2026-04-30,C-0626,EU,DACH,Services,Direct,5,236.12,0.3500,767.39,771.75
O-08197,2026-04-30,C-0715,EU,UK & Ireland,Hardware,Partner,12,374.05,0.3500,2917.59,3609.12
O-08198,2026-04-30,C-0300,US,US West,Services,Partner,37,439.30,0.3398,10730.73,9490.13
O-08199,2026-04-30,C-0793,US,US East,Software,Partner,21,644.18,0.3352,8993.79,3907.47
O-08200,2026-04-30,C-0692,US,US East,Software,Direct,24,602.43,0.3500,9397.91,4239.36
O-08201,2026-04-30,C-0352,US,US West,Software,Partner,116,461.26,0.3458,35005.26,15504.56
O-08202,2026-04-30,C-0496,EU,Benelux & Nordics,Hardware,Partner,13,2473.22,0.3500,20898.71,25048.79
O-08203,2026-04-30,C-0788,EU,UK & Ireland,Software,Direct,33,381.15,0.3500,8175.67,3762.99
O-08204,2026-04-30,C-0546,EU,Southern Europe,Hardware,Direct,4,397.86,0.3500,1034.44,1266.84
O-08205,2026-04-30,C-0097,APAC,ANZ,Services,Partner,23,511.60,0.3500,7648.42,7323.89
O-08206,2026-04-30,C-0233,EU,DACH,Software,Direct,102,240.86,0.3500,15969.02,7704.06
O-08207,2026-04-30,C-0519,US,US East,Services,Partner,38,494.46,0.3500,12213.16,10971.74
O-08208,2026-04-30,C-0491,US,US East,Services,Partner,44,450.41,0.3500,12881.73,12202.08
O-08209,2026-04-30,C-0061,US,US Central,Software,Direct,31,760.10,0.3500,15316.02,6852.55
O-08210,2026-04-30,C-0469,EU,UK & Ireland,Hardware,Direct,4,2090.42,0.3500,5435.09,6477.00
O-08211,2026-04-30,C-0230,US,US East,Services,Direct,12,464.88,0.3500,3626.06,3437.04
O-08212,2026-04-30,C-0636,APAC,Japan,Software,Partner,83,872.25,0.3436,47521.81,21071.21
O-08213,2026-04-30,C-0070,US,US West,Hardware,Partner,5,2818.77,0.3500,9161.00,9061.55
O-08214,2026-04-30,C-0249,EU,DACH,Hardware,Partner,12,1276.51,0.3500,9956.78,12375.72
O-08215,2026-04-30,C-0742,US,US Central,Software,Partner,70,590.64,0.3406,27264.66,11879.00
O-08216,2026-04-30,C-0158,US,US West,Software,Direct,116,150.13,0.3500,11319.80,4921.88
O-08217,2026-04-30,C-0224,US,US West,Software,Partner,25,667.59,0.3358,11085.32,4797.50
O-08218,2026-04-30,C-0684,US,US East,Hardware,Direct,2,3937.32,0.3500,5118.52,4941.46
O-08219,2026-04-30,C-0545,EU,Southern Europe,Services,Direct,3,267.73,0.3500,522.07,549.75
O-08220,2026-04-30,C-0755,EU,Benelux & Nordics,Hardware,Partner,6,828.68,0.3500,3231.85,3913.56
O-08221,2026-05-01,C-0182,EU,UK & Ireland,Software,Partner,93,646.95,0.3500,39108.13,18596.28
O-08222,2026-05-01,C-0344,EU,UK & Ireland,Support & CS,Direct,6,1092.97,0.3500,4262.58,3845.10
O-08223,2026-05-01,C-0795,EU,DACH,Hardware,Partner,11,411.12,0.3500,2939.51,3606.24
O-08224,2026-05-01,C-0496,EU,Benelux & Nordics,Hardware,Online,14,2464.96,0.2969,24262.30,27266.96
O-08225,2026-05-01,C-0409,US,US East,Support & CS,Partner,8,1090.03,0.3500,5668.16,4597.44
O-08226,2026-05-01,C-0182,EU,UK & Ireland,Software,Partner,99,690.46,0.3500,44431.10,20422.71
O-08227,2026-05-01,C-0738,EU,DACH,Services,Direct,36,395.62,0.3500,9257.51,9282.96
O-08228,2026-05-01,C-0441,US,US East,Software,Direct,79,86.19,0.3500,4425.86,1978.95
O-08229,2026-05-01,C-0362,US,US East,Software,Partner,118,713.97,0.3500,54761.50,24794.16
O-08230,2026-05-01,C-0267,US,US East,Support & CS,Partner,12,1216.68,0.3500,9490.10,8001.84
O-08231,2026-05-01,C-0655,EU,DACH,Software,Direct,100,420.50,0.3500,27332.50,12565.00
O-08232,2026-05-01,C-0223,EU,DACH,Hardware,Online,9,2102.55,0.3132,12995.58,15252.30
O-08233,2026-05-01,C-0526,US,US West,Services,Partner,43,365.55,0.3500,10217.12,9488.81
O-08234,2026-05-01,C-0372,US,US East,Services,Direct,15,526.24,0.3500,5130.84,4680.75
O-08235,2026-05-01,C-0699,US,US Central,Software,Partner,107,343.42,0.3500,23884.86,10556.62
O-08236,2026-05-01,C-0291,EU,UK & Ireland,Hardware,Partner,17,1558.11,0.3500,17217.12,21272.95
O-08237,2026-05-01,C-0252,EU,Southern Europe,Hardware,Partner,6,3556.88,0.3500,13871.83,16870.62
O-08238,2026-05-01,C-0629,US,US East,Software,Direct,105,701.76,0.3500,47895.12,21778.05
O-08239,2026-05-01,C-0197,EU,Southern Europe,Hardware,Direct,12,579.78,0.3500,4522.28,5615.28
O-08240,2026-05-01,C-0398,EU,DACH,Services,Partner,30,638.49,0.3500,12450.56,12769.20
O-08241,2026-05-01,C-0159,EU,Southern Europe,Hardware,Partner,17,2010.06,0.3500,22211.16,26893.15
O-08242,2026-05-01,C-0716,APAC,Southeast Asia,Services,Partner,10,532.48,0.3500,3461.12,3346.00
O-08243,2026-05-01,C-0563,EU,UK & Ireland,Services,Partner,3,593.72,0.3500,1157.75,1219.35
O-08244,2026-05-01,C-0587,EU,UK & Ireland,Software,Partner,32,440.64,0.3500,9165.31,4361.28
O-08245,2026-05-01,C-0109,US,US East,Hardware,Partner,18,1738.80,0.3460,20469.78,19885.32
O-08246,2026-05-01,C-0371,EU,Benelux & Nordics,Hardware,Partner,17,1480.90,0.3500,16363.95,19589.27
O-08247,2026-05-01,C-0360,EU,DACH,Hardware,Partner,8,2206.80,0.3500,11475.36,14326.16
O-08248,2026-05-02,C-0038,US,US West,Software,Online,28,184.54,0.2627,3809.90,1462.16
O-08249,2026-05-02,C-0754,EU,DACH,Services,Partner,14,193.36,0.3500,1759.58,1810.06
O-08250,2026-05-02,C-0798,EU,Southern Europe,Support & CS,Partner,6,1081.51,0.3500,4217.89,3837.90
O-08251,2026-05-02,C-0327,EU,Benelux & Nordics,Hardware,Direct,7,1006.17,0.3500,4578.07,5634.30
O-08252,2026-05-02,C-0588,EU,DACH,Software,Partner,90,162.79,0.3500,9523.22,4527.00
O-08253,2026-05-02,C-0700,EU,UK & Ireland,Software,Partner,70,781.11,0.3500,35540.51,16625.70
O-08254,2026-05-02,C-0066,EU,DACH,Hardware,Direct,3,560.57,0.3500,1093.11,1341.33
O-08255,2026-05-02,C-0397,US,US East,Software,Partner,25,210.19,0.3500,3415.59,1545.25
O-08256,2026-05-02,C-0279,US,US East,Hardware,Partner,3,712.52,0.3500,1389.41,1385.28
O-08257,2026-05-02,C-0700,EU,UK & Ireland,Software,Partner,41,527.76,0.3500,14064.80,6840.03
O-08258,2026-05-02,C-0755,EU,Benelux & Nordics,Services,Partner,2,352.19,0.3500,457.85,475.48
O-08259,2026-05-02,C-0761,US,US West,Software,Online,24,418.61,0.2584,7450.49,3010.32
O-08260,2026-05-02,C-0766,EU,DACH,Hardware,Partner,10,769.10,0.3500,4999.15,5981.60
O-08261,2026-05-02,C-0364,EU,DACH,Hardware,Online,18,2711.55,0.2916,34577.13,38374.56
O-08262,2026-05-02,C-0690,US,US Central,Software,Partner,84,537.03,0.3500,29321.84,13198.08
O-08263,2026-05-02,C-0560,EU,UK & Ireland,Hardware,Online,9,2172.79,0.2776,14127.45,15785.37
O-08264,2026-05-02,C-0727,EU,UK & Ireland,Software,Partner,57,218.51,0.3500,8095.80,3918.18
O-08265,2026-05-02,C-0479,US,US West,Services,Online,39,502.78,0.2595,14519.26,11806.47
O-08266,2026-05-02,C-0064,EU,UK & Ireland,Software,Direct,30,396.50,0.3500,7731.75,3573.60
O-08267,2026-05-02,C-0258,EU,UK & Ireland,Software,Direct,119,131.47,0.3500,10169.20,4725.49
O-08268,2026-05-02,C-0473,EU,Southern Europe,Support & CS,Direct,1,1382.52,0.3500,898.64,791.89
O-08269,2026-05-02,C-0673,US,US West,Services,Direct,6,632.53,0.3500,2466.87,2261.76
O-08270,2026-05-02,C-0676,APAC,ANZ,Services,Partner,39,429.51,0.3500,10888.08,10149.75
O-08271,2026-05-02,C-0129,US,US Central,Services,Online,33,587.76,0.2306,14923.37,11366.19
O-08272,2026-05-02,C-0401,US,US East,Software,Partner,80,95.75,0.3500,4979.00,2252.00
O-08273,2026-05-02,C-0146,US,US West,Software,Direct,95,89.04,0.3500,5498.22,2397.80
O-08274,2026-05-02,C-0068,EU,UK & Ireland,Hardware,Partner,7,857.03,0.3500,3899.49,4834.83
O-08275,2026-05-02,C-0796,APAC,Southeast Asia,Services,Partner,21,234.81,0.3500,3205.16,2933.91
O-08276,2026-05-02,C-0125,EU,DACH,Services,Partner,29,413.01,0.3500,7785.24,8114.49
O-08277,2026-05-02,C-0409,US,US East,Software,Partner,102,241.19,0.3500,15990.90,6996.18
O-08278,2026-05-02,C-0789,APAC,Greater China,Software,Partner,30,149.69,0.3451,2940.86,1306.80
O-08279,2026-05-02,C-0346,EU,DACH,Hardware,Online,5,571.68,0.2735,2076.58,2277.65
O-08280,2026-05-02,C-0262,EU,DACH,Services,Partner,5,479.10,0.3500,1557.08,1591.30
O-08281,2026-05-03,C-0322,US,US Central,Software,Direct,20,237.81,0.3500,3091.53,1386.20
O-08282,2026-05-03,C-0061,US,US Central,Hardware,Partner,15,3291.78,0.3500,32094.86,31768.05
O-08283,2026-05-03,C-0328,US,US Central,Software,Partner,27,186.29,0.3334,3353.12,1505.79
O-08284,2026-05-03,C-0795,EU,DACH,Hardware,Online,16,2008.70,0.3082,22233.31,24846.56
O-08285,2026-05-03,C-0014,US,US West,Software,Partner,5,334.56,0.3453,1095.16,495.65
O-08286,2026-05-03,C-0269,EU,UK & Ireland,Hardware,Online,12,906.39,0.2739,7897.91,8771.64
O-08287,2026-05-03,C-0704,US,US West,Hardware,Online,5,1118.50,0.2316,4297.05,3488.95
O-08288,2026-05-03,C-0213,APAC,Southeast Asia,Software,Partner,44,121.56,0.3401,3529.62,1555.84
O-08289,2026-05-03,C-0793,US,US East,Support & CS,Partner,12,2128.59,0.3383,16901.24,13812.00
O-08290,2026-05-03,C-0594,EU,Benelux & Nordics,Software,Partner,11,650.91,0.3500,4654.01,2139.94
O-08291,2026-05-03,C-0705,APAC,Southeast Asia,Services,Partner,14,281.81,0.3500,2564.47,2361.10
O-08292,2026-05-03,C-0563,EU,UK & Ireland,Hardware,Direct,3,1948.82,0.3500,3800.20,4610.34
O-08293,2026-05-03,C-0258,EU,UK & Ireland,Services,Partner,44,245.97,0.3500,7034.74,7102.92
O-08294,2026-05-03,C-0391,EU,DACH,Hardware,Partner,15,3707.99,0.3500,36152.90,43143.60
O-08295,2026-05-03,C-0689,APAC,Japan,Support & CS,Online,5,1215.37,0.2318,4668.24,3223.50
O-08296,2026-05-03,C-0586,APAC,Southeast Asia,Services,Online,35,340.49,0.2393,9065.59,7163.10
O-08297,2026-05-03,C-0589,EU,DACH,Services,Direct,31,323.98,0.3500,6528.20,6552.78
O-08298,2026-05-03,C-0306,APAC,Japan,Support & CS,Direct,3,2268.87,0.3500,4424.30,3693.66
O-08299,2026-05-03,C-0440,EU,UK & Ireland,Software,Direct,31,598.20,0.3500,12053.73,5855.59
O-08300,2026-05-03,C-0152,EU,DACH,Hardware,Online,10,1133.04,0.3136,7777.60,9189.70
O-08301,2026-05-03,C-0325,US,US East,Hardware,Partner,14,2779.62,0.3500,25294.54,25654.30
O-08302,2026-05-03,C-0636,APAC,Japan,Software,Direct,30,105.29,0.3500,2053.16,930.60
O-08303,2026-05-03,C-0087,US,US West,Hardware,Direct,14,4049.44,0.3500,36849.90,35369.32
O-08304,2026-05-03,C-0787,US,US West,Hardware,Partner,11,1966.33,0.3500,14059.26,13668.16
O-08305,2026-05-03,C-0493,APAC,Japan,Software,Online,83,872.29,0.2747,52510.84,21932.75
O-08306,2026-05-03,C-0745,APAC,Southeast Asia,Hardware,Partner,6,1851.05,0.3500,7219.09,7207.86
O-08307,2026-05-03,C-0125,EU,DACH,Hardware,Online,15,1971.86,0.3197,20121.91,23445.30
O-08308,2026-05-03,C-0693,EU,Southern Europe,Hardware,Partner,15,1904.11,0.3500,18565.07,22568.10
O-08309,2026-05-03,C-0437,US,US West,Support & CS,Online,8,1160.44,0.2460,6999.31,4973.28
O-08310,2026-05-03,C-0168,US,US Central,Hardware,Direct,10,3693.63,0.3500,24008.60,24227.80
O-08311,2026-05-03,C-0432,APAC,ANZ,Software,Partner,50,219.76,0.3500,7142.20,3161.50
O-08312,2026-05-03,C-0377,EU,DACH,Hardware,Partner,16,3554.38,0.3500,36965.55,43864.80
O-08313,2026-05-03,C-0078,EU,UK & Ireland,Software,Online,33,73.16,0.2758,1748.47,729.63
O-08314,2026-05-03,C-0229,US,US West,Software,Partner,91,729.12,0.3435,43557.12,18938.92
O-08315,2026-05-03,C-0629,US,US East,Software,Direct,112,605.08,0.3500,44049.82,19654.88
O-08316,2026-05-04,C-0660,EU,Benelux & Nordics,Support & CS,Direct,12,1270.64,0.3500,9910.99,8685.24
O-08317,2026-05-04,C-0637,APAC,Greater China,Hardware,Online,12,1550.28,0.2561,13839.05,12115.08
O-08318,2026-05-04,C-0446,EU,Southern Europe,Hardware,Partner,7,2770.54,0.3500,12605.96,15401.47
O-08319,2026-05-04,C-0417,US,US West,Hardware,Partner,13,2764.93,0.3500,23363.66,23678.46
O-08320,2026-05-04,C-0132,US,US West,Hardware,Online,2,3009.83,0.2505,4511.82,3942.56
O-08321,2026-05-04,C-0564,EU,DACH,Services,Partner,14,506.46,0.3500,4608.79,4804.94
O-08322,2026-05-04,C-0228,APAC,Japan,Software,Direct,29,581.70,0.3500,10965.05,5010.33
O-08323,2026-05-04,C-0708,EU,DACH,Software,Direct,110,417.54,0.3500,29854.11,13791.80
O-08324,2026-05-04,C-0623,EU,UK & Ireland,Hardware,Partner,16,984.54,0.3500,10239.22,12700.96
O-08325,2026-05-04,C-0712,EU,Southern Europe,Support & CS,Online,1,1150.39,0.2860,821.37,674.57
O-08326,2026-05-04,C-0210,EU,Southern Europe,Services,Online,13,597.04,0.3058,5387.70,5069.35
O-08327,2026-05-04,C-0078,EU,UK & Ireland,Support & CS,Partner,3,678.50,0.3500,1323.08,1194.99
O-08328,2026-05-04,C-0617,APAC,ANZ,Software,Online,117,412.15,0.2732,35049.13,14589.90
O-08329,2026-05-04,C-0323,APAC,Southeast Asia,Hardware,Partner,17,3716.43,0.3500,41066.55,40607.73
O-08330,2026-05-04,C-0498,US,US East,Support & CS,Direct,4,259.25,0.3500,674.05,543.48
O-08331,2026-05-04,C-0320,US,US East,Software,Partner,90,376.92,0.3500,22049.82,9832.50
O-08332,2026-05-04,C-0569,EU,UK & Ireland,Software,Partner,55,664.80,0.3500,23766.60,11412.50
O-08333,2026-05-04,C-0584,EU,DACH,Hardware,Direct,3,1693.15,0.3500,3301.64,4089.69
O-08334,2026-05-04,C-0077,EU,UK & Ireland,Software,Partner,41,746.31,0.3500,19889.16,9519.79
O-08335,2026-05-04,C-0255,EU,UK & Ireland,Hardware,Partner,6,3274.03,0.3500,12768.72,15627.66
O-08336,2026-05-04,C-0649,EU,DACH,Hardware,Online,17,1314.44,0.2926,15807.10,17655.35
O-08337,2026-05-04,C-0714,US,US West,Hardware,Partner,9,1332.79,0.3500,7796.82,7841.16
O-08338,2026-05-04,C-0259,EU,Southern Europe,Hardware,Partner,16,3232.21,0.3500,33614.98,41201.44
O-08339,2026-05-04,C-0077,EU,UK & Ireland,Hardware,Partner,2,2522.68,0.3500,3279.48,4022.38
O-08340,2026-05-04,C-0555,APAC,Southeast Asia,Hardware,Direct,6,1881.55,0.3500,7338.05,7121.46
O-08341,2026-05-04,C-0235,EU,Southern Europe,Services,Partner,33,463.93,0.3500,9951.30,10165.65
O-08342,2026-05-04,C-0107,US,US Central,Services,Direct,45,494.84,0.3500,14474.07,13078.80
O-08343,2026-05-04,C-0468,EU,Southern Europe,Software,Direct,39,118.04,0.3500,2992.31,1432.47
O-08344,2026-05-04,C-0725,EU,Southern Europe,Hardware,Partner,16,495.26,0.3500,5150.70,6132.64
O-08345,2026-05-04,C-0708,EU,DACH,Software,Online,83,319.68,0.3083,18352.13,8007.84
O-08346,2026-05-04,C-0489,APAC,Greater China,Software,Direct,60,550.39,0.3500,21465.21,9489.00
O-08347,2026-05-05,C-0007,EU,Southern Europe,Hardware,Partner,9,397.00,0.3500,2322.45,2824.20
O-08348,2026-05-05,C-0105,APAC,Greater China,Support & CS,Partner,2,1014.51,0.3500,1318.86,1128.46
O-08349,2026-05-05,C-0295,US,US East,Hardware,Partner,11,2252.69,0.3500,16106.73,16317.73
O-08350,2026-05-05,C-0608,APAC,Greater China,Services,Direct,38,288.19,0.3500,7118.29,6578.18
O-08351,2026-05-05,C-0234,APAC,Japan,Hardware,Partner,12,2337.91,0.3500,18235.70,18130.68
O-08352,2026-05-05,C-0481,APAC,ANZ,Services,Online,31,368.83,0.2751,8287.81,6826.20
O-08353,2026-05-05,C-0282,APAC,Southeast Asia,Hardware,Partner,10,3985.35,0.3500,25904.78,25805.30
O-08354,2026-05-05,C-0355,APAC,Southeast Asia,Services,Direct,5,213.87,0.3500,695.08,655.80
O-08355,2026-05-05,C-0548,US,US Central,Software,Direct,104,520.31,0.3500,35172.96,15756.00
O-08356,2026-05-05,C-0626,EU,DACH,Software,Online,119,825.71,0.3074,68056.87,30712.71
O-08357,2026-05-05,C-0153,EU,DACH,Support & CS,Online,1,1265.98,0.2783,913.63,736.26
O-08358,2026-05-05,C-0082,EU,Southern Europe,Services,Online,36,541.24,0.2954,13728.02,12876.12
O-08359,2026-05-05,C-0228,APAC,Japan,Software,Direct,61,457.65,0.3500,18145.82,8463.14
O-08360,2026-05-05,C-0402,APAC,Greater China,Hardware,Online,3,3154.23,0.2778,6834.42,6285.78
O-08361,2026-05-05,C-0499,US,US West,Hardware,Partner,17,3021.57,0.3500,33388.35,32308.84
O-08362,2026-05-05,C-0682,APAC,Southeast Asia,Hardware,Partner,9,2768.07,0.3359,16545.03,15896.16
O-08363,2026-05-05,C-0653,APAC,Southeast Asia,Hardware,Partner,5,3823.03,0.3500,12424.85,12213.90
O-08364,2026-05-05,C-0168,US,US Central,Support & CS,Direct,7,1931.06,0.3500,8786.32,7254.52
O-08365,2026-05-05,C-0376,EU,DACH,Hardware,Direct,4,835.84,0.3500,2173.18,2587.12
O-08366,2026-05-05,C-0359,EU,DACH,Services,Partner,41,552.26,0.3500,14717.73,14778.45
O-08367,2026-05-05,C-0617,APAC,ANZ,Support & CS,Online,8,370.35,0.2492,2224.57,1624.32
O-08368,2026-05-05,C-0726,EU,DACH,Software,Direct,7,385.26,0.3500,1752.93,834.96
O-08369,2026-05-05,C-0465,EU,DACH,Support & CS,Partner,1,1822.42,0.3500,1184.57,1027.20
O-08370,2026-05-05,C-0500,US,US West,Software,Partner,59,626.37,0.3364,24523.28,10927.98
O-08371,2026-05-05,C-0066,EU,DACH,Services,Partner,33,443.13,0.3500,9505.14,9671.64
O-08372,2026-05-05,C-0542,US,US West,Software,Partner,15,326.57,0.3500,3184.06,1459.80
O-08373,2026-05-05,C-0177,APAC,Japan,Support & CS,Partner,8,1258.66,0.3500,6545.03,5407.12
O-08374,2026-05-05,C-0659,EU,Benelux & Nordics,Software,Partner,84,293.79,0.3500,16040.93,7480.20
O-08375,2026-05-05,C-0036,EU,DACH,Hardware,Partner,1,3136.85,0.3500,2038.95,2497.88
O-08376,2026-05-05,C-0091,EU,DACH,Software,Online,58,299.93,0.2986,12201.64,5255.38
O-08377,2026-05-05,C-0468,EU,Southern Europe,Hardware,Partner,12,4084.91,0.3500,31862.30,38727.96
O-08378,2026-05-05,C-0643,EU,DACH,Services,Partner,41,556.79,0.3500,14838.45,15680.04
O-08379,2026-05-06,C-0621,APAC,ANZ,Hardware,Partner,9,3312.03,0.3500,19375.38,19571.22
O-08380,2026-05-06,C-0432,APAC,ANZ,Software,Online,68,895.24,0.2333,46671.67,18251.88
O-08381,2026-05-06,C-0099,US,US East,Support & CS,Partner,5,893.23,0.3447,2926.77,2342.20
O-08382,2026-05-06,C-0134,EU,UK & Ireland,Software,Direct,94,673.58,0.3500,41155.74,19109.26
O-08383,2026-05-06,C-0520,APAC,ANZ,Support & CS,Partner,8,1011.52,0.3500,5259.90,4504.88
O-08384,2026-05-06,C-0512,EU,Benelux & Nordics,Support & CS,Direct,7,1745.20,0.3500,7940.66,7061.46
O-08385,2026-05-06,C-0055,EU,UK & Ireland,Hardware,Direct,18,3769.70,0.3500,44105.49,52415.82
O-08386,2026-05-06,C-0755,EU,Benelux & Nordics,Hardware,Partner,2,3482.77,0.3500,4527.60,5380.48
O-08387,2026-05-06,C-0215,APAC,Japan,Software,Partner,76,343.94,0.3493,17009.02,7565.80
O-08388,2026-05-06,C-0091,EU,DACH,Software,Direct,27,545.39,0.3500,9571.59,4490.37
O-08389,2026-05-06,C-0182,EU,UK & Ireland,Hardware,Partner,17,708.64,0.3500,7830.47,9773.98
O-08390,2026-05-06,C-0345,EU,UK & Ireland,Hardware,Direct,18,3837.11,0.3500,44894.19,55957.68
O-08391,2026-05-06,C-0145,US,US East,Services,Online,11,133.53,0.2480,1104.57,882.97
O-08392,2026-05-06,C-0132,US,US West,Software,Partner,41,682.36,0.3348,18610.37,8284.05
O-08393,2026-05-06,C-0098,EU,DACH,Support & CS,Partner,6,718.26,0.3500,2801.21,2516.58
O-08394,2026-05-06,C-0534,EU,UK & Ireland,Software,Partner,81,543.60,0.3500,28620.54,13405.50
O-08395,2026-05-06,C-0371,EU,Benelux & Nordics,Services,Partner,9,642.80,0.3500,3760.38,3908.34
O-08396,2026-05-06,C-0755,EU,Benelux & Nordics,Software,Online,9,852.81,0.2889,5457.55,2362.68
O-08397,2026-05-06,C-0651,US,US Central,Hardware,Partner,1,3594.54,0.3462,2349.94,2293.14
O-08398,2026-05-06,C-0142,US,US East,Software,Partner,15,646.17,0.3346,6449.76,2801.40
O-08399,2026-05-06,C-0295,US,US East,Hardware,Partner,5,436.32,0.3500,1418.04,1372.20
O-08400,2026-05-06,C-0740,APAC,ANZ,Software,Direct,55,207.89,0.3500,7432.07,3366.55
O-08401,2026-05-06,C-0018,EU,DACH,Hardware,Partner,14,479.87,0.3500,4366.82,5413.10
O-08402,2026-05-06,C-0117,APAC,Southeast Asia,Services,Partner,44,302.46,0.3462,8701.49,8352.08
O-08403,2026-05-06,C-0134,EU,UK & Ireland,Software,Direct,83,753.44,0.3500,40648.09,19787.20
O-08404,2026-05-06,C-0729,US,US East,Hardware,Online,10,2241.46,0.2371,17100.99,14307.20
O-08405,2026-05-07,C-0219,EU,Benelux & Nordics,Software,Partner,97,225.93,0.3500,14244.89,6782.24
O-08406,2026-05-07,C-0562,US,US Central,Software,Direct,54,636.88,0.3500,22354.49,10251.36
O-08407,2026-05-07,C-0212,APAC,ANZ,Services,Online,38,590.53,0.2783,16195.23,13631.36
O-08408,2026-05-07,C-0693,EU,Southern Europe,Services,Partner,7,251.02,0.3500,1142.14,1138.69
O-08409,2026-05-07,C-0139,EU,UK & Ireland,Software,Partner,97,98.00,0.3500,6178.90,2898.36
O-08410,2026-05-07,C-0282,APAC,Southeast Asia,Hardware,Online,15,1739.82,0.2397,19840.62,17051.85
O-08411,2026-05-07,C-0077,EU,UK & Ireland,Support & CS,Partner,3,1373.50,0.3500,2678.33,2353.17
O-08412,2026-05-07,C-0639,EU,UK & Ireland,Services,Partner,19,239.06,0.3500,2952.39,3120.37
O-08413,2026-05-07,C-0267,US,US East,Software,Partner,74,359.94,0.3500,17313.11,7582.78
O-08414,2026-05-07,C-0489,APAC,Greater China,Hardware,Partner,2,3711.21,0.3500,4824.57,4759.28
O-08415,2026-05-07,C-0525,EU,Benelux & Nordics,Hardware,Online,11,3522.64,0.2927,27407.94,30016.91
O-08416,2026-05-07,C-0067,EU,UK & Ireland,Support & CS,Partner,11,2097.42,0.3500,14996.55,13693.35
O-08417,2026-05-07,C-0007,EU,Southern Europe,Services,Partner,26,444.35,0.3500,7509.52,7563.66
O-08418,2026-05-07,C-0688,US,US East,Software,Direct,94,124.08,0.3500,7581.29,3457.32
O-08419,2026-05-07,C-0626,EU,DACH,Software,Partner,90,171.08,0.3500,10008.18,4692.60
O-08420,2026-05-07,C-0477,EU,UK & Ireland,Software,Partner,34,357.06,0.3500,7891.03,3808.34
O-08421,2026-05-07,C-0790,EU,UK & Ireland,Software,Partner,117,682.18,0.3500,51879.79,24655.41
O-08422,2026-05-07,C-0111,APAC,ANZ,Hardware,Partner,9,768.98,0.3500,4498.53,4499.64
O-08423,2026-05-07,C-0427,EU,DACH,Software,Online,100,725.30,0.2777,52388.89,22874.00
O-08424,2026-05-07,C-0194,US,US West,Hardware,Partner,14,2424.66,0.3341,22602.59,21311.64
O-08425,2026-05-07,C-0612,EU,UK & Ireland,Hardware,Online,14,2915.77,0.3154,27947.55,31950.52
O-08426,2026-05-07,C-0511,US,US East,Hardware,Partner,1,4123.24,0.3500,2680.11,2616.56
O-08427,2026-05-07,C-0547,EU,UK & Ireland,Hardware,Direct,3,496.38,0.3500,967.94,1143.57
O-08428,2026-05-07,C-0719,APAC,Southeast Asia,Hardware,Online,18,2013.83,0.2481,27256.73,23765.76
O-08429,2026-05-07,C-0675,APAC,Japan,Hardware,Online,4,3766.82,0.2341,11540.30,9852.92
O-08430,2026-05-07,C-0477,EU,UK & Ireland,Services,Online,31,311.83,0.2789,6970.32,6397.78
O-08431,2026-05-07,C-0190,EU,Benelux & Nordics,Software,Online,46,767.17,0.2916,25000.43,10704.66
O-08432,2026-05-07,C-0626,EU,DACH,Hardware,Partner,12,1183.66,0.3500,9232.55,11526.36
O-08433,2026-05-07,C-0565,EU,Southern Europe,Hardware,Partner,2,823.02,0.3500,1069.93,1288.92
O-08434,2026-05-07,C-0623,EU,UK & Ireland,Support & CS,Partner,2,1638.27,0.3500,2129.75,1915.64
O-08435,2026-05-07,C-0296,EU,Southern Europe,Hardware,Partner,4,2888.94,0.3500,7511.24,9018.16
O-08436,2026-05-07,C-0073,EU,UK & Ireland,Hardware,Partner,16,3593.13,0.3500,37368.55,46763.52
O-08437,2026-05-08,C-0490,US,US West,Services,Direct,8,578.23,0.3500,3006.80,2816.88
O-08438,2026-05-08,C-0632,APAC,Southeast Asia,Hardware,Partner,17,651.20,0.3500,7195.76,7018.45
O-08439,2026-05-08,C-0792,EU,Benelux & Nordics,Services,Online,12,500.12,0.3006,4197.39,3904.32
O-08440,2026-05-08,C-0527,US,US West,Software,Partner,66,679.40,0.3500,29146.26,13341.90
O-08441,2026-05-08,C-0160,APAC,ANZ,Services,Direct,26,619.88,0.3500,10475.97,9629.36
O-08442,2026-05-08,C-0660,EU,Benelux & Nordics,Hardware,Online,13,1514.65,0.2897,13985.44,15444.39
O-08443,2026-05-08,C-0400,EU,UK & Ireland,Services,Direct,29,147.78,0.3500,2785.65,2905.51
O-08444,2026-05-08,C-0368,EU,DACH,Software,Online,13,347.41,0.2993,3164.67,1387.10
O-08445,2026-05-08,C-0562,US,US Central,Software,Online,91,805.99,0.2649,53916.41,21227.57
O-08446,2026-05-08,C-0431,EU,DACH,Software,Partner,57,813.81,0.3500,30151.66,14645.01
O-08447,2026-05-08,C-0244,APAC,Japan,Hardware,Online,14,2397.09,0.2492,25197.18,22043.28
O-08448,2026-05-08,C-0716,APAC,Southeast Asia,Services,Partner,29,234.77,0.3500,4425.41,4035.35
O-08449,2026-05-08,C-0079,EU,DACH,Software,Partner,100,250.47,0.3500,16280.55,7894.00
O-08450,2026-05-08,C-0285,US,US West,Hardware,Direct,14,645.47,0.3500,5873.78,5625.62
O-08451,2026-05-08,C-0205,US,US East,Software,Partner,90,306.51,0.3500,17930.83,8145.90
O-08452,2026-05-08,C-0143,US,US Central,Support & CS,Direct,10,1687.48,0.3500,10968.62,9189.40
O-08453,2026-05-08,C-0138,EU,DACH,Software,Partner,101,382.35,0.3500,25101.28,11712.97
O-08454,2026-05-08,C-0235,EU,Southern Europe,Software,Partner,30,886.23,0.3500,17281.49,8292.00
O-08455,2026-05-08,C-0590,US,US East,Software,Partner,31,852.19,0.3404,17424.92,7711.87
O-08456,2026-05-08,C-0047,EU,Benelux & Nordics,Support & CS,Partner,7,1129.04,0.3500,5137.13,4537.54
O-08457,2026-05-08,C-0716,APAC,Southeast Asia,Software,Partner,39,439.99,0.3500,11153.75,4987.32
O-08458,2026-05-08,C-0532,EU,DACH,Services,Partner,33,154.12,0.3500,3305.87,3334.65
O-08459,2026-05-08,C-0407,EU,UK & Ireland,Services,Online,21,480.35,0.2899,7163.09,6811.14
O-08460,2026-05-08,C-0792,EU,Benelux & Nordics,Software,Partner,16,863.50,0.3500,8980.40,4294.24
O-08461,2026-05-08,C-0069,US,US East,Software,Direct,76,248.38,0.3500,12269.97,5382.32
O-08462,2026-05-08,C-0463,EU,UK & Ireland,Services,Online,44,574.87,0.2786,18246.91,17315.32
O-08463,2026-05-08,C-0383,EU,DACH,Hardware,Online,7,655.91,0.2744,3331.32,3718.82
O-08464,2026-05-08,C-0132,US,US West,Support & CS,Online,9,301.86,0.2765,1965.69,1476.00
O-08465,2026-05-08,C-0800,US,US Central,Hardware,Partner,8,2922.69,0.3500,15197.99,14666.00
O-08466,2026-05-08,C-0327,EU,Benelux & Nordics,Hardware,Direct,17,992.35,0.3500,10965.47,13033.22
O-08467,2026-05-08,C-0234,APAC,Japan,Software,Partner,83,493.28,0.3312,27382.21,11911.33
O-08468,2026-05-08,C-0117,APAC,Southeast Asia,Software,Direct,17,405.18,0.3500,4477.24,2011.27
O-08469,2026-05-08,C-0463,EU,UK & Ireland,Services,Online,38,494.51,0.2701,13715.49,12304.02
O-08470,2026-05-08,C-0774,US,US East,Hardware,Online,14,3582.06,0.2502,37602.19,32165.56
O-08471,2026-05-08,C-0702,EU,DACH,Software,Direct,91,620.98,0.3500,36730.97,16926.00
O-08472,2026-05-08,C-0377,EU,DACH,Services,Partner,40,148.06,0.3500,3849.56,3901.20
O-08473,2026-05-09,C-0776,EU,Southern Europe,Software,Direct,6,573.65,0.3500,2237.23,1080.60
O-08474,2026-05-09,C-0656,APAC,Greater China,Support & CS,Direct,5,938.03,0.3500,3048.60,2480.10
O-08475,2026-05-09,C-0295,US,US East,Software,Direct,112,258.54,0.3500,18821.71,8470.56
O-08476,2026-05-09,C-0655,EU,DACH,Services,Partner,3,548.15,0.3500,1068.89,1118.67
O-08477,2026-05-09,C-0053,APAC,Japan,Hardware,Online,10,4177.65,0.2699,30499.52,27436.80
O-08478,2026-05-09,C-0776,EU,Southern Europe,Hardware,Direct,3,1583.56,0.3500,3087.94,3768.36
O-08479,2026-05-09,C-0630,US,US Central,Services,Partner,44,288.69,0.3500,8256.53,7769.96
O-08480,2026-05-09,C-0447,US,US East,Software,Direct,104,818.00,0.3500,55296.80,24997.44
O-08481,2026-05-09,C-0408,US,US East,Software,Direct,57,840.69,0.3500,31147.56,13600.20
O-08482,2026-05-09,C-0401,US,US East,Software,Partner,15,629.47,0.3313,6313.55,2687.25
O-08483,2026-05-09,C-0534,EU,UK & Ireland,Hardware,Partner,2,1008.62,0.3500,1311.21,1628.58
O-08484,2026-05-09,C-0020,APAC,ANZ,Services,Partner,41,433.69,0.3376,11779.18,10768.24
O-08485,2026-05-09,C-0352,US,US West,Support & CS,Partner,10,2167.66,0.3500,14089.79,11226.80
O-08486,2026-05-09,C-0660,EU,Benelux & Nordics,Services,Direct,33,307.35,0.3500,6592.66,6741.24
O-08487,2026-05-09,C-0405,EU,DACH,Support & CS,Online,9,1031.88,0.2894,6599.07,5435.01
O-08488,2026-05-09,C-0664,APAC,Japan,Hardware,Partner,5,3361.12,0.3312,11239.86,10679.85
O-08489,2026-05-10,C-0149,EU,Southern Europe,Software,Partner,95,437.49,0.3500,27015.01,12800.30
O-08490,2026-05-10,C-0631,APAC,ANZ,Software,Online,91,248.35,0.2643,16626.44,6539.26
O-08491,2026-05-10,C-0200,EU,UK & Ireland,Hardware,Partner,17,2676.51,0.3500,29575.44,34997.22
O-08492,2026-05-10,C-0003,US,US West,Services,Partner,39,372.56,0.3500,9444.40,8830.77
O-08493,2026-05-10,C-0295,US,US East,Hardware,Direct,4,369.84,0.3500,961.58,929.48
O-08494,2026-05-10,C-0272,EU,UK & Ireland,Support & CS,Partner,7,1366.14,0.3500,6215.94,5590.55
O-08495,2026-05-10,C-0039,US,US West,Software,Partner,39,467.82,0.3409,12024.40,5353.92
O-08496,2026-05-10,C-0650,EU,DACH,Hardware,Partner,3,1634.99,0.3500,3188.23,3933.09
O-08497,2026-05-10,C-0716,APAC,Southeast Asia,Software,Partner,110,887.46,0.3500,63453.39,28972.90
O-08498,2026-05-10,C-0500,US,US West,Software,Partner,30,425.35,0.3500,8294.33,3781.20
O-08499,2026-05-10,C-0317,US,US East,Support & CS,Direct,3,375.09,0.3500,731.43,614.37
O-08500,2026-05-10,C-0142,US,US East,Software,Partner,35,811.96,0.3500,18472.09,8217.30
O-08501,2026-05-10,C-0371,EU,Benelux & Nordics,Hardware,Partner,15,4100.32,0.3500,39978.12,48226.50
O-08502,2026-05-10,C-0177,APAC,Japan,Services,Partner,1,121.82,0.3500,79.18,75.78
O-08503,2026-05-10,C-0099,US,US East,Support & CS,Partner,11,1832.05,0.3500,13099.16,10473.32
O-08504,2026-05-10,C-0485,EU,UK & Ireland,Hardware,Partner,17,3654.35,0.3500,40380.57,47668.17
O-08505,2026-05-10,C-0232,EU,Southern Europe,Software,Direct,110,102.67,0.3500,7340.91,3451.80
O-08506,2026-05-10,C-0507,EU,DACH,Hardware,Partner,10,1440.64,0.3500,9364.16,11287.40
O-08507,2026-05-10,C-0292,APAC,Japan,Software,Online,17,431.51,0.2376,5592.86,2201.33
O-08508,2026-05-10,C-0244,APAC,Japan,Services,Online,23,196.64,0.2318,3474.33,2692.15
O-08509,2026-05-10,C-0699,US,US Central,Hardware,Direct,6,822.29,0.3500,3206.93,3069.06
O-08510,2026-05-10,C-0186,APAC,ANZ,Hardware,Partner,4,3442.34,0.3500,8950.08,8933.52
O-08511,2026-05-10,C-0012,US,US East,Software,Online,51,150.67,0.2676,5628.11,2178.21
O-08512,2026-05-10,C-0331,EU,Benelux & Nordics,Hardware,Partner,6,2375.96,0.3500,9266.24,11367.12
O-08513,2026-05-10,C-0694,EU,UK & Ireland,Support & CS,Partner,12,731.59,0.3500,5706.40,5192.28
O-08514,2026-05-10,C-0309,EU,UK & Ireland,Services,Direct,21,488.52,0.3500,6668.30,6642.51
O-08515,2026-05-10,C-0459,EU,UK & Ireland,Services,Online,4,569.10,0.3187,1551.01,1498.84
O-08516,2026-05-10,C-0121,US,US East,Software,Partner,68,530.17,0.3500,23433.51,10807.92
O-08517,2026-05-10,C-0771,EU,UK & Ireland,Hardware,Partner,6,2331.37,0.3500,9092.34,10821.42
O-08518,2026-05-10,C-0706,APAC,Japan,Support & CS,Partner,1,662.22,0.3312,442.90,357.69
O-08519,2026-05-10,C-0434,EU,DACH,Services,Partner,33,532.57,0.3500,11423.63,11557.26
O-08520,2026-05-10,C-0605,EU,Benelux & Nordics,Support & CS,Partner,7,1173.25,0.3500,5338.29,4803.33
O-08521,2026-05-10,C-0786,APAC,ANZ,Software,Online,16,444.81,0.2781,5137.76,2146.08
O-08522,2026-05-10,C-0221,APAC,ANZ,Hardware,Online,3,578.59,0.2636,1278.29,1121.88
O-08523,2026-05-11,C-0255,EU,UK & Ireland,Software,Direct,84,515.14,0.3500,28126.64,13673.52
O-08524,2026-05-11,C-0041,US,US Central,Services,Online,20,443.69,0.2516,6641.22,5210.40
O-08525,2026-05-11,C-0523,US,US West,Software,Online,79,141.85,0.2409,8506.24,3355.13
O-08526,2026-05-11,C-0035,APAC,Greater China,Hardware,Partner,6,4101.33,0.3500,15995.19,15679.98
O-08527,2026-05-11,C-0299,EU,Southern Europe,Services,Online,29,536.74,0.2815,11183.97,10587.32
O-08528,2026-05-11,C-0549,EU,UK & Ireland,Support & CS,Partner,4,702.20,0.3500,1825.72,1631.40
O-08529,2026-05-11,C-0141,EU,Benelux & Nordics,Support & CS,Partner,4,1500.97,0.3500,3902.52,3527.60
O-08530,2026-05-11,C-0209,EU,UK & Ireland,Hardware,Online,12,2559.84,0.3146,21055.04,24582.72
O-08531,2026-05-11,C-0496,EU,Benelux & Nordics,Software,Partner,71,422.70,0.3500,19507.60,8966.59
O-08532,2026-05-11,C-0200,EU,UK & Ireland,Hardware,Partner,2,358.04,0.3500,465.45,553.60
O-08533,2026-05-11,C-0086,EU,UK & Ireland,Hardware,Online,9,2410.74,0.3150,14862.76,17603.55
O-08534,2026-05-11,C-0309,EU,UK & Ireland,Support & CS,Partner,10,2363.14,0.3500,15360.41,13616.00
O-08535,2026-05-11,C-0674,EU,DACH,Software,Partner,28,195.17,0.3500,3552.09,1675.80
O-08536,2026-05-11,C-0703,EU,DACH,Hardware,Partner,16,4004.20,0.3500,41643.68,51212.96
O-08537,2026-05-11,C-0161,APAC,ANZ,Support & CS,Partner,12,2045.32,0.3500,15953.50,12962.16
O-08538,2026-05-11,C-0639,EU,UK & Ireland,Hardware,Direct,9,3201.79,0.3500,18730.47,22928.67
O-08539,2026-05-11,C-0279,US,US East,Hardware,Direct,13,1465.06,0.3500,12379.76,12443.21
O-08540,2026-05-11,C-0797,US,US Central,Software,Online,64,568.16,0.2495,27290.18,10762.88
O-08541,2026-05-11,C-0265,US,US Central,Hardware,Online,5,1505.32,0.2462,5673.25,4702.05
O-08542,2026-05-11,C-0546,EU,Southern Europe,Support & CS,Online,10,625.65,0.2770,4523.18,3524.00
O-08543,2026-05-11,C-0659,EU,Benelux & Nordics,Hardware,Partner,10,1089.68,0.3500,7082.92,8685.40
O-08544,2026-05-11,C-0545,EU,Southern Europe,Hardware,Direct,17,3087.18,0.3500,34113.34,41830.88
O-08545,2026-05-11,C-0142,US,US East,Hardware,Partner,16,1889.03,0.3500,19645.91,19345.28
O-08546,2026-05-11,C-0688,US,US East,Services,Direct,43,439.48,0.3500,12283.47,11260.41
O-08547,2026-05-11,C-0636,APAC,Japan,Software,Partner,30,495.43,0.3500,9660.89,4487.10
O-08548,2026-05-11,C-0783,US,US Central,Hardware,Partner,8,1729.13,0.3500,8991.48,8779.60
O-08549,2026-05-11,C-0757,EU,Southern Europe,Support & CS,Online,7,818.77,0.2994,4015.61,3234.49
O-08550,2026-05-11,C-0591,EU,DACH,Support & CS,Direct,4,476.72,0.3500,1239.47,1105.52
O-08551,2026-05-11,C-0350,EU,Benelux & Nordics,Services,Partner,23,478.17,0.3500,7148.64,7555.50
O-08552,2026-05-11,C-0682,APAC,Southeast Asia,Support & CS,Partner,12,712.48,0.3500,5557.34,4629.72
O-08553,2026-05-11,C-0146,US,US West,Hardware,Direct,15,904.10,0.3500,8814.98,8622.75
O-08554,2026-05-11,C-0423,US,US East,Software,Partner,99,195.52,0.3500,12581.71,5635.08
O-08555,2026-05-11,C-0287,US,US East,Hardware,Online,8,722.93,0.2321,4440.95,3808.64
O-08556,2026-05-11,C-0380,US,US West,Support & CS,Online,5,650.45,0.2327,2495.57,1697.75
O-08557,2026-05-11,C-0067,EU,UK & Ireland,Hardware,Partner,1,454.83,0.3500,295.64,358.40
O-08558,2026-05-11,C-0782,EU,Benelux & Nordics,Services,Partner,31,453.92,0.3500,9146.49,9159.88
O-08559,2026-05-11,C-0714,US,US West,Hardware,Partner,3,3281.27,0.3500,6398.48,6458.04
O-08560,2026-05-11,C-0432,APAC,ANZ,Hardware,Partner,12,2214.31,0.3500,17271.62,17082.24
O-08561,2026-05-11,C-0705,APAC,Southeast Asia,Software,Partner,111,686.69,0.3406,50259.15,21965.79
O-08562,2026-05-12,C-0603,EU,UK & Ireland,Hardware,Online,5,3715.67,0.2903,13185.65,14941.25
O-08563,2026-05-12,C-0529,EU,DACH,Services,Partner,23,372.19,0.3500,5564.24,5677.55
O-08564,2026-05-12,C-0031,US,US Central,Software,Partner,63,404.71,0.3500,16572.87,7577.64
O-08565,2026-05-12,C-0561,US,US West,Hardware,Direct,13,998.27,0.3500,8435.38,8169.46
O-08566,2026-05-12,C-0709,EU,Southern Europe,Hardware,Direct,8,3425.93,0.3500,17814.84,21081.12
O-08567,2026-05-12,C-0723,EU,UK & Ireland,Software,Direct,62,331.55,0.3500,13361.47,6203.10
O-08568,2026-05-12,C-0228,APAC,Japan,Software,Partner,9,226.71,0.3399,1346.85,607.32
O-08569,2026-05-12,C-0218,EU,DACH,Hardware,Online,1,1738.76,0.2845,1244.15,1345.13
O-08570,2026-05-12,C-0185,APAC,ANZ,Hardware,Direct,18,1055.90,0.3500,12354.03,12475.98
O-08571,2026-05-12,C-0337,US,US East,Hardware,Direct,11,3522.10,0.3500,25183.01,25128.29
O-08572,2026-05-12,C-0248,US,US Central,Support & CS,Partner,11,1486.48,0.3500,10628.33,8878.21
O-08573,2026-05-12,C-0289,US,US West,Services,Partner,43,442.04,0.3483,12387.86,11366.62
O-08574,2026-05-12,C-0785,US,US East,Support & CS,Partner,3,2196.00,0.3500,4282.20,3566.28
O-08575,2026-05-12,C-0793,US,US East,Support & CS,Direct,7,1304.29,0.3500,5934.52,4779.18
O-08576,2026-05-12,C-0553,US,US Central,Support & CS,Direct,4,1553.14,0.3500,4038.16,3342.60
O-08577,2026-05-12,C-0675,APAC,Japan,Services,Partner,27,387.95,0.3500,6808.52,6489.72
O-08578,2026-05-12,C-0477,EU,UK & Ireland,Software,Partner,14,328.67,0.3500,2990.90,1441.02
O-08579,2026-05-12,C-0523,US,US West,Hardware,Partner,7,2876.60,0.3500,13088.53,12690.37
O-08580,2026-05-12,C-0663,EU,DACH,Services,Partner,30,581.17,0.3500,11332.81,11846.40
O-08581,2026-05-12,C-0054,EU,UK & Ireland,Hardware,Online,8,1121.46,0.3111,6180.82,6951.76
O-08582,2026-05-12,C-0437,US,US West,Services,Partner,26,536.48,0.3500,9066.51,8197.54
O-08583,2026-05-12,C-0048,EU,Southern Europe,Services,Partner,1,215.05,0.3500,139.78,139.53
O-08584,2026-05-12,C-0365,APAC,ANZ,Services,Partner,32,134.82,0.3500,2804.26,2639.04
O-08585,2026-05-13,C-0013,EU,Southern Europe,Software,Direct,51,68.31,0.3500,2264.48,1075.08
O-08586,2026-05-13,C-0561,US,US West,Software,Partner,63,183.84,0.3442,7595.77,3420.90
O-08587,2026-05-13,C-0007,EU,Southern Europe,Hardware,Direct,15,3981.80,0.3500,38822.55,47593.50
O-08588,2026-05-13,C-0162,US,US West,Software,Online,29,876.27,0.2588,18834.19,7180.98
O-08589,2026-05-13,C-0326,EU,Benelux & Nordics,Services,Direct,26,280.51,0.3500,4740.62,4905.42
O-08590,2026-05-13,C-0086,EU,UK & Ireland,Services,Partner,28,437.91,0.3500,7969.96,8209.32
O-08591,2026-05-13,C-0431,EU,DACH,Services,Partner,39,442.37,0.3500,11214.08,11200.02
O-08592,2026-05-13,C-0058,US,US Central,Services,Partner,23,600.66,0.3500,8979.87,8123.14
O-08593,2026-05-13,C-0318,US,US East,Support & CS,Online,10,456.30,0.2569,3390.93,2381.20
O-08594,2026-05-13,C-0112,EU,UK & Ireland,Hardware,Direct,14,3492.43,0.3500,31781.11,38296.30
O-08595,2026-05-13,C-0587,EU,UK & Ireland,Services,Direct,27,181.89,0.3500,3192.17,3314.25
O-08596,2026-05-13,C-0103,US,US East,Hardware,Partner,6,1745.29,0.3500,6806.63,6851.34
O-08597,2026-05-13,C-0450,US,US East,Hardware,Partner,10,3019.92,0.3500,19629.48,19019.10
O-08598,2026-05-13,C-0643,EU,DACH,Services,Online,30,411.56,0.3129,8484.08,8451.00
O-08599,2026-05-13,C-0397,US,US East,Software,Partner,31,445.36,0.3398,9115.10,4101.92
O-08600,2026-05-13,C-0640,EU,DACH,Support & CS,Partner,12,1990.12,0.3500,15522.94,13653.36
O-08601,2026-05-13,C-0335,US,US West,Software,Partner,78,677.38,0.3500,34343.17,15425.28
O-08602,2026-05-13,C-0466,US,US East,Software,Online,45,549.72,0.2331,18972.19,6995.70
O-08603,2026-05-13,C-0674,EU,DACH,Services,Direct,21,569.14,0.3500,7768.76,7737.45
O-08604,2026-05-13,C-0786,APAC,ANZ,Hardware,Partner,7,3189.38,0.3423,14682.75,14237.37
O-08605,2026-05-13,C-0611,APAC,Japan,Hardware,Online,13,3113.54,0.2419,30682.89,25769.64
O-08606,2026-05-13,C-0262,EU,DACH,Hardware,Online,12,2807.74,0.2774,24345.46,27260.88
O-08607,2026-05-13,C-0042,APAC,ANZ,Hardware,Direct,4,3234.80,0.3500,8410.48,8383.64
O-08608,2026-05-13,C-0294,EU,Southern Europe,Software,Partner,111,257.13,0.3500,18551.93,8515.92
O-08609,2026-05-13,C-0254,EU,DACH,Support & CS,Direct,12,2104.18,0.3500,16412.60,15082.92
O-08610,2026-05-13,C-0477,EU,UK & Ireland,Hardware,Partner,17,2229.48,0.3500,24635.75,30516.36
O-08611,2026-05-14,C-0738,EU,DACH,Services,Partner,25,393.55,0.3500,6395.19,6385.50
O-08612,2026-05-14,C-0675,APAC,Japan,Hardware,Partner,5,1139.97,0.3318,3808.48,3680.10
O-08613,2026-05-14,C-0542,US,US West,Services,Direct,28,636.74,0.3500,11588.67,10491.32
O-08614,2026-05-14,C-0533,APAC,Japan,Hardware,Partner,15,3060.02,0.3301,30750.07,30064.65
O-08615,2026-05-14,C-0019,EU,UK & Ireland,Hardware,Partner,4,3362.13,0.3500,8741.54,10442.92
O-08616,2026-05-14,C-0605,EU,Benelux & Nordics,Software,Partner,39,847.22,0.3500,21477.03,10231.65
O-08617,2026-05-14,C-0312,US,US West,Hardware,Direct,14,1891.19,0.3500,17209.83,16806.44
O-08618,2026-05-14,C-0478,EU,UK & Ireland,Software,Partner,8,91.22,0.3500,474.34,224.00
O-08619,2026-05-14,C-0473,EU,Southern Europe,Hardware,Partner,11,914.06,0.3500,6535.53,7743.23
O-08620,2026-05-14,C-0757,EU,Southern Europe,Services,Partner,44,301.38,0.3500,8619.47,8589.24
O-08621,2026-05-14,C-0780,EU,DACH,Support & CS,Direct,8,1380.86,0.3500,7180.47,6538.24
O-08622,2026-05-14,C-0292,APAC,Japan,Software,Partner,109,220.65,0.3354,15983.13,6952.02
O-08623,2026-05-14,C-0779,EU,DACH,Services,Direct,36,444.55,0.3500,10402.47,10593.00
O-08624,2026-05-14,C-0569,EU,UK & Ireland,Software,Direct,102,805.94,0.3500,53433.82,25018.56
O-08625,2026-05-14,C-0593,EU,UK & Ireland,Services,Partner,38,646.37,0.3500,15965.34,16817.66
O-08626,2026-05-14,C-0237,US,US Central,Support & CS,Online,1,1303.91,0.2730,947.94,706.27
O-08627,2026-05-14,C-0562,US,US Central,Software,Partner,40,89.15,0.3490,2321.48,1036.80
O-08628,2026-05-14,C-0125,EU,DACH,Software,Partner,78,808.74,0.3500,41003.12,19295.64
O-08629,2026-05-14,C-0455,US,US West,Hardware,Direct,11,1455.97,0.3500,10410.19,10349.57
O-08630,2026-05-14,C-0348,EU,UK & Ireland,Hardware,Partner,7,2233.73,0.3500,10163.47,12113.08
O-08631,2026-05-14,C-0190,EU,Benelux & Nordics,Support & CS,Partner,8,424.63,0.3500,2208.08,1983.20
O-08632,2026-05-15,C-0695,EU,Benelux & Nordics,Hardware,Partner,11,604.55,0.3500,4322.53,5337.53
O-08633,2026-05-15,C-0093,US,US West,Software,Partner,105,572.88,0.3500,39099.06,17978.10
O-08634,2026-05-15,C-0058,US,US Central,Support & CS,Direct,3,2331.45,0.3500,4546.33,3749.22
O-08635,2026-05-15,C-0118,APAC,Japan,Services,Online,45,286.85,0.2762,9342.52,7850.70
O-08636,2026-05-15,C-0134,EU,UK & Ireland,Hardware,Online,7,1427.94,0.2831,7165.36,7712.81
O-08637,2026-05-15,C-0044,US,US West,Software,Direct,101,404.72,0.3500,26569.87,12128.08
O-08638,2026-05-15,C-0398,EU,DACH,Hardware,Direct,11,1245.37,0.3500,8904.40,10834.01
O-08639,2026-05-15,C-0779,EU,DACH,Support & CS,Partner,12,2185.59,0.3500,17047.60,15355.68
O-08640,2026-05-15,C-0257,US,US East,Hardware,Online,16,2319.04,0.2493,27854.28,24288.96
O-08641,2026-05-15,C-0275,EU,UK & Ireland,Software,Partner,109,412.37,0.3500,29216.41,14197.25
O-08642,2026-05-15,C-0402,APAC,Greater China,Software,Partner,79,258.20,0.3500,13258.57,6045.87
O-08643,2026-05-15,C-0257,US,US East,Software,Partner,44,517.59,0.3500,14803.07,6627.28
O-08644,2026-05-15,C-0262,EU,DACH,Services,Partner,17,273.37,0.3500,3020.74,3044.87
O-08645,2026-05-15,C-0488,US,US Central,Software,Online,45,727.17,0.2763,23680.46,9567.45
O-08646,2026-05-15,C-0611,APAC,Japan,Support & CS,Partner,10,820.50,0.3500,5333.25,4569.60
O-08647,2026-05-15,C-0233,EU,DACH,Software,Direct,37,455.02,0.3500,10943.23,5024.60
O-08648,2026-05-15,C-0111,APAC,ANZ,Services,Direct,18,321.83,0.3500,3765.41,3547.80
O-08649,2026-05-15,C-0683,US,US East,Hardware,Direct,11,2054.22,0.3500,14687.67,14413.30
O-08650,2026-05-15,C-0706,APAC,Japan,Hardware,Partner,17,3605.39,0.3497,39855.64,38764.25
O-08651,2026-05-15,C-0537,EU,UK & Ireland,Support & CS,Direct,2,719.74,0.3500,935.66,831.20
O-08652,2026-05-15,C-0651,US,US Central,Services,Direct,11,231.09,0.3500,1652.29,1484.78
O-08653,2026-05-15,C-0238,EU,DACH,Software,Online,108,891.13,0.2829,69017.25,28762.56
O-08654,2026-05-15,C-0795,EU,DACH,Software,Online,30,740.56,0.3186,15138.71,6777.30
O-08655,2026-05-15,C-0353,APAC,Japan,Software,Partner,111,243.68,0.3318,18074.07,8131.86
O-08656,2026-05-15,C-0594,EU,Benelux & Nordics,Software,Partner,67,593.91,0.3500,25864.78,12293.16
O-08657,2026-05-15,C-0332,EU,Benelux & Nordics,Services,Partner,45,517.71,0.3500,15143.02,15765.75
O-08658,2026-05-15,C-0418,US,US West,Support & CS,Online,6,732.45,0.2585,3258.85,2389.32
O-08659,2026-05-15,C-0491,US,US East,Hardware,Partner,11,2857.66,0.3500,20432.27,20026.38
O-08660,2026-05-15,C-0295,US,US East,Software,Partner,6,864.04,0.3500,3369.76,1468.20
O-08661,2026-05-15,C-0255,EU,UK & Ireland,Services,Direct,2,634.30,0.3500,824.59,823.78
O-08662,2026-05-15,C-0781,APAC,Greater China,Hardware,Partner,10,3618.20,0.3500,23518.30,23748.40
O-08663,2026-05-15,C-0666,US,US East,Support & CS,Partner,12,2050.26,0.3500,15992.03,12755.28
O-08664,2026-05-15,C-0316,US,US East,Services,Partner,15,576.32,0.3500,5619.12,5077.65
O-08665,2026-05-15,C-0518,APAC,Southeast Asia,Hardware,Partner,17,2832.84,0.3500,31302.88,31167.63
O-08666,2026-05-15,C-0765,US,US East,Services,Direct,21,233.61,0.3500,3188.78,2908.71
O-08667,2026-05-15,C-0655,EU,DACH,Software,Direct,105,542.29,0.3500,37011.29,17214.75
O-08668,2026-05-16,C-0364,EU,DACH,Software,Partner,24,714.45,0.3500,11145.42,5173.68
O-08669,2026-05-16,C-0761,US,US West,Hardware,Partner,3,1075.16,0.3500,2096.56,2014.29
O-08670,2026-05-16,C-0110,EU,DACH,Software,Partner,70,391.32,0.3500,17805.06,8476.30
O-08671,2026-05-16,C-0021,EU,DACH,Support & CS,Partner,11,2259.56,0.3500,16155.85,14664.32
O-08672,2026-05-16,C-0115,US,US East,Hardware,Direct,11,918.95,0.3500,6570.49,6588.23
O-08673,2026-05-16,C-0012,US,US East,Hardware,Partner,11,4130.64,0.3375,30101.75,28723.20
O-08674,2026-05-16,C-0745,APAC,Southeast Asia,Hardware,Partner,15,1447.59,0.3500,14114.00,13919.70
O-08675,2026-05-16,C-0199,APAC,ANZ,Hardware,Direct,2,839.16,0.3500,1090.91,1062.70
O-08676,2026-05-16,C-0790,EU,UK & Ireland,Software,Direct,58,897.29,0.3500,33827.83,15918.68
O-08677,2026-05-16,C-0475,APAC,Japan,Support & CS,Direct,8,1857.33,0.3500,9658.12,8066.48
O-08678,2026-05-16,C-0611,APAC,Japan,Software,Online,59,726.16,0.2387,32618.29,12722.76
O-08679,2026-05-16,C-0551,EU,UK & Ireland,Support & CS,Direct,7,895.31,0.3500,4073.66,3700.34
O-08680,2026-05-16,C-0082,EU,Southern Europe,Services,Partner,14,195.90,0.3500,1782.69,1840.44
O-08681,2026-05-16,C-0099,US,US East,Hardware,Direct,16,2468.95,0.3500,25677.08,25867.68
O-08682,2026-05-16,C-0267,US,US East,Services,Direct,30,335.59,0.3500,6544.00,6031.50
O-08683,2026-05-16,C-0210,EU,Southern Europe,Support & CS,Direct,7,1204.09,0.3500,5478.61,4993.03
O-08684,2026-05-16,C-0294,EU,Southern Europe,Hardware,Partner,6,1840.42,0.3500,7177.64,8639.10
O-08685,2026-05-16,C-0508,APAC,ANZ,Support & CS,Partner,6,2271.26,0.3414,8974.56,7597.08
O-08686,2026-05-16,C-0227,US,US East,Software,Direct,37,731.37,0.3500,17589.45,7724.49
O-08687,2026-05-16,C-0143,US,US Central,Hardware,Partner,2,2598.53,0.3497,3379.54,3237.08
O-08688,2026-05-16,C-0256,US,US Central,Services,Direct,13,366.69,0.3500,3098.53,2782.00
O-08689,2026-05-16,C-0106,US,US West,Services,Online,18,419.18,0.2669,5531.49,4428.90
O-08690,2026-05-16,C-0504,APAC,Japan,Hardware,Online,3,3234.19,0.2650,7131.20,6222.36
O-08691,2026-05-16,C-0527,US,US West,Hardware,Direct,13,1123.28,0.3500,9491.72,9589.58
O-08692,2026-05-16,C-0209,EU,UK & Ireland,Hardware,Direct,14,832.69,0.3500,7577.48,9337.30
O-08693,2026-05-16,C-0766,EU,DACH,Hardware,Partner,12,1501.80,0.3500,11714.04,14134.56
O-08694,2026-05-16,C-0336,EU,Benelux & Nordics,Hardware,Partner,11,1015.59,0.3500,7261.47,8599.36
O-08695,2026-05-16,C-0009,US,US West,Software,Direct,117,213.01,0.3500,16199.41,7223.58
O-08696,2026-05-17,C-0359,EU,DACH,Hardware,Direct,2,2140.10,0.3500,2782.13,3295.44
O-08697,2026-05-17,C-0799,APAC,Japan,Support & CS,Partner,8,343.13,0.3500,1784.28,1524.88
O-08698,2026-05-17,C-0302,APAC,Southeast Asia,Software,Online,101,685.81,0.2413,52554.68,20285.85
O-08699,2026-05-17,C-0736,EU,Benelux & Nordics,Services,Online,30,496.43,0.3078,10309.43,9717.90
O-08700,2026-05-17,C-0519,US,US East,Software,Partner,65,164.31,0.3500,6942.10,3069.30
O-08701,2026-05-17,C-0075,EU,UK & Ireland,Software,Direct,35,474.59,0.3500,10796.92,5128.20
O-08702,2026-05-17,C-0248,US,US Central,Hardware,Partner,1,2589.60,0.3500,1683.24,1619.60
O-08703,2026-05-17,C-0319,APAC,Japan,Software,Online,61,604.23,0.2408,27982.68,10571.91
O-08704,2026-05-17,C-0159,EU,Southern Europe,Hardware,Partner,15,3270.20,0.3500,31884.45,38808.00
O-08705,2026-05-17,C-0123,APAC,Japan,Software,Online,44,567.10,0.2704,18204.63,7536.76
O-08706,2026-05-17,C-0115,US,US East,Hardware,Direct,1,3693.47,0.3500,2400.76,2342.79
O-08707,2026-05-17,C-0165,EU,Benelux & Nordics,Support & CS,Direct,12,1598.70,0.3500,12469.86,10828.08
O-08708,2026-05-17,C-0500,US,US West,Hardware,Partner,13,1692.42,0.3441,14431.10,14221.74
O-08709,2026-05-17,C-0129,US,US Central,Support & CS,Direct,11,1626.02,0.3500,11626.04,9759.75
O-08710,2026-05-17,C-0100,EU,DACH,Hardware,Direct,8,1295.60,0.3500,6737.12,8212.24
O-08711,2026-05-17,C-0077,EU,UK & Ireland,Support & CS,Online,11,275.99,0.3179,2070.89,1772.65
O-08712,2026-05-17,C-0384,US,US West,Software,Partner,77,136.68,0.3426,6918.64,3016.09
O-08713,2026-05-17,C-0677,US,US East,Software,Online,57,403.16,0.2654,16881.87,6805.80
O-08714,2026-05-17,C-0752,EU,Benelux & Nordics,Hardware,Online,12,3606.32,0.2888,30777.53,33858.96
O-08715,2026-05-17,C-0595,EU,Benelux & Nordics,Software,Partner,103,568.61,0.3500,38068.44,18485.41
O-08716,2026-05-17,C-0442,APAC,Japan,Software,Partner,38,409.40,0.3500,10112.18,4597.62
O-08717,2026-05-17,C-0052,EU,Benelux & Nordics,Hardware,Partner,17,1253.13,0.3500,13847.09,16934.72
O-08718,2026-05-17,C-0701,EU,Southern Europe,Software,Direct,51,578.06,0.3500,19162.69,9317.70
O-08719,2026-05-17,C-0526,US,US West,Hardware,Partner,2,3110.07,0.3365,4127.15,3869.18
O-08720,2026-05-17,C-0157,US,US West,Software,Direct,50,708.08,0.3500,23012.60,10062.50
O-08721,2026-05-17,C-0646,EU,DACH,Software,Online,9,605.17,0.2730,3959.55,1666.35
O-08722,2026-05-17,C-0338,EU,UK & Ireland,Software,Online,7,348.22,0.2803,1754.35,767.48
O-08723,2026-05-17,C-0643,EU,DACH,Software,Direct,93,725.60,0.3500,43862.52,20334.45
O-08724,2026-05-17,C-0527,US,US West,Hardware,Partner,7,623.80,0.3500,2838.29,2811.41
O-08725,2026-05-17,C-0383,EU,DACH,Services,Online,19,487.62,0.2888,6588.83,6166.45
O-08726,2026-05-17,C-0123,APAC,Japan,Software,Online,69,176.44,0.2456,9184.32,3612.15
O-08727,2026-05-17,C-0056,US,US East,Hardware,Partner,16,2827.25,0.3458,29591.14,29313.28
O-08728,2026-05-17,C-0272,EU,UK & Ireland,Hardware,Partner,6,3112.34,0.3500,12138.13,14613.60
O-08729,2026-05-17,C-0269,EU,UK & Ireland,Software,Online,35,201.36,0.2751,5109.11,2141.30
O-08730,2026-05-17,C-0375,US,US Central,Software,Online,95,186.39,0.2467,13339.14,5214.55
O-08731,2026-05-17,C-0239,EU,DACH,Hardware,Direct,4,3105.60,0.3500,8074.56,9724.40
O-08732,2026-05-18,C-0740,APAC,ANZ,Hardware,Online,16,790.14,0.2598,9357.74,8131.84
O-08733,2026-05-18,C-0198,EU,Southern Europe,Services,Direct,13,134.68,0.3500,1138.05,1154.66
O-08734,2026-05-18,C-0452,APAC,Southeast Asia,Services,Partner,14,575.49,0.3380,5333.55,4901.82
O-08735,2026-05-18,C-0473,EU,Southern Europe,Software,Direct,72,643.39,0.3500,30110.65,14242.32
O-08736,2026-05-18,C-0786,APAC,ANZ,Software,Partner,68,885.81,0.3351,40050.87,17836.40
O-08737,2026-05-18,C-0122,US,US West,Software,Partner,71,683.03,0.3500,31521.83,13854.94
O-08738,2026-05-18,C-0667,US,US West,Services,Direct,21,381.72,0.3500,5210.48,4763.64
O-08739,2026-05-18,C-0743,US,US Central,Hardware,Online,17,1053.06,0.2710,13050.55,11728.81
O-08740,2026-05-18,C-0350,EU,Benelux & Nordics,Hardware,Partner,3,2080.52,0.3500,4057.01,5020.08
O-08741,2026-05-18,C-0090,APAC,Southeast Asia,Hardware,Partner,9,2604.80,0.3500,15238.08,15230.70
O-08742,2026-05-18,C-0747,APAC,Greater China,Hardware,Direct,3,668.14,0.3500,1302.87,1338.36
O-08743,2026-05-18,C-0627,US,US Central,Services,Direct,32,236.00,0.3500,4908.80,4485.44
O-08744,2026-05-18,C-0050,EU,Southern Europe,Hardware,Partner,15,873.55,0.3500,8517.11,10508.70
O-08745,2026-05-18,C-0595,EU,Benelux & Nordics,Hardware,Partner,17,511.56,0.3500,5652.74,7073.53
O-08746,2026-05-18,C-0081,EU,Southern Europe,Hardware,Partner,11,3907.63,0.3500,27939.55,34525.59
O-08747,2026-05-18,C-0612,EU,UK & Ireland,Hardware,Partner,6,1796.94,0.3500,7008.07,8611.86
O-08748,2026-05-18,C-0227,US,US East,Software,Partner,50,382.16,0.3500,12420.20,5407.00
O-08749,2026-05-18,C-0117,APAC,Southeast Asia,Software,Partner,43,553.71,0.3500,15476.19,6883.01
O-08750,2026-05-18,C-0375,US,US Central,Support & CS,Direct,2,561.21,0.3500,729.57,591.60
O-08751,2026-05-18,C-0491,US,US East,Support & CS,Partner,3,1806.85,0.3500,3523.36,2933.28
O-08752,2026-05-18,C-0347,US,US East,Hardware,Direct,8,1018.66,0.3500,5297.03,5265.20
O-08753,2026-05-18,C-0386,US,US East,Services,Direct,31,541.14,0.3500,10903.97,9909.46
O-08754,2026-05-18,C-0575,US,US West,Hardware,Direct,6,2335.54,0.3500,9108.61,8863.38
O-08755,2026-05-18,C-0154,APAC,Southeast Asia,Software,Online,101,605.83,0.2685,44756.89,18435.53
O-08756,2026-05-18,C-0338,EU,UK & Ireland,Services,Partner,30,493.14,0.3500,9616.23,10069.50
O-08757,2026-05-18,C-0417,US,US West,Services,Direct,2,373.40,0.3500,485.42,460.52
O-08758,2026-05-18,C-0432,APAC,ANZ,Hardware,Partner,6,2232.78,0.3481,8733.60,8569.26
O-08759,2026-05-18,C-0069,US,US East,Hardware,Partner,2,2790.56,0.3500,3627.73,3623.40
O-08760,2026-05-18,C-0256,US,US Central,Services,Direct,28,447.97,0.3500,8153.05,7760.76
O-08761,2026-05-18,C-0074,US,US West,Hardware,Partner,7,1756.11,0.3500,7990.30,7668.50
O-08762,2026-05-18,C-0102,US,US East,Hardware,Direct,14,3699.77,0.3500,33667.91,33690.02
O-08763,2026-05-18,C-0783,US,US Central,Support & CS,Partner,5,681.66,0.3500,2215.39,1772.85
O-08764,2026-05-18,C-0280,US,US East,Hardware,Direct,4,960.35,0.3500,2496.91,2442.64
O-08765,2026-05-18,C-0460,APAC,Southeast Asia,Software,Direct,56,769.64,0.3500,28014.90,12962.88
O-08766,2026-05-18,C-0693,EU,Southern Europe,Software,Partner,93,639.42,0.3500,38652.94,18747.87
O-08767,2026-05-18,C-0788,EU,UK & Ireland,Software,Partner,108,125.34,0.3500,8798.87,4139.64
O-08768,2026-05-19,C-0445,EU,DACH,Support & CS,Online,7,2349.34,0.3069,11398.76,9510.27
O-08769,2026-05-19,C-0428,US,US East,Hardware,Direct,10,3004.84,0.3500,19531.46,19553.10
O-08770,2026-05-19,C-0580,EU,Benelux & Nordics,Hardware,Partner,14,896.68,0.3500,8159.79,9988.86
O-08771,2026-05-19,C-0296,EU,Southern Europe,Software,Partner,105,701.09,0.3500,47849.39,22867.95
O-08772,2026-05-19,C-0315,APAC,Japan,Hardware,Partner,12,594.91,0.3372,4731.50,4552.32
O-08773,2026-05-19,C-0526,US,US West,Hardware,Partner,8,1331.93,0.3335,7102.05,6770.40
O-08774,2026-05-19,C-0145,US,US East,Hardware,Partner,14,2014.18,0.3500,18329.04,18415.32
O-08775,2026-05-19,C-0149,EU,Southern Europe,Hardware,Partner,6,2096.05,0.3500,8174.60,9784.08
O-08776,2026-05-19,C-0780,EU,DACH,Hardware,Partner,11,1404.78,0.3500,10044.18,12544.40
O-08777,2026-05-19,C-0463,EU,UK & Ireland,Software,Online,46,314.51,0.3006,10117.99,4489.14
O-08778,2026-05-19,C-0018,EU,DACH,Support & CS,Partner,10,391.50,0.3500,2544.75,2270.60
O-08779,2026-05-19,C-0553,US,US Central,Software,Direct,72,172.22,0.3500,8059.90,3656.16
O-08780,2026-05-19,C-0384,US,US West,Support & CS,Direct,2,1678.83,0.3500,2182.48,1777.12
O-08781,2026-05-19,C-0190,EU,Benelux & Nordics,Software,Partner,114,468.90,0.3500,34745.49,16413.72
O-08782,2026-05-19,C-0678,APAC,Greater China,Services,Partner,10,338.35,0.3500,2199.28,2004.10
O-08783,2026-05-19,C-0670,APAC,Greater China,Software,Partner,85,518.86,0.3500,28667.01,12913.20
O-08784,2026-05-19,C-0352,US,US West,Services,Direct,42,211.87,0.3500,5784.05,5372.64
O-08785,2026-05-19,C-0511,US,US East,Hardware,Partner,16,3767.20,0.3492,39227.66,38748.16
O-08786,2026-05-19,C-0009,US,US West,Services,Partner,42,331.36,0.3326,9288.09,8159.34
O-08787,2026-05-19,C-0376,EU,DACH,Software,Partner,19,102.67,0.3500,1267.97,609.90
O-08788,2026-05-19,C-0800,US,US Central,Hardware,Partner,4,1937.06,0.3389,5122.37,4954.64
O-08789,2026-05-19,C-0510,US,US Central,Hardware,Partner,5,3432.01,0.3432,11270.13,10785.15
O-08790,2026-05-19,C-0242,APAC,Japan,Software,Direct,29,863.55,0.3500,16277.92,7442.85
O-08791,2026-05-19,C-0337,US,US East,Services,Partner,4,512.46,0.3500,1332.40,1225.64
O-08792,2026-05-19,C-0637,APAC,Greater China,Software,Direct,83,550.31,0.3500,29689.22,13849.38
O-08793,2026-05-19,C-0677,US,US East,Services,Partner,21,585.74,0.3412,8103.14,7435.26
O-08794,2026-05-19,C-0560,EU,UK & Ireland,Support & CS,Online,5,831.43,0.2732,3021.45,2351.20
O-08795,2026-05-19,C-0499,US,US West,Software,Partner,59,706.90,0.3500,27109.62,12318.02
O-08796,2026-05-19,C-0085,US,US East,Services,Direct,1,399.12,0.3500,259.43,236.39
O-08797,2026-05-19,C-0399,EU,DACH,Hardware,Direct,11,3134.49,0.3500,22411.60,27071.55
O-08798,2026-05-19,C-0768,EU,DACH,Hardware,Direct,3,1799.04,0.3500,3508.13,4253.13
O-08799,2026-05-19,C-0571,APAC,Southeast Asia,Services,Direct,28,298.61,0.3500,5434.70,5101.88
O-08800,2026-05-19,C-0556,US,US West,Services,Partner,28,264.60,0.3500,4815.72,4498.20
O-08801,2026-05-19,C-0529,EU,DACH,Hardware,Partner,8,2265.86,0.3500,11782.47,14264.96
O-08802,2026-05-19,C-0031,US,US Central,Services,Direct,36,607.95,0.3500,14226.03,13227.12
O-08803,2026-05-20,C-0449,APAC,Southeast Asia,Software,Partner,82,191.70,0.3500,10217.61,4770.76
O-08804,2026-05-20,C-0021,EU,DACH,Hardware,Partner,8,431.67,0.3500,2244.68,2668.24
O-08805,2026-05-20,C-0764,APAC,Greater China,Support & CS,Partner,4,1878.09,0.3470,4905.22,4149.80
O-08806,2026-05-20,C-0783,US,US Central,Support & CS,Partner,8,2265.00,0.3500,11778.00,9543.04
O-08807,2026-05-20,C-0096,US,US East,Hardware,Partner,18,503.06,0.3401,5975.24,5728.86
O-08808,2026-05-20,C-0631,APAC,ANZ,Hardware,Partner,11,1352.31,0.3500,9669.02,9705.52
O-08809,2026-05-20,C-0492,APAC,ANZ,Software,Partner,19,446.58,0.3473,5537.80,2562.91
O-08810,2026-05-20,C-0452,APAC,Southeast Asia,Hardware,Partner,14,3538.71,0.3321,33086.95,31959.20
O-08811,2026-05-20,C-0259,EU,Southern Europe,Hardware,Direct,1,1906.34,0.3500,1239.12,1479.37
O-08812,2026-05-20,C-0347,US,US East,Support & CS,Partner,7,665.65,0.3387,3081.39,2419.97
O-08813,2026-05-20,C-0730,US,US West,Hardware,Partner,9,947.91,0.3500,5545.27,5309.19
O-08814,2026-05-20,C-0572,EU,Southern Europe,Services,Direct,24,550.33,0.3500,8585.15,8677.92
O-08815,2026-05-20,C-0136,EU,UK & Ireland,Hardware,Partner,10,387.37,0.3500,2517.90,3139.60
O-08816,2026-05-20,C-0274,US,US East,Hardware,Partner,5,3201.51,0.3435,10508.35,10194.05
O-08817,2026-05-20,C-0446,EU,Southern Europe,Support & CS,Partner,8,1366.53,0.3500,7105.96,6463.36
O-08818,2026-05-20,C-0178,EU,DACH,Support & CS,Partner,4,470.03,0.3500,1222.08,1116.32
O-08819,2026-05-20,C-0511,US,US East,Software,Direct,11,278.29,0.3500,1989.77,894.74
O-08820,2026-05-20,C-0447,US,US East,Services,Partner,5,251.70,0.3422,827.83,751.85
O-08821,2026-05-20,C-0384,US,US West,Support & CS,Direct,8,721.91,0.3500,3753.93,3084.72
O-08822,2026-05-20,C-0032,EU,Southern Europe,Services,Partner,45,165.34,0.3500,4836.20,4898.25
O-08823,2026-05-20,C-0279,US,US East,Services,Partner,20,375.56,0.3500,4882.28,4520.40
O-08824,2026-05-20,C-0069,US,US East,Software,Partner,73,317.81,0.3500,15080.08,6929.89
O-08825,2026-05-20,C-0645,APAC,Southeast Asia,Hardware,Online,6,1533.27,0.2703,6713.32,5837.82
O-08826,2026-05-20,C-0632,APAC,Southeast Asia,Software,Online,6,877.75,0.2639,3876.53,1525.26
O-08827,2026-05-21,C-0536,APAC,Greater China,Support & CS,Partner,3,2082.08,0.3500,4060.06,3309.96
O-08828,2026-05-21,C-0212,APAC,ANZ,Software,Direct,51,459.19,0.3500,15222.15,6840.12
O-08829,2026-05-21,C-0266,US,US West,Services,Partner,13,347.26,0.3500,2934.35,2702.18
O-08830,2026-05-21,C-0350,EU,Benelux & Nordics,Hardware,Partner,5,1612.58,0.3500,5240.89,6237.90
O-08831,2026-05-21,C-0217,EU,UK & Ireland,Hardware,Online,12,3199.02,0.2916,27194.73,29980.80
O-08832,2026-05-21,C-0168,US,US Central,Services,Partner,37,306.10,0.3500,7361.71,6915.67
O-08833,2026-05-21,C-0223,EU,DACH,Support & CS,Direct,12,477.67,0.3500,3725.83,3274.08
O-08834,2026-05-21,C-0631,APAC,ANZ,Services,Partner,41,194.02,0.3500,5170.63,4995.44
O-08835,2026-05-21,C-0125,EU,DACH,Hardware,Partner,17,2449.24,0.3500,27064.10,32428.35
O-08836,2026-05-21,C-0696,APAC,Greater China,Services,Partner,16,429.03,0.3500,4461.91,4072.00
O-08837,2026-05-21,C-0338,EU,UK & Ireland,Software,Partner,56,737.77,0.3500,26854.83,12663.84
O-08838,2026-05-21,C-0727,EU,UK & Ireland,Support & CS,Partner,11,1920.68,0.3500,13732.86,12611.28
O-08839,2026-05-21,C-0678,APAC,Greater China,Hardware,Partner,12,3248.05,0.3500,25334.79,24748.80
O-08840,2026-05-21,C-0752,EU,Benelux & Nordics,Hardware,Online,9,2965.02,0.3074,18482.11,21234.78
O-08841,2026-05-21,C-0448,EU,UK & Ireland,Services,Partner,24,593.01,0.3500,9250.96,9650.16
O-08842,2026-05-21,C-0355,APAC,Southeast Asia,Hardware,Partner,6,1606.25,0.3500,6264.38,6337.20
O-08843,2026-05-21,C-0317,US,US East,Software,Partner,107,803.67,0.3500,55895.25,24705.23
O-08844,2026-05-21,C-0569,EU,UK & Ireland,Services,Direct,34,575.80,0.3500,12725.18,13047.50
O-08845,2026-05-21,C-0518,APAC,Southeast Asia,Services,Partner,41,431.67,0.3500,11504.01,10828.10
O-08846,2026-05-21,C-0609,EU,DACH,Software,Direct,116,841.12,0.3500,63420.45,29372.36
O-08847,2026-05-21,C-0452,APAC,Southeast Asia,Support & CS,Direct,9,2205.40,0.3500,12901.59,10626.57
O-08848,2026-05-21,C-0024,EU,UK & Ireland,Hardware,Partner,6,2307.13,0.3500,8997.81,11190.12
O-08849,2026-05-21,C-0605,EU,Benelux & Nordics,Services,Partner,28,300.77,0.3500,5474.01,5708.36
O-08850,2026-05-21,C-0393,EU,Southern Europe,Software,Direct,51,590.60,0.3500,19578.39,9349.83
O-08851,2026-05-21,C-0058,US,US Central,Hardware,Partner,17,3925.17,0.3500,43373.13,43074.60
O-08852,2026-05-21,C-0268,EU,UK & Ireland,Support & CS,Partner,8,1044.79,0.3500,5432.91,4842.72
O-08853,2026-05-21,C-0572,EU,Southern Europe,Support & CS,Direct,11,920.56,0.3500,6582.00,5727.37
O-08854,2026-05-22,C-0483,US,US East,Hardware,Online,2,2242.17,0.2767,3243.56,2843.96
O-08855,2026-05-22,C-0717,US,US East,Software,Partner,7,569.87,0.3389,2637.34,1134.91
O-08856,2026-05-22,C-0182,EU,UK & Ireland,Hardware,Online,2,4114.95,0.3049,5720.46,6564.10
O-08857,2026-05-22,C-0499,US,US West,Software,Online,112,535.12,0.2603,44330.88,17832.64
O-08858,2026-05-22,C-0296,EU,Southern Europe,Services,Direct,21,559.20,0.3500,7633.08,7937.79
O-08859,2026-05-22,C-0400,EU,UK & Ireland,Services,Partner,18,341.47,0.3500,3995.20,4135.68
O-08860,2026-05-22,C-0377,EU,DACH,Hardware,Partner,15,1653.38,0.3500,16120.46,19247.85
O-08861,2026-05-22,C-0156,EU,Southern Europe,Software,Direct,10,745.62,0.3500,4846.53,2256.00
O-08862,2026-05-22,C-0302,APAC,Southeast Asia,Hardware,Partner,4,422.06,0.3416,1111.54,1094.16
O-08863,2026-05-22,C-0139,EU,UK & Ireland,Services,Partner,1,635.77,0.3500,413.25,428.26
O-08864,2026-05-22,C-0283,APAC,Southeast Asia,Services,Partner,26,442.20,0.3500,7473.18,6863.74
O-08865,2026-05-22,C-0713,US,US Central,Software,Partner,34,359.22,0.3500,7938.76,3468.00
O-08866,2026-05-22,C-0659,EU,Benelux & Nordics,Hardware,Partner,13,1812.96,0.3500,15319.51,19156.80
O-08867,2026-05-22,C-0717,US,US East,Software,Partner,68,379.35,0.3312,17251.02,7660.88
O-08868,2026-05-22,C-0437,US,US West,Services,Direct,3,308.70,0.3500,601.96,566.79
O-08869,2026-05-22,C-0265,US,US Central,Support & CS,Partner,12,908.79,0.3500,7088.56,5967.24
O-08870,2026-05-22,C-0777,EU,UK & Ireland,Hardware,Partner,6,1251.80,0.3500,4882.02,6049.74
O-08871,2026-05-22,C-0384,US,US West,Software,Online,42,624.73,0.2488,19711.37,7645.68
O-08872,2026-05-22,C-0127,EU,UK & Ireland,Hardware,Direct,15,2952.32,0.3500,28785.12,35654.10
O-08873,2026-05-22,C-0153,EU,DACH,Services,Partner,11,437.85,0.3500,3130.63,3255.01
O-08874,2026-05-22,C-0076,APAC,Southeast Asia,Support & CS,Partner,10,1715.55,0.3421,11286.11,9052.50
O-08875,2026-05-22,C-0245,US,US East,Services,Partner,31,267.39,0.3500,5387.91,4960.31
O-08876,2026-05-22,C-0660,EU,Benelux & Nordics,Services,Partner,10,284.67,0.3500,1850.36,1953.70
O-08877,2026-05-22,C-0433,US,US Central,Software,Direct,8,121.32,0.3500,630.86,274.72
O-08878,2026-05-22,C-0700,EU,UK & Ireland,Hardware,Partner,10,3298.29,0.3500,21438.89,25737.60
O-08879,2026-05-22,C-0664,APAC,Japan,Support & CS,Partner,2,2183.35,0.3337,2909.40,2383.02
O-08880,2026-05-22,C-0210,EU,Southern Europe,Support & CS,Partner,8,1516.33,0.3500,7884.92,6905.52
O-08881,2026-05-22,C-0145,US,US East,Hardware,Partner,5,1354.08,0.3486,4410.42,4224.75
O-08882,2026-05-22,C-0481,APAC,ANZ,Software,Partner,76,765.19,0.3500,37800.39,17067.32
O-08883,2026-05-22,C-0227,US,US East,Hardware,Online,6,2697.78,0.2740,11752.19,10374.54
O-08884,2026-05-22,C-0490,US,US West,Hardware,Online,12,3668.07,0.2318,33815.42,28507.44
O-08885,2026-05-22,C-0788,EU,UK & Ireland,Software,Online,7,804.58,0.3103,3884.56,1703.52
O-08886,2026-05-22,C-0554,US,US East,Hardware,Partner,15,3677.82,0.3500,35858.75,35666.40
O-08887,2026-05-22,C-0305,EU,UK & Ireland,Services,Partner,26,200.77,0.3500,3393.01,3480.36
O-08888,2026-05-22,C-0292,APAC,Japan,Services,Partner,21,339.18,0.3500,4629.81,4263.00
O-08889,2026-05-22,C-0232,EU,Southern Europe,Services,Partner,44,360.68,0.3500,10315.45,10637.88
O-08890,2026-05-22,C-0491,US,US East,Hardware,Direct,18,2511.03,0.3500,29379.05,28108.26
O-08891,2026-05-22,C-0762,EU,Benelux & Nordics,Hardware,Partner,4,2594.36,0.3500,6745.34,8086.56
O-08892,2026-05-22,C-0177,APAC,Japan,Support & CS,Direct,6,1811.74,0.3500,7065.79,5963.40
O-08893,2026-05-22,C-0300,US,US West,Software,Direct,32,641.41,0.3500,13341.33,6034.56
O-08894,2026-05-22,C-0328,US,US Central,Hardware,Direct,11,1903.13,0.3500,13607.38,13447.50
O-08895,2026-05-23,C-0430,EU,UK & Ireland,Hardware,Direct,14,3725.53,0.3500,33902.32,42032.06
O-08896,2026-05-23,C-0482,APAC,Greater China,Hardware,Direct,1,1858.66,0.3500,1208.13,1235.75
O-08897,2026-05-23,C-0111,APAC,ANZ,Software,Partner,33,865.35,0.3348,18994.96,8607.39
O-08898,2026-05-23,C-0697,EU,Southern Europe,Software,Partner,38,168.71,0.3500,4167.14,2025.40
O-08899,2026-05-23,C-0616,US,US Central,Services,Partner,14,121.69,0.3334,1135.72,1028.30
O-08900,2026-05-23,C-0147,APAC,Greater China,Hardware,Partner,4,2509.41,0.3404,6620.99,6697.88
O-08901,2026-05-23,C-0110,EU,DACH,Software,Partner,76,771.02,0.3500,38088.39,18040.88
O-08902,2026-05-23,C-0623,EU,UK & Ireland,Software,Partner,67,269.20,0.3500,11723.66,5628.67
O-08903,2026-05-23,C-0277,EU,UK & Ireland,Support & CS,Partner,8,1163.51,0.3500,6050.25,5499.68
O-08904,2026-05-23,C-0158,US,US West,Hardware,Partner,5,3441.05,0.3410,11337.82,11107.40
O-08905,2026-05-23,C-0573,APAC,Southeast Asia,Software,Direct,29,203.30,0.3500,3832.21,1788.14
O-08906,2026-05-23,C-0767,US,US East,Hardware,Online,17,3523.67,0.2337,45901.68,39123.46
O-08907,2026-05-23,C-0699,US,US Central,Support & CS,Online,6,547.29,0.2776,2372.30,1799.16
O-08908,2026-05-23,C-0044,US,US West,Services,Partner,11,437.51,0.3331,3209.65,2933.04
O-08909,2026-05-23,C-0784,US,US Central,Hardware,Partner,16,2052.64,0.3500,21347.46,20708.16
O-08910,2026-05-23,C-0450,US,US East,Software,Direct,46,658.39,0.3500,19685.86,8722.52
O-08911,2026-05-23,C-0684,US,US East,Services,Direct,24,167.40,0.3500,2611.44,2389.68
O-08912,2026-05-23,C-0706,APAC,Japan,Services,Direct,4,424.18,0.3500,1102.87,1010.20
O-08913,2026-05-23,C-0781,APAC,Greater China,Hardware,Online,2,3711.34,0.2324,5697.99,4849.94
O-08914,2026-05-23,C-0466,US,US East,Hardware,Direct,1,1507.66,0.3500,979.98,991.88
O-08915,2026-05-23,C-0800,US,US Central,Services,Partner,23,124.02,0.3376,1889.58,1707.52
O-08916,2026-05-23,C-0541,APAC,ANZ,Hardware,Partner,1,2143.55,0.3500,1393.31,1410.64
O-08917,2026-05-23,C-0610,EU,Southern Europe,Support & CS,Partner,12,1404.68,0.3500,10956.50,9687.24
O-08918,2026-05-23,C-0076,APAC,Southeast Asia,Hardware,Partner,9,3193.13,0.3500,18679.81,18538.02
O-08919,2026-05-23,C-0270,APAC,Japan,Software,Direct,92,850.98,0.3500,50888.60,23531.76
O-08920,2026-05-23,C-0072,APAC,ANZ,Hardware,Partner,7,1533.23,0.3500,6976.20,7083.23
O-08921,2026-05-23,C-0075,EU,UK & Ireland,Software,Partner,28,427.47,0.3500,7779.95,3705.80
O-08922,2026-05-23,C-0021,EU,DACH,Hardware,Partner,16,2421.24,0.3500,25180.90,30486.08
O-08923,2026-05-23,C-0676,APAC,ANZ,Hardware,Partner,18,1564.38,0.3308,18843.09,18383.94
O-08924,2026-05-23,C-0031,US,US Central,Hardware,Partner,11,2029.07,0.3500,14507.85,13937.33
O-08925,2026-05-23,C-0194,US,US West,Software,Partner,21,695.45,0.3500,9492.89,4284.00
O-08926,2026-05-23,C-0315,APAC,Japan,Hardware,Direct,16,2029.24,0.3500,21104.10,21030.24
O-08927,2026-05-23,C-0387,US,US Central,Services,Partner,27,503.37,0.3390,8983.74,8367.84
O-08928,2026-05-23,C-0050,EU,Southern Europe,Software,Direct,47,440.59,0.3500,13460.02,6262.75
O-08929,2026-05-23,C-0797,US,US Central,Support & CS,Direct,12,1431.59,0.3500,11166.40,9295.08
O-08930,2026-05-23,C-0467,US,US Central,Hardware,Direct,16,2796.34,0.3500,29081.94,28891.36
O-08931,2026-05-23,C-0700,EU,UK & Ireland,Hardware,Online,11,371.33,0.2922,2890.96,3194.07
O-08932,2026-05-23,C-0141,EU,Benelux & Nordics,Hardware,Partner,2,2012.55,0.3500,2616.32,3201.60
O-08933,2026-05-23,C-0269,EU,UK & Ireland,Hardware,Online,9,3320.70,0.3116,20575.04,23874.93
O-08934,2026-05-23,C-0777,EU,UK & Ireland,Software,Direct,11,804.80,0.3500,5754.32,2674.98
O-08935,2026-05-23,C-0448,EU,UK & Ireland,Services,Partner,9,295.89,0.3500,1730.96,1757.61
O-08936,2026-05-23,C-0624,US,US West,Hardware,Partner,18,3181.56,0.3500,37224.25,36734.76
O-08937,2026-05-23,C-0346,EU,DACH,Services,Direct,45,506.67,0.3500,14820.10,15664.05
O-08938,2026-05-24,C-0042,APAC,ANZ,Hardware,Direct,10,2216.33,0.3500,14406.15,14041.10
O-08939,2026-05-24,C-0114,US,US Central,Software,Partner,42,429.94,0.3500,11737.36,5386.08
O-08940,2026-05-24,C-0099,US,US East,Software,Online,70,606.08,0.2597,31408.96,12696.60
O-08941,2026-05-24,C-0641,APAC,Greater China,Software,Partner,86,769.23,0.3409,43602.48,19028.36
O-08942,2026-05-24,C-0009,US,US West,Support & CS,Direct,7,695.34,0.3500,3163.80,2621.85
O-08943,2026-05-24,C-0326,EU,Benelux & Nordics,Services,Online,12,635.59,0.2950,5377.01,4968.96
O-08944,2026-05-24,C-0316,US,US East,Software,Online,64,365.39,0.2463,17625.23,6765.44
O-08945,2026-05-24,C-0368,EU,DACH,Services,Partner,10,312.80,0.3500,2033.20,2083.30
O-08946,2026-05-24,C-0079,EU,DACH,Software,Direct,103,713.30,0.3500,47755.43,23187.36
O-08947,2026-05-24,C-0769,US,US West,Hardware,Online,6,2125.18,0.2600,9435.74,8339.64
O-08948,2026-05-24,C-0300,US,US West,Services,Partner,20,437.62,0.3429,5751.06,5250.40
O-08949,2026-05-24,C-0467,US,US Central,Hardware,Partner,2,1960.80,0.3500,2549.04,2540.60
O-08950,2026-05-24,C-0562,US,US Central,Hardware,Online,15,2750.60,0.2584,30598.98,26890.65
O-08951,2026-05-24,C-0279,US,US East,Software,Direct,68,619.03,0.3500,27361.13,12177.44
O-08952,2026-05-24,C-0250,EU,Benelux & Nordics,Hardware,Partner,17,1888.95,0.3500,20872.90,25076.36
O-08953,2026-05-24,C-0353,APAC,Japan,Hardware,Direct,18,3386.18,0.3500,39618.31,40613.94
O-08954,2026-05-24,C-0108,APAC,Greater China,Software,Partner,26,328.75,0.3500,5555.88,2505.88
O-08955,2026-05-24,C-0192,APAC,Japan,Hardware,Partner,16,1983.94,0.3467,20736.70,20347.04
O-08956,2026-05-24,C-0009,US,US West,Software,Online,57,364.15,0.2420,15734.18,6151.44
O-08957,2026-05-24,C-0585,US,US West,Software,Online,47,866.08,0.2684,29779.99,11962.44
O-08958,2026-05-24,C-0451,EU,UK & Ireland,Software,Partner,90,302.81,0.3500,17714.39,8475.30
O-08959,2026-05-24,C-0756,US,US West,Software,Direct,94,892.03,0.3500,54503.03,23798.92
O-08960,2026-05-24,C-0730,US,US West,Software,Online,75,328.38,0.2572,18294.76,7222.50
O-08961,2026-05-24,C-0398,EU,DACH,Support & CS,Partner,8,626.65,0.3500,3258.58,2866.24
O-08962,2026-05-24,C-0692,US,US East,Services,Partner,29,306.03,0.3481,5785.85,5184.62
O-08963,2026-05-24,C-0326,EU,Benelux & Nordics,Software,Online,61,567.58,0.2959,24379.15,10644.50
O-08964,2026-05-24,C-0800,US,US Central,Support & CS,Direct,12,753.81,0.3500,5879.72,4955.88
O-08965,2026-05-24,C-0782,EU,Benelux & Nordics,Software,Direct,71,672.46,0.3500,31034.03,15094.60
O-08966,2026-05-24,C-0218,EU,DACH,Services,Partner,36,371.88,0.3500,8701.99,8907.12
O-08967,2026-05-24,C-0118,APAC,Japan,Software,Online,8,545.82,0.2476,3285.60,1326.64
O-08968,2026-05-24,C-0582,APAC,Greater China,Software,Online,111,674.91,0.2708,54625.65,21842.58
O-08969,2026-05-24,C-0157,US,US West,Hardware,Partner,8,3466.48,0.3500,18025.70,17648.00
O-08970,2026-05-24,C-0347,US,US East,Services,Partner,19,191.03,0.3410,2391.75,2221.86
O-08971,2026-05-24,C-0732,APAC,Japan,Software,Partner,98,839.47,0.3494,53525.23,24813.60
O-08972,2026-05-25,C-0039,US,US West,Services,Partner,13,179.72,0.3375,1547.93,1434.42
O-08973,2026-05-25,C-0714,US,US West,Software,Partner,11,750.17,0.3500,5363.72,2363.90
O-08974,2026-05-25,C-0216,APAC,Japan,Software,Direct,69,341.68,0.3500,15324.35,7064.22
O-08975,2026-05-25,C-0301,US,US Central,Services,Direct,4,591.26,0.3500,1537.28,1401.52
O-08976,2026-05-25,C-0508,APAC,ANZ,Hardware,Direct,16,1230.62,0.3500,12798.45,12953.28
O-08977,2026-05-25,C-0495,APAC,Southeast Asia,Software,Online,85,618.55,0.2563,39099.46,15691.00
O-08978,2026-05-25,C-0649,EU,DACH,Services,Partner,2,228.42,0.3500,296.95,301.70
O-08979,2026-05-25,C-0044,US,US West,Services,Online,1,203.69,0.2509,152.59,124.82
O-08980,2026-05-25,C-0336,EU,Benelux & Nordics,Hardware,Direct,7,1543.61,0.3500,7023.43,8421.00
O-08981,2026-05-25,C-0430,EU,UK & Ireland,Hardware,Partner,9,3316.72,0.3500,19402.81,23635.98
O-08982,2026-05-25,C-0065,EU,DACH,Services,Online,38,311.49,0.2797,8525.80,7690.44
O-08983,2026-05-25,C-0120,EU,Benelux & Nordics,Software,Partner,61,753.98,0.3500,29895.31,14448.46
O-08984,2026-05-25,C-0545,EU,Southern Europe,Hardware,Partner,4,3471.81,0.3500,9026.71,10852.20
O-08985,2026-05-25,C-0153,EU,DACH,Software,Partner,21,765.92,0.3500,10454.81,4985.82
O-08986,2026-05-25,C-0603,EU,UK & Ireland,Services,Partner,9,318.00,0.3500,1860.30,1885.23
O-08987,2026-05-25,C-0074,US,US West,Software,Partner,23,121.47,0.3500,1815.98,823.63
O-08988,2026-05-25,C-0642,EU,DACH,Services,Partner,7,164.52,0.3500,748.57,765.03
O-08989,2026-05-25,C-0006,EU,UK & Ireland,Support & CS,Partner,1,1696.06,0.3500,1102.44,963.42
O-08990,2026-05-25,C-0289,US,US West,Hardware,Direct,2,3318.06,0.3500,4313.48,4300.06
O-08991,2026-05-25,C-0577,US,US East,Support & CS,Partner,10,1685.74,0.3448,11045.12,9244.20
O-08992,2026-05-25,C-0234,APAC,Japan,Services,Partner,44,403.48,0.3500,11539.53,10749.20
O-08993,2026-05-25,C-0182,EU,UK & Ireland,Services,Partner,4,566.55,0.3500,1473.03,1466.88
O-08994,2026-05-25,C-0089,US,US West,Hardware,Direct,14,1551.86,0.3500,14121.93,14028.42
O-08995,2026-05-25,C-0435,APAC,Japan,Hardware,Online,4,3995.24,0.2766,11560.02,10105.88
O-08996,2026-05-25,C-0107,US,US Central,Hardware,Online,15,2931.89,0.2387,33479.28,28619.10
O-08997,2026-05-25,C-0151,EU,DACH,Hardware,Partner,17,2145.07,0.3500,23703.02,28922.61
O-08998,2026-05-25,C-0709,EU,Southern Europe,Software,Direct,72,123.86,0.3500,5796.65,2688.48
O-08999,2026-05-25,C-0176,APAC,Greater China,Support & CS,Partner,3,869.14,0.3369,1729.05,1389.51
O-09000,2026-05-25,C-0419,EU,UK & Ireland,Support & CS,Partner,2,1562.21,0.3500,2030.87,1811.96
O-09001,2026-05-25,C-0512,EU,Benelux & Nordics,Hardware,Partner,7,683.23,0.3500,3108.70,3860.57
O-09002,2026-05-26,C-0760,EU,Southern Europe,Hardware,Direct,17,472.22,0.3500,5218.03,6188.51
O-09003,2026-05-26,C-0451,EU,UK & Ireland,Support & CS,Partner,10,1577.57,0.3500,10254.20,8909.00
O-09004,2026-05-26,C-0470,EU,UK & Ireland,Hardware,Online,15,1810.59,0.2919,19230.38,21479.70
O-09005,2026-05-26,C-0490,US,US West,Services,Direct,45,619.71,0.3500,18126.52,17250.75
O-09006,2026-05-26,C-0792,EU,Benelux & Nordics,Services,Partner,43,579.95,0.3500,16209.60,16811.28
O-09007,2026-05-26,C-0275,EU,UK & Ireland,Software,Partner,115,780.27,0.3500,58325.18,27754.10
O-09008,2026-05-26,C-0313,US,US East,Support & CS,Partner,12,2162.12,0.3500,16864.54,13641.72
O-09009,2026-05-26,C-0466,US,US East,Hardware,Direct,18,2802.36,0.3500,32787.61,32536.80
O-09010,2026-05-26,C-0176,APAC,Greater China,Hardware,Direct,13,3163.31,0.3500,26729.97,26836.42
O-09011,2026-05-26,C-0696,APAC,Greater China,Software,Partner,108,177.01,0.3493,12438.65,5495.04
O-09012,2026-05-26,C-0322,US,US Central,Software,Direct,103,442.42,0.3500,29620.02,13348.80
O-09013,2026-05-26,C-0769,US,US West,Software,Partner,95,484.50,0.3500,29917.88,13504.25
O-09014,2026-05-26,C-0537,EU,UK & Ireland,Software,Partner,51,575.69,0.3500,19084.12,9174.90
O-09015,2026-05-26,C-0706,APAC,Japan,Hardware,Partner,5,2581.37,0.3500,8389.45,8143.60
O-09016,2026-05-26,C-0750,US,US Central,Services,Direct,35,468.28,0.3500,10653.37,9986.90
O-09017,2026-05-26,C-0708,EU,DACH,Hardware,Online,1,1024.56,0.2860,731.56,817.57
O-09018,2026-05-26,C-0675,APAC,Japan,Software,Partner,52,732.57,0.3500,24760.87,11567.40
O-09019,2026-05-26,C-0205,US,US East,Hardware,Partner,3,2928.92,0.3500,5711.39,5514.36
O-09020,2026-05-26,C-0676,APAC,ANZ,Support & CS,Online,10,914.13,0.2495,6860.33,4821.80
O-09021,2026-05-26,C-0375,US,US Central,Hardware,Direct,9,1751.07,0.3500,10243.76,10104.30
O-09022,2026-05-26,C-0681,EU,DACH,Software,Direct,69,518.91,0.3500,23273.11,10697.07
O-09023,2026-05-26,C-0388,US,US East,Hardware,Direct,13,1940.87,0.3500,16400.35,15948.14
O-09024,2026-05-26,C-0096,US,US East,Hardware,Partner,12,3865.61,0.3456,30354.43,30093.96
O-09025,2026-05-26,C-0451,EU,UK & Ireland,Services,Online,39,593.34,0.2794,16674.18,15175.29
O-09026,2026-05-26,C-0677,US,US East,Support & CS,Partner,4,1670.42,0.3487,4351.88,3580.48
O-09027,2026-05-26,C-0118,APAC,Japan,Support & CS,Direct,10,2351.41,0.3500,15284.16,12958.80
O-09028,2026-05-26,C-0666,US,US East,Hardware,Partner,2,3623.27,0.3469,4732.40,4505.30
O-09029,2026-05-27,C-0317,US,US East,Hardware,Online,6,1460.23,0.2778,6327.19,5478.84
O-09030,2026-05-27,C-0160,APAC,ANZ,Software,Partner,44,67.12,0.3478,1926.03,861.08
O-09031,2026-05-27,C-0712,EU,Southern Europe,Hardware,Partner,6,3775.50,0.3500,14724.45,18356.22
O-09032,2026-05-27,C-0439,US,US West,Software,Partner,75,329.76,0.3500,16075.80,7233.75
O-09033,2026-05-27,C-0079,EU,DACH,Hardware,Partner,4,1385.82,0.3500,3603.13,4390.80
O-09034,2026-05-27,C-0589,EU,DACH,Services,Partner,13,301.58,0.3500,2548.35,2672.15
O-09035,2026-05-27,C-0477,EU,UK & Ireland,Hardware,Online,18,902.97,0.3029,11329.55,12594.42
O-09036,2026-05-27,C-0709,EU,Southern Europe,Hardware,Direct,17,2759.95,0.3500,30497.45,38040.73
O-09037,2026-05-27,C-0379,APAC,Greater China,Software,Partner,57,148.93,0.3500,5517.86,2523.39
O-09038,2026-05-27,C-0652,US,US West,Services,Partner,11,397.23,0.3496,2842.11,2632.08
O-09039,2026-05-27,C-0182,EU,UK & Ireland,Software,Partner,28,160.76,0.3500,2925.83,1363.88
O-09040,2026-05-27,C-0240,US,US West,Software,Direct,74,778.43,0.3500,37442.48,16484.98
O-09041,2026-05-27,C-0062,EU,UK & Ireland,Support & CS,Direct,7,1262.07,0.3500,5742.42,5102.86
O-09042,2026-05-27,C-0089,US,US West,Support & CS,Partner,12,2135.96,0.3470,16737.52,13278.12
O-09043,2026-05-27,C-0370,EU,UK & Ireland,Services,Partner,32,617.72,0.3500,12848.58,13320.96
O-09044,2026-05-27,C-0519,US,US East,Software,Direct,108,397.95,0.3500,27936.09,12210.48
O-09045,2026-05-27,C-0505,APAC,Greater China,Services,Partner,15,133.19,0.3343,1330.06,1196.10
O-09046,2026-05-27,C-0549,EU,UK & Ireland,Software,Online,96,660.70,0.2901,45029.85,19038.72
O-09047,2026-05-27,C-0299,EU,Southern Europe,Software,Partner,116,630.82,0.3500,47563.83,23080.52
O-09048,2026-05-27,C-0341,EU,UK & Ireland,Software,Partner,65,464.94,0.3500,19643.72,9434.10
O-09049,2026-05-27,C-0103,US,US East,Services,Partner,22,425.74,0.3500,6088.08,5536.30
O-09050,2026-05-27,C-0529,EU,DACH,Services,Online,33,480.89,0.2962,11169.20,10824.00
O-09051,2026-05-27,C-0629,US,US East,Services,Online,5,542.99,0.2652,1994.88,1648.30
O-09052,2026-05-27,C-0548,US,US Central,Hardware,Partner,12,2174.60,0.3500,16961.88,17101.08
O-09053,2026-05-27,C-0181,US,US East,Software,Partner,102,531.84,0.3404,35782.77,15822.24
O-09054,2026-05-27,C-0246,US,US East,Services,Partner,19,397.57,0.3305,5057.57,4514.40
O-09055,2026-05-27,C-0280,US,US East,Hardware,Partner,1,483.08,0.3460,315.91,318.10
O-09056,2026-05-27,C-0061,US,US Central,Support & CS,Online,9,2214.82,0.2466,15017.54,10639.62
O-09057,2026-05-27,C-0109,US,US East,Hardware,Direct,15,3097.05,0.3500,30196.24,30019.35
O-09058,2026-05-28,C-0372,US,US East,Hardware,Direct,7,3747.81,0.3500,17052.54,16621.99
O-09059,2026-05-28,C-0120,EU,Benelux & Nordics,Hardware,Partner,12,2408.31,0.3500,18784.82,22269.60
O-09060,2026-05-28,C-0012,US,US East,Hardware,Direct,4,2438.13,0.3500,6339.14,6377.16
O-09061,2026-05-28,C-0453,US,US West,Software,Direct,23,718.29,0.3500,10738.44,4804.24
O-09062,2026-05-28,C-0194,US,US West,Services,Direct,5,532.69,0.3500,1731.24,1644.90
O-09063,2026-05-28,C-0478,EU,UK & Ireland,Support & CS,Partner,1,618.46,0.3500,402.00,352.07
O-09064,2026-05-28,C-0772,EU,DACH,Software,Online,96,679.59,0.2768,47184.58,20086.08
O-09065,2026-05-28,C-0131,EU,DACH,Support & CS,Online,2,1050.89,0.3186,1432.11,1220.50
O-09066,2026-05-28,C-0587,EU,UK & Ireland,Hardware,Online,4,699.71,0.2872,1994.98,2167.56
O-09067,2026-05-28,C-0235,EU,Southern Europe,Hardware,Partner,18,613.02,0.3500,7172.33,8712.00
O-09068,2026-05-28,C-0176,APAC,Greater China,Software,Direct,70,534.20,0.3500,24306.10,10999.10
O-09069,2026-05-28,C-0426,EU,Southern Europe,Software,Partner,73,688.84,0.3500,32685.46,15786.25
O-09070,2026-05-28,C-0246,US,US East,Support & CS,Direct,5,897.78,0.3500,2917.78,2395.25
O-09071,2026-05-28,C-0149,EU,Southern Europe,Services,Partner,39,358.83,0.3500,9096.34,9364.29
O-09072,2026-05-28,C-0278,EU,Southern Europe,Services,Partner,45,494.19,0.3500,14455.06,15169.05
O-09073,2026-05-28,C-0227,US,US East,Services,Partner,41,648.76,0.3326,17751.84,15666.10
O-09074,2026-05-28,C-0456,EU,Southern Europe,Support & CS,Partner,7,857.84,0.3500,3903.17,3428.46
O-09075,2026-05-28,C-0703,EU,DACH,Hardware,Partner,4,3212.64,0.3500,8352.86,10320.96
O-09076,2026-05-28,C-0508,APAC,ANZ,Software,Partner,46,813.10,0.3420,24610.93,11137.06
O-09077,2026-05-28,C-0093,US,US West,Support & CS,Partner,11,1487.79,0.3500,10637.70,8740.05
O-09078,2026-05-28,C-0006,EU,UK & Ireland,Software,Direct,18,774.67,0.3500,9063.64,4289.76
O-09079,2026-05-28,C-0633,US,US Central,Hardware,Partner,10,1299.12,0.3500,8444.28,8323.10
O-09080,2026-05-28,C-0401,US,US East,Hardware,Direct,9,3963.77,0.3500,23188.05,22539.42
O-09081,2026-05-28,C-0496,EU,Benelux & Nordics,Support & CS,Online,7,1790.88,0.3127,8615.73,7242.90
O-09082,2026-05-28,C-0630,US,US Central,Hardware,Partner,15,772.77,0.3463,7577.92,7572.15
O-09083,2026-05-28,C-0658,US,US East,Services,Direct,35,379.27,0.3500,8628.39,8163.75
O-09084,2026-05-28,C-0078,EU,UK & Ireland,Software,Direct,19,658.37,0.3500,8130.87,3832.87
O-09085,2026-05-28,C-0786,APAC,ANZ,Hardware,Partner,4,1603.78,0.3500,4169.83,4090.76
O-09086,2026-05-28,C-0587,EU,UK & Ireland,Services,Direct,10,170.34,0.3500,1107.21,1156.30
O-09087,2026-05-28,C-0294,EU,Southern Europe,Software,Partner,81,688.52,0.3500,36250.58,17039.97
O-09088,2026-05-28,C-0225,US,US East,Software,Direct,12,706.79,0.3500,5512.96,2475.60
O-09089,2026-05-28,C-0070,US,US West,Hardware,Direct,17,1201.64,0.3500,13278.12,12812.73
O-09090,2026-05-28,C-0271,EU,DACH,Software,Partner,99,863.02,0.3500,55535.34,25831.08
O-09091,2026-05-28,C-0379,APAC,Greater China,Support & CS,Partner,4,1472.93,0.3500,3829.62,3194.36
O-09092,2026-05-29,C-0475,APAC,Japan,Hardware,Partner,10,1179.99,0.3500,7669.94,7665.20
O-09093,2026-05-29,C-0461,EU,Benelux & Nordics,Hardware,Partner,7,696.37,0.3500,3168.48,3807.79
O-09094,2026-05-29,C-0167,EU,UK & Ireland,Software,Partner,44,852.42,0.3500,24379.21,11749.76
O-09095,2026-05-29,C-0408,US,US East,Hardware,Partner,18,2885.17,0.3491,33801.18,32872.14
O-09096,2026-05-29,C-0146,US,US West,Hardware,Direct,10,504.99,0.3500,3282.43,3281.00
O-09097,2026-05-29,C-0067,EU,UK & Ireland,Software,Partner,8,709.84,0.3500,3691.17,1750.08
O-09098,2026-05-29,C-0015,US,US East,Hardware,Partner,17,3693.90,0.3500,40817.60,40855.25
O-09099,2026-05-29,C-0064,EU,UK & Ireland,Hardware,Direct,9,1549.23,0.3500,9063.00,11190.24
O-09100,2026-05-29,C-0038,US,US West,Services,Online,1,470.88,0.2743,341.72,281.18
O-09101,2026-05-29,C-0663,EU,DACH,Hardware,Partner,2,4096.35,0.3500,5325.26,6388.90
O-09102,2026-05-29,C-0055,EU,UK & Ireland,Hardware,Partner,18,1575.28,0.3500,18430.78,22277.70
O-09103,2026-05-29,C-0100,EU,DACH,Hardware,Partner,14,1990.87,0.3500,18116.92,21916.58
O-09104,2026-05-29,C-0318,US,US East,Hardware,Direct,7,1971.81,0.3500,8971.74,9090.90
O-09105,2026-05-29,C-0536,APAC,Greater China,Software,Online,83,633.82,0.2683,38492.70,15716.05
O-09106,2026-05-29,C-0582,APAC,Greater China,Software,Partner,97,666.41,0.3500,42017.15,18718.09
O-09107,2026-05-29,C-0452,APAC,Southeast Asia,Support & CS,Partner,4,1187.14,0.3500,3086.56,2529.84
O-09108,2026-05-29,C-0292,APAC,Japan,Hardware,Partner,10,3023.03,0.3500,19649.70,19495.00
O-09109,2026-05-29,C-0210,EU,Southern Europe,Support & CS,Direct,6,1997.98,0.3500,7792.12,6806.10
O-09110,2026-05-29,C-0095,US,US East,Support & CS,Direct,7,2328.71,0.3500,10595.63,8957.48
O-09111,2026-05-29,C-0210,EU,Southern Europe,Software,Online,13,813.35,0.3111,7284.19,3251.30
O-09112,2026-05-29,C-0003,US,US West,Support & CS,Direct,4,313.11,0.3500,814.09,672.08
O-09113,2026-05-29,C-0159,EU,Southern Europe,Hardware,Direct,10,3303.61,0.3500,21473.47,25814.30
O-09114,2026-05-29,C-0583,EU,Benelux & Nordics,Services,Partner,1,275.14,0.3500,178.84,184.52
O-09115,2026-05-29,C-0540,US,US Central,Software,Partner,11,390.75,0.3500,2793.86,1220.23
O-09116,2026-05-29,C-0320,US,US East,Services,Partner,17,521.27,0.3493,5765.89,5451.05
O-09117,2026-05-29,C-0793,US,US East,Services,Partner,13,149.94,0.3500,1266.99,1151.28
O-09118,2026-05-29,C-0089,US,US West,Services,Partner,44,359.12,0.3407,10417.05,9628.52
O-09119,2026-05-29,C-0717,US,US East,Hardware,Partner,17,2195.72,0.3406,24615.44,23226.25
O-09120,2026-05-30,C-0540,US,US Central,Support & CS,Partner,10,2221.79,0.3459,14533.29,11896.80
O-09121,2026-05-30,C-0086,EU,UK & Ireland,Software,Partner,112,774.28,0.3500,56367.58,26294.24
O-09122,2026-05-30,C-0060,EU,DACH,Hardware,Partner,15,1600.92,0.3500,15608.97,19249.35
O-09123,2026-05-30,C-0395,US,US West,Software,Online,62,803.75,0.2538,37183.92,14559.46
O-09124,2026-05-30,C-0534,EU,UK & Ireland,Services,Online,26,555.59,0.3079,9997.76,9353.76
O-09125,2026-05-30,C-0256,US,US Central,Services,Online,19,425.50,0.2784,5833.89,4776.03
O-09126,2026-05-30,C-0716,APAC,Southeast Asia,Hardware,Direct,17,3674.24,0.3500,40600.35,39777.62
O-09127,2026-05-30,C-0291,EU,UK & Ireland,Hardware,Online,2,2520.01,0.2737,3660.59,4019.62
O-09128,2026-05-30,C-0745,APAC,Southeast Asia,Services,Partner,45,630.49,0.3487,18477.34,17039.25
O-09129,2026-05-30,C-0587,EU,UK & Ireland,Software,Direct,37,842.18,0.3500,20254.43,9768.37
O-09130,2026-05-30,C-0672,EU,Southern Europe,Support & CS,Partner,1,1475.23,0.3500,958.90,853.79
O-09131,2026-05-30,C-0551,EU,UK & Ireland,Services,Partner,42,187.83,0.3500,5127.76,5370.54
O-09132,2026-05-30,C-0140,EU,Southern Europe,Software,Partner,28,432.05,0.3500,7863.31,3812.20
O-09133,2026-05-30,C-0732,APAC,Japan,Software,Online,111,685.26,0.2715,55409.41,22899.30
O-09134,2026-05-30,C-0335,US,US West,Software,Direct,112,815.88,0.3500,59396.06,26414.08
O-09135,2026-05-30,C-0086,EU,UK & Ireland,Support & CS,Direct,5,2103.56,0.3500,6836.57,6120.45
O-09136,2026-05-30,C-0228,APAC,Japan,Software,Online,102,475.72,0.2710,35372.54,14256.54
O-09137,2026-05-30,C-0088,EU,DACH,Hardware,Partner,2,2049.76,0.3500,2664.69,3212.88
O-09138,2026-05-30,C-0221,APAC,ANZ,Hardware,Partner,1,766.08,0.3451,501.71,484.32
O-09139,2026-05-30,C-0591,EU,DACH,Hardware,Direct,17,3076.59,0.3500,33996.32,41234.69
O-09140,2026-05-30,C-0481,APAC,ANZ,Software,Direct,90,124.44,0.3500,7279.74,3350.70
O-09141,2026-05-30,C-0077,EU,UK & Ireland,Software,Partner,95,146.50,0.3500,9046.38,4194.25
O-09142,2026-05-30,C-0629,US,US East,Software,Partner,81,185.33,0.3500,9757.62,4268.70
O-09143,2026-05-30,C-0653,APAC,Southeast Asia,Services,Direct,30,306.62,0.3500,5979.09,5785.50
O-09144,2026-05-30,C-0555,APAC,Southeast Asia,Software,Partner,94,310.42,0.3411,19224.95,8811.56
O-09145,2026-05-30,C-0570,EU,Southern Europe,Services,Direct,11,434.82,0.3500,3108.96,3284.71
O-09146,2026-05-30,C-0632,APAC,Southeast Asia,Hardware,Direct,1,1124.08,0.3500,730.65,729.02
O-09147,2026-05-30,C-0618,EU,DACH,Hardware,Direct,3,502.71,0.3500,980.28,1176.54
O-09148,2026-05-30,C-0256,US,US Central,Software,Online,82,817.37,0.2374,51110.22,18929.70
O-09149,2026-05-30,C-0640,EU,DACH,Software,Partner,30,125.26,0.3500,2442.57,1163.70
O-09150,2026-05-31,C-0114,US,US Central,Hardware,Direct,17,4136.78,0.3500,45711.42,45786.10
O-09151,2026-05-31,C-0317,US,US East,Software,Direct,73,120.19,0.3500,5703.02,2590.77
O-09152,2026-05-31,C-0713,US,US Central,Software,Partner,96,590.29,0.3347,37701.10,16375.68
O-09153,2026-05-31,C-0386,US,US East,Hardware,Online,7,1076.37,0.2537,5622.78,4818.59
O-09154,2026-05-31,C-0222,US,US Central,Hardware,Partner,11,1719.81,0.3500,12296.64,12120.68
O-09155,2026-05-31,C-0318,US,US East,Support & CS,Direct,8,1398.49,0.3500,7272.15,6115.20
O-09156,2026-05-31,C-0060,EU,DACH,Support & CS,Online,12,358.24,0.3196,2924.87,2471.88
O-09157,2026-05-31,C-0520,APAC,ANZ,Software,Partner,18,174.54,0.3357,2086.92,941.22
O-09158,2026-05-31,C-0350,EU,Benelux & Nordics,Services,Partner,5,527.35,0.3500,1713.89,1734.45
O-09159,2026-05-31,C-0666,US,US East,Services,Partner,38,344.84,0.3500,8517.55,7764.16
O-09160,2026-05-31,C-0140,EU,Southern Europe,Hardware,Partner,10,3871.75,0.3500,25166.38,31176.00
O-09161,2026-05-31,C-0545,EU,Southern Europe,Software,Partner,92,207.84,0.3500,12428.83,5725.16
O-09162,2026-05-31,C-0336,EU,Benelux & Nordics,Hardware,Direct,16,1933.22,0.3500,20105.49,23730.40
O-09163,2026-05-31,C-0581,APAC,Southeast Asia,Software,Partner,79,117.22,0.3368,6141.85,2791.07
O-09164,2026-05-31,C-0097,APAC,ANZ,Hardware,Partner,15,3500.25,0.3434,34475.34,34148.10
O-09165,2026-05-31,C-0673,US,US West,Services,Direct,9,403.41,0.3500,2359.95,2190.24
O-09166,2026-05-31,C-0415,EU,Benelux & Nordics,Hardware,Online,13,1026.87,0.2831,9569.65,10363.99
O-09167,2026-05-31,C-0223,EU,DACH,Hardware,Partner,7,3270.55,0.3500,14881.00,17963.96
O-09168,2026-05-31,C-0291,EU,UK & Ireland,Hardware,Partner,10,2376.80,0.3500,15449.20,18343.20
O-09169,2026-05-31,C-0586,APAC,Southeast Asia,Services,Direct,15,603.82,0.3500,5887.25,5475.60
O-09170,2026-05-31,C-0290,EU,Southern Europe,Services,Partner,10,238.51,0.3500,1550.32,1589.80
O-09171,2026-05-31,C-0108,APAC,Greater China,Services,Direct,29,209.86,0.3500,3955.86,3620.65
O-09172,2026-05-31,C-0781,APAC,Greater China,Services,Partner,23,557.82,0.3330,8557.79,7933.62
O-09173,2026-05-31,C-0238,EU,DACH,Software,Direct,9,430.15,0.3500,2516.38,1199.79
O-09174,2026-05-31,C-0769,US,US West,Hardware,Online,2,2080.67,0.2520,3112.61,2703.24
O-09175,2026-06-01,C-0459,EU,UK & Ireland,Software,Partner,11,303.48,0.3500,2169.88,1053.58
O-09176,2026-06-01,C-0338,EU,UK & Ireland,Software,Online,67,477.71,0.3014,22359.20,9627.90
O-09177,2026-06-01,C-0605,EU,Benelux & Nordics,Software,Partner,21,801.87,0.3500,10945.53,5144.79
O-09178,2026-06-01,C-0636,APAC,Japan,Hardware,Partner,9,3847.66,0.3350,23026.93,22084.29
O-09179,2026-06-01,C-0456,EU,Southern Europe,Hardware,Partner,12,3538.52,0.3500,27600.46,34520.40
O-09180,2026-06-01,C-0529,EU,DACH,Hardware,Partner,12,403.71,0.3500,3148.94,3866.64
O-09181,2026-06-01,C-0622,US,US East,Hardware,Partner,1,3915.98,0.3500,2545.39,2581.65
O-09182,2026-06-01,C-0002,APAC,Japan,Support & CS,Partner,11,1172.42,0.3453,8442.95,6917.90
O-09183,2026-06-01,C-0295,US,US East,Hardware,Partner,3,1758.99,0.3483,3439.22,3292.11
O-09184,2026-06-01,C-0511,US,US East,Services,Partner,36,480.27,0.3500,11238.32,10329.48
O-09185,2026-06-01,C-0063,EU,UK & Ireland,Software,Direct,19,163.38,0.3500,2017.74,940.50
O-09186,2026-06-01,C-0453,US,US West,Hardware,Direct,9,793.92,0.3500,4644.43,4647.96
O-09187,2026-06-01,C-0177,APAC,Japan,Software,Partner,97,857.20,0.3500,54046.46,24250.97
O-09188,2026-06-01,C-0300,US,US West,Software,Partner,8,670.27,0.3306,3589.48,1518.40
O-09189,2026-06-01,C-0203,APAC,Japan,Support & CS,Partner,2,1889.17,0.3440,2478.70,2028.66
O-09190,2026-06-01,C-0654,APAC,ANZ,Services,Partner,36,600.30,0.3500,14047.02,13189.32
O-09191,2026-06-01,C-0121,US,US East,Software,Direct,112,858.98,0.3500,62533.74,27291.04
O-09192,2026-06-01,C-0510,US,US Central,Services,Online,10,535.83,0.2491,4023.37,3237.10
O-09193,2026-06-01,C-0504,APAC,Japan,Support & CS,Partner,4,1337.64,0.3500,3477.86,2912.88
O-09194,2026-06-01,C-0047,EU,Benelux & Nordics,Hardware,Partner,18,979.99,0.3500,11465.88,14070.96
O-09195,2026-06-01,C-0133,US,US West,Hardware,Direct,2,2038.88,0.3500,2650.54,2660.42
O-09196,2026-06-01,C-0622,US,US East,Hardware,Partner,9,3307.61,0.3500,19349.52,19607.94
O-09197,2026-06-01,C-0439,US,US West,Hardware,Partner,18,806.98,0.3500,9441.67,9392.58
O-09198,2026-06-01,C-0580,EU,Benelux & Nordics,Software,Online,71,626.72,0.3162,30425.37,13763.35
O-09199,2026-06-02,C-0712,EU,Southern Europe,Hardware,Online,10,2710.20,0.3152,18560.01,21468.70
O-09200,2026-06-02,C-0796,APAC,Southeast Asia,Hardware,Online,18,2564.63,0.2404,35067.64,30340.26
O-09201,2026-06-02,C-0352,US,US West,Services,Direct,6,600.82,0.3500,2343.20,2122.80
O-09202,2026-06-02,C-0552,EU,UK & Ireland,Services,Direct,34,233.48,0.3500,5159.91,5194.86
O-09203,2026-06-02,C-0548,US,US Central,Support & CS,Partner,5,2081.17,0.3406,6861.68,5645.05
O-09204,2026-06-02,C-0511,US,US East,Services,Online,5,231.46,0.2510,866.82,712.45
O-09205,2026-06-02,C-0026,EU,Southern Europe,Hardware,Partner,11,3573.50,0.3500,25550.53,30730.48
O-09206,2026-06-02,C-0126,EU,UK & Ireland,Software,Partner,115,432.29,0.3500,32313.68,15324.90
O-09207,2026-06-02,C-0330,US,US West,Software,Partner,118,410.89,0.3500,31515.26,14064.42
O-09208,2026-06-02,C-0063,EU,UK & Ireland,Hardware,Partner,10,1751.53,0.3500,11384.94,13809.20
O-09209,2026-06-02,C-0563,EU,UK & Ireland,Software,Online,25,778.68,0.2759,14095.65,5862.00
O-09210,2026-06-02,C-0466,US,US East,Software,Partner,70,735.51,0.3481,33563.40,14590.80
O-09211,2026-06-02,C-0399,EU,DACH,Hardware,Partner,17,3586.38,0.3500,39629.50,48481.45
O-09212,2026-06-02,C-0038,US,US West,Hardware,Partner,13,2439.59,0.3500,20614.54,19952.92
O-09213,2026-06-02,C-0697,EU,Southern Europe,Software,Direct,83,672.44,0.3500,36278.14,17185.98
O-09214,2026-06-02,C-0227,US,US East,Hardware,Partner,6,3234.99,0.3500,12616.46,12187.08
O-09215,2026-06-02,C-0337,US,US East,Services,Partner,12,477.86,0.3500,3727.31,3426.24
O-09216,2026-06-02,C-0562,US,US Central,Support & CS,Partner,2,2260.11,0.3500,2938.14,2456.04
O-09217,2026-06-02,C-0330,US,US West,Services,Partner,22,445.04,0.3500,6364.07,6018.98
O-09218,2026-06-02,C-0335,US,US West,Services,Direct,6,201.46,0.3500,785.69,714.36
O-09219,2026-06-02,C-0659,EU,Benelux & Nordics,Software,Online,116,501.53,0.3186,39642.00,17986.96
O-09220,2026-06-02,C-0417,US,US West,Hardware,Partner,16,2387.50,0.3500,24830.00,24463.20
O-09221,2026-06-02,C-0453,US,US West,Hardware,Partner,9,2584.54,0.3448,15239.93,15047.82
O-09222,2026-06-02,C-0200,EU,UK & Ireland,Hardware,Partner,9,978.29,0.3500,5723.00,7122.15
O-09223,2026-06-02,C-0789,APAC,Greater China,Support & CS,Partner,8,1364.63,0.3306,7307.80,6039.28
O-09224,2026-06-03,C-0317,US,US East,Software,Online,89,175.30,0.2665,11443.93,4547.01
O-09225,2026-06-03,C-0202,EU,UK & Ireland,Hardware,Direct,17,1069.41,0.3500,11816.98,14038.94
O-09226,2026-06-03,C-0398,EU,DACH,Software,Partner,55,117.30,0.3500,4193.48,1982.20
O-09227,2026-06-03,C-0109,US,US East,Support & CS,Partner,2,1191.60,0.3500,1549.08,1308.56
O-09228,2026-06-03,C-0580,EU,Benelux & Nordics,Support & CS,Partner,6,1872.76,0.3500,7303.76,6454.32
O-09229,2026-06-03,C-0409,US,US East,Services,Online,27,539.92,0.2525,10897.10,8738.82
O-09230,2026-06-03,C-0254,EU,DACH,Support & CS,Online,3,1246.95,0.2975,2627.81,2227.98
O-09231,2026-06-03,C-0772,EU,DACH,Hardware,Partner,18,3462.44,0.3500,40510.55,48913.56
O-09232,2026-06-03,C-0400,EU,UK & Ireland,Services,Partner,40,259.08,0.3500,6736.08,6826.40
O-09233,2026-06-03,C-0059,EU,UK & Ireland,Hardware,Direct,6,507.95,0.3500,1981.00,2353.86
O-09234,2026-06-03,C-0725,EU,Southern Europe,Services,Partner,3,194.39,0.3500,379.06,377.37
O-09235,2026-06-03,C-0674,EU,DACH,Software,Partner,104,339.64,0.3500,22959.66,10990.72
O-09236,2026-06-03,C-0018,EU,DACH,Support & CS,Partner,7,851.60,0.3500,3874.78,3552.71
O-09237,2026-06-03,C-0774,US,US East,Services,Partner,42,605.63,0.3444,16676.88,14992.74
O-09238,2026-06-03,C-0741,APAC,Greater China,Hardware,Partner,3,3095.12,0.3500,6035.48,6093.24
O-09239,2026-06-03,C-0473,EU,Southern Europe,Software,Partner,53,504.52,0.3500,17380.71,8275.42
O-09240,2026-06-03,C-0655,EU,DACH,Hardware,Online,16,2139.17,0.2738,24854.66,27526.08
O-09241,2026-06-03,C-0529,EU,DACH,Support & CS,Partner,6,2005.31,0.3500,7820.71,6937.20
O-09242,2026-06-03,C-0050,EU,Southern Europe,Hardware,Partner,3,3107.75,0.3500,6060.11,7566.27
O-09243,2026-06-03,C-0024,EU,UK & Ireland,Services,Online,1,490.55,0.3045,341.17,330.29
O-09244,2026-06-03,C-0512,EU,Benelux & Nordics,Hardware,Partner,11,2398.32,0.3500,17147.99,20288.62
O-09245,2026-06-03,C-0616,US,US Central,Services,Direct,43,201.39,0.3500,5628.85,5054.65
O-09246,2026-06-03,C-0570,EU,Southern Europe,Software,Partner,30,93.40,0.3500,1821.30,854.10
O-09247,2026-06-04,C-0077,EU,UK & Ireland,Software,Partner,86,230.99,0.3500,12912.34,6228.12
O-09248,2026-06-04,C-0464,US,US East,Hardware,Partner,7,1064.71,0.3329,4971.51,4681.67
O-09249,2026-06-04,C-0356,US,US West,Services,Partner,43,564.86,0.3381,16077.08,14482.40
O-09250,2026-06-04,C-0316,US,US East,Hardware,Direct,15,2926.23,0.3500,28530.74,28053.90
O-09251,2026-06-04,C-0456,EU,Southern Europe,Support & CS,Direct,9,1337.13,0.3500,7822.21,7051.05
O-09252,2026-06-04,C-0771,EU,UK & Ireland,Software,Partner,101,724.96,0.3500,47593.62,22338.17
O-09253,2026-06-04,C-0570,EU,Southern Europe,Hardware,Partner,1,1895.64,0.3500,1232.17,1509.59
O-09254,2026-06-04,C-0184,US,US West,Software,Partner,29,468.69,0.3500,8834.81,3940.23
O-09255,2026-06-04,C-0077,EU,UK & Ireland,Software,Partner,98,641.11,0.3500,40838.71,19204.08
O-09256,2026-06-04,C-0688,US,US East,Software,Direct,39,489.81,0.3500,12416.68,5516.55
O-09257,2026-06-04,C-0053,APAC,Japan,Services,Partner,7,450.43,0.3500,2049.46,1978.34
O-09258,2026-06-04,C-0232,EU,Southern Europe,Software,Direct,111,642.64,0.3500,46366.48,21819.27
O-09259,2026-06-04,C-0237,US,US Central,Software,Partner,79,121.90,0.3486,6272.65,2771.32
O-09260,2026-06-04,C-0263,EU,Southern Europe,Software,Partner,30,504.60,0.3500,9839.70,4794.90
O-09261,2026-06-04,C-0507,EU,DACH,Hardware,Direct,16,4113.10,0.3500,42776.24,51838.08
O-09262,2026-06-04,C-0717,US,US East,Hardware,Direct,7,2373.39,0.3500,10798.92,10696.00
O-09263,2026-06-04,C-0745,APAC,Southeast Asia,Hardware,Direct,2,1859.06,0.3500,2416.78,2368.56
O-09264,2026-06-04,C-0519,US,US East,Hardware,Direct,4,2547.27,0.3500,6622.90,6543.20
O-09265,2026-06-04,C-0470,EU,UK & Ireland,Services,Partner,16,479.47,0.3500,4986.49,4987.20
O-09266,2026-06-04,C-0478,EU,UK & Ireland,Software,Direct,49,867.46,0.3500,27628.60,13459.81
O-09267,2026-06-04,C-0629,US,US East,Support & CS,Online,6,1140.64,0.2776,4944.24,3559.38
O-09268,2026-06-04,C-0258,EU,UK & Ireland,Software,Partner,74,607.97,0.3500,29243.36,13971.20
O-09269,2026-06-04,C-0451,EU,UK & Ireland,Software,Partner,69,197.64,0.3500,8864.15,4309.05
O-09270,2026-06-04,C-0577,US,US East,Hardware,Partner,1,821.87,0.3500,534.22,536.56
O-09271,2026-06-05,C-0657,US,US Central,Services,Partner,36,215.72,0.3309,5195.94,4728.60
O-09272,2026-06-05,C-0600,EU,Benelux & Nordics,Software,Partner,7,429.52,0.3500,1954.32,950.53
O-09273,2026-06-05,C-0622,US,US East,Hardware,Direct,12,2906.43,0.3500,22670.15,21930.00
O-09274,2026-06-05,C-0528,EU,DACH,Hardware,Partner,17,3453.57,0.3500,38161.95,46394.02
O-09275,2026-06-05,C-0579,APAC,ANZ,Software,Online,104,141.28,0.2449,11094.64,4374.24
O-09276,2026-06-05,C-0517,EU,UK & Ireland,Software,Direct,19,703.42,0.3500,8687.24,4126.04
O-09277,2026-06-05,C-0139,EU,UK & Ireland,Software,Direct,27,92.49,0.3500,1623.20,784.08
O-09278,2026-06-05,C-0294,EU,Southern Europe,Support & CS,Partner,2,2024.85,0.3500,2632.30,2310.12
O-09279,2026-06-05,C-0518,APAC,Southeast Asia,Hardware,Online,7,3748.82,0.2700,19156.95,16728.04
O-09280,2026-06-05,C-0577,US,US East,Software,Direct,88,257.68,0.3500,14739.30,6500.56
O-09281,2026-06-05,C-0378,EU,Benelux & Nordics,Software,Partner,96,674.63,0.3500,42096.91,19572.48
O-09282,2026-06-05,C-0309,EU,UK & Ireland,Services,Partner,6,172.93,0.3500,674.43,674.22
O-09283,2026-06-05,C-0316,US,US East,Hardware,Partner,16,423.55,0.3336,4516.00,4275.68
O-09284,2026-06-05,C-0161,APAC,ANZ,Software,Direct,111,819.78,0.3500,59147.13,27601.26
O-09285,2026-06-05,C-0514,EU,UK & Ireland,Software,Direct,68,597.96,0.3500,26429.83,12869.68
O-09286,2026-06-05,C-0517,EU,UK & Ireland,Software,Partner,85,679.34,0.3500,37533.54,17787.10
O-09287,2026-06-05,C-0419,EU,UK & Ireland,Hardware,Partner,3,1040.49,0.3500,2028.96,2482.71
O-09288,2026-06-05,C-0072,APAC,ANZ,Services,Partner,29,179.99,0.3353,3469.55,3256.99
O-09289,2026-06-05,C-0799,APAC,Japan,Support & CS,Partner,5,2211.60,0.3343,7361.78,6132.80
O-09290,2026-06-05,C-0427,EU,DACH,Software,Partner,69,785.51,0.3500,35230.12,16778.04
O-09291,2026-06-05,C-0446,EU,Southern Europe,Hardware,Online,16,1792.62,0.2813,20614.15,22382.88
O-09292,2026-06-05,C-0507,EU,DACH,Hardware,Online,4,2301.13,0.2821,6607.50,7183.96
O-09293,2026-06-06,C-0638,EU,Benelux & Nordics,Hardware,Partner,18,4166.48,0.3500,48747.82,60726.42
O-09294,2026-06-06,C-0661,EU,Southern Europe,Services,Partner,32,508.25,0.3500,10571.60,10944.64
O-09295,2026-06-06,C-0339,EU,DACH,Hardware,Partner,18,3749.94,0.3500,43874.30,53123.40
O-09296,2026-06-06,C-0332,EU,Benelux & Nordics,Services,Partner,3,264.40,0.3500,515.58,538.14
O-09297,2026-06-06,C-0254,EU,DACH,Services,Partner,32,254.32,0.3500,5289.86,5491.52
O-09298,2026-06-06,C-0376,EU,DACH,Software,Partner,22,114.55,0.3500,1638.07,763.84
O-09299,2026-06-06,C-0690,US,US Central,Hardware,Partner,9,2606.84,0.3500,15250.01,15176.70
O-09300,2026-06-06,C-0417,US,US West,Services,Partner,16,189.25,0.3314,2024.51,1840.64
O-09301,2026-06-06,C-0576,EU,Benelux & Nordics,Hardware,Partner,9,1031.55,0.3500,6034.57,7533.90
O-09302,2026-06-06,C-0706,APAC,Japan,Services,Partner,28,140.63,0.3500,2559.47,2360.40
O-09303,2026-06-06,C-0288,EU,DACH,Software,Online,30,530.15,0.3102,10970.13,5004.90
O-09304,2026-06-06,C-0068,EU,UK & Ireland,Software,Partner,51,506.57,0.3500,16792.80,7831.56
O-09305,2026-06-06,C-0547,EU,UK & Ireland,Services,Partner,17,470.09,0.3500,5194.49,5404.30
O-09306,2026-06-06,C-0324,US,US Central,Services,Direct,41,193.19,0.3500,5148.51,4740.01
O-09307,2026-06-06,C-0642,EU,DACH,Hardware,Direct,12,2811.89,0.3500,21932.74,26875.32
O-09308,2026-06-06,C-0465,EU,DACH,Hardware,Partner,1,3408.66,0.3500,2215.63,2749.12
O-09309,2026-06-06,C-0416,EU,Benelux & Nordics,Services,Online,35,551.80,0.2875,13761.23,13231.40
O-09310,2026-06-06,C-0633,US,US Central,Hardware,Direct,10,1603.31,0.3500,10421.51,10032.50
O-09311,2026-06-06,C-0543,APAC,Japan,Services,Partner,40,587.31,0.3500,15270.06,13937.20
O-09312,2026-06-06,C-0688,US,US East,Hardware,Partner,10,3202.91,0.3500,20818.92,20181.50
O-09313,2026-06-06,C-0432,APAC,ANZ,Software,Online,114,170.46,0.2478,14618.02,5899.50
O-09314,2026-06-06,C-0794,APAC,ANZ,Software,Direct,73,130.58,0.3500,6196.02,2769.62
O-09315,2026-06-06,C-0766,EU,DACH,Services,Partner,23,496.61,0.3500,7424.32,7590.46
O-09316,2026-06-06,C-0797,US,US Central,Software,Partner,43,563.58,0.3500,15752.06,6878.71
O-09317,2026-06-06,C-0664,APAC,Japan,Software,Direct,82,818.15,0.3500,43607.40,20040.80
O-09318,2026-06-06,C-0295,US,US East,Services,Partner,15,301.61,0.3500,2940.70,2756.55
O-09319,2026-06-06,C-0639,EU,UK & Ireland,Services,Direct,25,271.51,0.3500,4412.04,4538.00
O-09320,2026-06-06,C-0468,EU,Southern Europe,Hardware,Partner,13,3697.34,0.3500,31242.52,38309.44
O-09321,2026-06-06,C-0458,EU,Benelux & Nordics,Software,Direct,19,804.76,0.3500,9938.79,4720.17
O-09322,2026-06-06,C-0587,EU,UK & Ireland,Hardware,Partner,3,3361.42,0.3500,6554.77,7947.96
O-09323,2026-06-06,C-0466,US,US East,Hardware,Online,4,3262.63,0.2632,9615.75,8364.00
O-09324,2026-06-06,C-0683,US,US East,Software,Partner,27,874.25,0.3500,15343.09,6730.02
O-09325,2026-06-06,C-0629,US,US East,Hardware,Direct,11,1427.84,0.3500,10209.06,9758.65
O-09326,2026-06-06,C-0413,US,US West,Software,Direct,67,148.77,0.3500,6478.93,2906.46
O-09327,2026-06-07,C-0418,US,US West,Services,Online,27,463.46,0.2444,9454.86,7312.14
O-09328,2026-06-07,C-0528,EU,DACH,Services,Partner,5,462.16,0.3500,1502.02,1512.60
O-09329,2026-06-07,C-0235,EU,Southern Europe,Hardware,Partner,1,2570.53,0.3500,1670.84,1978.68
O-09330,2026-06-07,C-0536,APAC,Greater China,Hardware,Partner,7,1519.58,0.3500,6914.09,7088.48
O-09331,2026-06-07,C-0215,APAC,Japan,Support & CS,Direct,7,959.83,0.3500,4367.23,3690.12
O-09332,2026-06-07,C-0103,US,US East,Hardware,Direct,5,3132.66,0.3500,10181.15,9929.30
O-09333,2026-06-07,C-0159,EU,Southern Europe,Software,Direct,28,544.19,0.3500,9904.26,4567.64
O-09334,2026-06-07,C-0435,APAC,Japan,Hardware,Partner,3,2692.92,0.3500,5251.19,5390.10
O-09335,2026-06-07,C-0193,US,US West,Software,Partner,66,509.38,0.3500,21852.40,9846.54
O-09336,2026-06-07,C-0143,US,US Central,Hardware,Partner,3,4060.08,0.3500,7917.16,7937.07
O-09337,2026-06-07,C-0133,US,US West,Services,Partner,5,317.22,0.3448,1039.21,963.40
O-09338,2026-06-07,C-0670,APAC,Greater China,Hardware,Direct,9,2984.54,0.3500,17459.56,17061.03
O-09339,2026-06-07,C-0359,EU,DACH,Software,Online,32,849.76,0.2843,19460.70,8387.20
O-09340,2026-06-07,C-0653,APAC,Southeast Asia,Hardware,Partner,16,663.57,0.3500,6901.13,6705.60
O-09341,2026-06-07,C-0066,EU,DACH,Hardware,Partner,1,534.46,0.3500,347.40,434.10
O-09342,2026-06-07,C-0639,EU,UK & Ireland,Services,Partner,33,537.03,0.3500,11519.29,12148.29
O-09343,2026-06-07,C-0381,EU,DACH,Hardware,Partner,9,1159.52,0.3500,6783.19,8386.92
O-09344,2026-06-07,C-0130,EU,Southern Europe,Hardware,Partner,14,2149.19,0.3500,19557.63,23485.00
O-09345,2026-06-07,C-0535,EU,UK & Ireland,Services,Online,20,442.59,0.2958,6233.63,6014.40
O-09346,2026-06-07,C-0446,EU,Southern Europe,Services,Direct,22,456.43,0.3500,6526.95,6722.76
O-09347,2026-06-07,C-0100,EU,DACH,Support & CS,Partner,6,1300.15,0.3500,5070.59,4422.42
O-09348,2026-06-07,C-0272,EU,UK & Ireland,Services,Online,5,383.84,0.2707,1399.68,1287.15
O-09349,2026-06-07,C-0666,US,US East,Services,Direct,29,542.90,0.3500,10233.66,9390.20
O-09350,2026-06-07,C-0672,EU,Southern Europe,Software,Partner,41,893.53,0.3500,23812.57,11091.73
O-09351,2026-06-07,C-0638,EU,Benelux & Nordics,Software,Partner,58,412.39,0.3500,15547.10,7363.68
O-09352,2026-06-07,C-0077,EU,UK & Ireland,Support & CS,Partner,8,357.22,0.3500,1857.54,1624.48
O-09353,2026-06-07,C-0059,EU,UK & Ireland,Support & CS,Direct,4,1782.83,0.3500,4635.36,4212.84
O-09354,2026-06-07,C-0265,US,US Central,Services,Partner,32,351.59,0.3500,7313.07,6929.60
O-09355,2026-06-07,C-0346,EU,DACH,Services,Online,44,645.80,0.2879,20235.02,19222.28
O-09356,2026-06-08,C-0725,EU,Southern Europe,Software,Direct,99,334.49,0.3500,21524.43,10344.51
O-09357,2026-06-08,C-0348,EU,UK & Ireland,Hardware,Direct,10,3088.82,0.3500,20077.33,24908.10
O-09358,2026-06-08,C-0663,EU,DACH,Services,Partner,45,409.74,0.3500,11984.90,12144.60
O-09359,2026-06-08,C-0633,US,US Central,Hardware,Direct,9,3070.97,0.3500,17965.17,18020.61
O-09360,2026-06-08,C-0702,EU,DACH,Software,Partner,84,404.13,0.3500,22065.50,10521.00
O-09361,2026-06-08,C-0617,APAC,ANZ,Software,Direct,60,343.51,0.3500,13396.89,6270.60
O-09362,2026-06-08,C-0043,EU,Southern Europe,Hardware,Partner,1,671.99,0.3500,436.79,538.92
O-09363,2026-06-08,C-0615,US,US East,Software,Online,8,564.78,0.2393,3436.92,1332.96
O-09364,2026-06-08,C-0408,US,US East,Software,Partner,46,470.97,0.3500,14082.00,6286.36
O-09365,2026-06-08,C-0325,US,US East,Hardware,Partner,16,3858.21,0.3500,40125.38,40184.48
O-09366,2026-06-08,C-0081,EU,Southern Europe,Support & CS,Partner,7,1072.62,0.3500,4880.42,4256.28
O-09367,2026-06-08,C-0289,US,US West,Hardware,Partner,3,2113.00,0.3500,4120.35,4158.54
O-09368,2026-06-08,C-0370,EU,UK & Ireland,Hardware,Online,2,787.84,0.2794,1135.45,1227.72
O-09369,2026-06-08,C-0026,EU,Southern Europe,Support & CS,Online,6,848.21,0.2941,3592.72,2908.98
O-09370,2026-06-08,C-0712,EU,Southern Europe,Software,Online,76,788.32,0.2930,42357.20,18749.20
O-09371,2026-06-08,C-0387,US,US Central,Hardware,Partner,18,931.85,0.3500,10902.65,10447.56
O-09372,2026-06-08,C-0307,US,US West,Services,Partner,25,440.34,0.3500,7155.53,6722.00
O-09373,2026-06-08,C-0661,EU,Southern Europe,Services,Partner,30,470.73,0.3500,9179.24,9520.50
O-09374,2026-06-08,C-0528,EU,DACH,Hardware,Direct,4,2014.56,0.3500,5237.86,6368.28
O-09375,2026-06-08,C-0095,US,US East,Services,Direct,35,202.71,0.3500,4611.65,4372.20
O-09376,2026-06-08,C-0654,APAC,ANZ,Software,Direct,105,863.72,0.3500,58948.89,27420.75
O-09377,2026-06-08,C-0597,APAC,ANZ,Software,Direct,67,244.22,0.3500,10635.78,4884.30
O-09378,2026-06-08,C-0638,EU,Benelux & Nordics,Software,Partner,42,876.11,0.3500,23917.80,11213.58
O-09379,2026-06-08,C-0149,EU,Southern Europe,Hardware,Online,1,2505.34,0.3023,1747.88,1984.58
O-09380,2026-06-08,C-0776,EU,Southern Europe,Support & CS,Online,6,1943.69,0.2740,8466.90,6935.58
O-09381,2026-06-08,C-0122,US,US West,Services,Partner,8,520.41,0.3500,2706.13,2489.84
O-09382,2026-06-08,C-0059,EU,UK & Ireland,Hardware,Online,13,3790.31,0.2894,35013.47,39250.25
O-09383,2026-06-08,C-0634,US,US Central,Support & CS,Online,10,1147.80,0.2645,8442.44,6306.40
O-09384,2026-06-09,C-0501,US,US West,Software,Direct,78,435.61,0.3500,22085.43,10113.48
O-09385,2026-06-09,C-0507,EU,DACH,Software,Direct,59,395.26,0.3500,15158.22,7341.37
O-09386,2026-06-09,C-0438,APAC,Southeast Asia,Support & CS,Direct,9,1246.53,0.3500,7292.20,6102.09
O-09387,2026-06-09,C-0552,EU,UK & Ireland,Hardware,Direct,15,1602.78,0.3500,15627.11,18566.40
O-09388,2026-06-09,C-0437,US,US West,Services,Partner,13,642.17,0.3500,5426.34,4990.31
O-09389,2026-06-09,C-0583,EU,Benelux & Nordics,Hardware,Direct,14,3381.58,0.3500,30772.38,38202.36
O-09390,2026-06-09,C-0584,EU,DACH,Hardware,Partner,7,2617.41,0.3500,11909.22,14705.18
O-09391,2026-06-09,C-0462,EU,Benelux & Nordics,Hardware,Partner,15,559.32,0.3500,5453.37,6658.65
O-09392,2026-06-09,C-0036,EU,DACH,Hardware,Partner,16,2304.10,0.3500,23962.64,29040.48
O-09393,2026-06-09,C-0375,US,US Central,Software,Online,36,442.15,0.2655,11691.16,4692.24
O-09394,2026-06-09,C-0226,EU,UK & Ireland,Support & CS,Partner,10,944.50,0.3500,6139.25,5449.20
O-09395,2026-06-09,C-0650,EU,DACH,Support & CS,Partner,11,1353.79,0.3500,9679.60,8425.45
O-09396,2026-06-09,C-0437,US,US West,Hardware,Direct,3,1409.14,0.3500,2747.82,2719.44
O-09397,2026-06-09,C-0422,EU,DACH,Software,Partner,118,706.35,0.3500,54177.05,25223.68
O-09398,2026-06-09,C-0367,APAC,Southeast Asia,Software,Direct,119,570.73,0.3500,44145.97,19859.91
O-09399,2026-06-09,C-0441,US,US East,Software,Partner,99,126.41,0.3500,8134.48,3554.10
O-09400,2026-06-09,C-0739,US,US Central,Hardware,Online,5,1482.12,0.2489,5565.90,4794.70
O-09401,2026-06-09,C-0511,US,US East,Hardware,Partner,9,3879.74,0.3500,22696.48,21925.98
O-09402,2026-06-09,C-0459,EU,UK & Ireland,Services,Partner,28,520.16,0.3500,9466.91,9694.44
O-09403,2026-06-09,C-0646,EU,DACH,Software,Direct,109,124.75,0.3500,8838.54,4227.02
O-09404,2026-06-09,C-0413,US,US West,Software,Partner,51,150.91,0.3500,5002.67,2306.22
O-09405,2026-06-09,C-0720,US,US West,Hardware,Online,6,2228.01,0.2444,10100.52,8395.44
O-09406,2026-06-09,C-0239,EU,DACH,Services,Partner,10,397.81,0.3500,2585.76,2624.70
O-09407,2026-06-09,C-0471,US,US East,Services,Direct,12,313.47,0.3500,2445.07,2228.76
O-09408,2026-06-09,C-0135,APAC,Southeast Asia,Software,Partner,61,377.91,0.3310,15421.15,6889.95
O-09409,2026-06-09,C-0692,US,US East,Software,Partner,50,603.89,0.3434,19826.81,8664.50
O-09410,2026-06-09,C-0436,APAC,ANZ,Software,Direct,59,313.99,0.3500,12041.52,5337.14
O-09411,2026-06-09,C-0456,EU,Southern Europe,Services,Partner,22,470.79,0.3500,6732.30,6965.64
O-09412,2026-06-09,C-0110,EU,DACH,Software,Online,38,179.29,0.2756,4935.54,2133.70
O-09413,2026-06-09,C-0644,APAC,ANZ,Hardware,Partner,6,1063.67,0.3374,4228.82,4223.34
O-09414,2026-06-09,C-0498,US,US East,Hardware,Direct,18,2906.56,0.3500,34006.75,33480.90
O-09415,2026-06-10,C-0654,APAC,ANZ,Hardware,Partner,18,4065.07,0.3500,47561.32,48895.38
O-09416,2026-06-10,C-0496,EU,Benelux & Nordics,Services,Partner,6,590.21,0.3500,2301.82,2396.58
O-09417,2026-06-10,C-0658,US,US East,Software,Partner,96,195.28,0.3500,12185.47,5462.40
O-09418,2026-06-10,C-0197,EU,Southern Europe,Software,Partner,62,585.75,0.3500,23605.73,11231.92
O-09419,2026-06-10,C-0191,US,US East,Services,Partner,16,514.79,0.3500,5353.82,5009.44
O-09420,2026-06-10,C-0724,EU,DACH,Software,Direct,42,317.96,0.3500,8680.31,4162.62
O-09421,2026-06-10,C-0100,EU,DACH,Software,Direct,80,488.68,0.3500,25411.36,12010.40
O-09422,2026-06-10,C-0772,EU,DACH,Software,Direct,91,506.82,0.3500,29978.40,14377.09
O-09423,2026-06-10,C-0386,US,US East,Software,Direct,24,696.46,0.3500,10864.78,4933.20
O-09424,2026-06-10,C-0584,EU,DACH,Software,Partner,55,194.22,0.3500,6943.37,3370.40
O-09425,2026-06-10,C-0609,EU,DACH,Services,Direct,13,615.18,0.3500,5198.27,5327.66
O-09426,2026-06-10,C-0129,US,US Central,Hardware,Direct,13,3231.79,0.3500,27308.63,26633.36
O-09427,2026-06-10,C-0613,EU,Benelux & Nordics,Hardware,Partner,8,2115.60,0.3500,11001.12,13621.92
O-09428,2026-06-10,C-0378,EU,Benelux & Nordics,Support & CS,Partner,7,1780.47,0.3500,8101.14,7417.20
O-09429,2026-06-10,C-0584,EU,DACH,Software,Partner,81,719.31,0.3500,37871.67,17481.42
O-09430,2026-06-10,C-0138,EU,DACH,Software,Partner,102,836.99,0.3500,55492.44,26186.46
O-09431,2026-06-10,C-0065,EU,DACH,Software,Partner,119,882.11,0.3500,68231.21,32652.41
O-09432,2026-06-10,C-0021,EU,DACH,Hardware,Partner,11,2389.65,0.3500,17086.00,20856.00
O-09433,2026-06-10,C-0688,US,US East,Support & CS,Direct,6,1543.05,0.3500,6017.89,4864.20
O-09434,2026-06-10,C-0526,US,US West,Support & CS,Direct,6,638.93,0.3500,2491.83,2026.02
O-09435,2026-06-10,C-0743,US,US Central,Hardware,Online,18,2943.47,0.2791,38195.58,34770.96
O-09436,2026-06-10,C-0605,EU,Benelux & Nordics,Hardware,Direct,12,1649.57,0.3500,12866.65,15368.04
O-09437,2026-06-10,C-0697,EU,Southern Europe,Software,Direct,87,423.84,0.3500,23968.15,11502.27
O-09438,2026-06-10,C-0066,EU,DACH,Services,Online,36,235.60,0.2908,6015.11,5699.16
O-09439,2026-06-10,C-0072,APAC,ANZ,Hardware,Direct,15,973.44,0.3500,9491.04,9613.50
O-09440,2026-06-10,C-0684,US,US East,Support & CS,Partner,6,2117.19,0.3500,8257.04,6652.86
O-09441,2026-06-10,C-0135,APAC,Southeast Asia,Services,Partner,40,597.18,0.3500,15526.68,15001.20
O-09442,2026-06-10,C-0570,EU,Southern Europe,Hardware,Partner,17,2687.08,0.3500,29692.23,36595.39
O-09443,2026-06-11,C-0654,APAC,ANZ,Software,Partner,103,182.12,0.3500,12192.93,5482.69
O-09444,2026-06-11,C-0224,US,US West,Hardware,Partner,18,815.78,0.3500,9544.63,9485.82
O-09445,2026-06-11,C-0685,US,US East,Software,Partner,25,235.88,0.3500,3833.05,1721.25
O-09446,2026-06-11,C-0336,EU,Benelux & Nordics,Software,Direct,71,222.84,0.3500,10284.07,4774.75
O-09447,2026-06-11,C-0790,EU,UK & Ireland,Software,Direct,34,845.32,0.3500,18681.57,8817.56
O-09448,2026-06-11,C-0303,US,US East,Support & CS,Partner,12,1430.31,0.3346,11420.41,9396.72
O-09449,2026-06-11,C-0585,US,US West,Hardware,Partner,13,1245.48,0.3422,10650.30,10472.80
O-09450,2026-06-11,C-0378,EU,Benelux & Nordics,Software,Partner,39,763.21,0.3500,19347.37,9183.33
O-09451,2026-06-11,C-0526,US,US West,Hardware,Partner,16,3511.84,0.3301,37639.36,35516.80
O-09452,2026-06-11,C-0070,US,US West,Software,Online,90,439.14,0.2549,29446.41,11827.80
O-09453,2026-06-11,C-0584,EU,DACH,Services,Direct,42,475.06,0.3500,12969.14,13581.12
O-09454,2026-06-11,C-0551,EU,UK & Ireland,Hardware,Partner,2,3683.68,0.3500,4788.78,5693.06
O-09455,2026-06-11,C-0565,EU,Southern Europe,Software,Partner,68,515.84,0.3500,22800.13,10818.80
O-09456,2026-06-11,C-0241,EU,UK & Ireland,Software,Direct,18,364.05,0.3500,4259.39,1995.84
O-09457,2026-06-11,C-0578,APAC,ANZ,Software,Direct,5,746.41,0.3500,2425.83,1103.25
O-09458,2026-06-11,C-0541,APAC,ANZ,Hardware,Partner,6,3531.10,0.3500,13771.29,13956.36
O-09459,2026-06-11,C-0791,US,US West,Hardware,Partner,8,3065.56,0.3500,15940.91,15529.68
O-09460,2026-06-11,C-0515,APAC,Southeast Asia,Hardware,Direct,3,3362.04,0.3500,6555.98,6702.33
O-09461,2026-06-11,C-0524,US,US Central,Services,Partner,19,416.99,0.3500,5149.83,4766.72
O-09462,2026-06-11,C-0667,US,US West,Software,Partner,94,489.26,0.3500,29893.79,13099.84
O-09463,2026-06-11,C-0759,EU,UK & Ireland,Support & CS,Online,1,377.74,0.3177,257.72,216.61
O-09464,2026-06-11,C-0393,EU,Southern Europe,Hardware,Partner,10,3119.52,0.3500,20276.88,24670.70
O-09465,2026-06-11,C-0649,EU,DACH,Services,Online,34,256.83,0.2853,6240.56,5667.46
O-09466,2026-06-11,C-0661,EU,Southern Europe,Hardware,Online,17,1066.27,0.2758,13127.38,14079.57
O-09467,2026-06-11,C-0294,EU,Southern Europe,Hardware,Partner,15,935.06,0.3500,9116.84,11149.50
O-09468,2026-06-12,C-0012,US,US East,Support & CS,Direct,8,1075.43,0.3500,5592.24,4695.68
O-09469,2026-06-12,C-0698,US,US West,Support & CS,Direct,6,284.81,0.3500,1110.76,912.00
O-09470,2026-06-12,C-0367,APAC,Southeast Asia,Support & CS,Partner,10,1131.09,0.3500,7352.09,6265.70
O-09471,2026-06-12,C-0021,EU,DACH,Hardware,Partner,12,1509.37,0.3500,11773.09,14332.92
O-09472,2026-06-12,C-0391,EU,DACH,Support & CS,Direct,12,1699.54,0.3500,13256.41,12066.48
O-09473,2026-06-12,C-0713,US,US Central,Services,Partner,12,575.99,0.3403,4559.65,4269.24
O-09474,2026-06-12,C-0242,APAC,Japan,Hardware,Direct,13,1782.62,0.3500,15063.14,15305.55
O-09475,2026-06-12,C-0713,US,US Central,Services,Partner,36,463.81,0.3500,10853.15,9840.60
O-09476,2026-06-12,C-0231,US,US West,Support & CS,Partner,7,1090.31,0.3391,5044.42,4134.20
O-09477,2026-06-12,C-0283,APAC,Southeast Asia,Services,Partner,16,557.51,0.3500,5798.10,5480.00
O-09478,2026-06-12,C-0049,EU,DACH,Software,Partner,109,385.78,0.3500,27332.51,13087.63
O-09479,2026-06-12,C-0490,US,US West,Hardware,Partner,6,2362.98,0.3500,9215.62,9261.42
O-09480,2026-06-12,C-0609,EU,DACH,Support & CS,Direct,10,1109.88,0.3500,7214.22,6381.00
O-09481,2026-06-12,C-0040,EU,Southern Europe,Software,Partner,105,396.95,0.3500,27091.84,12455.10
O-09482,2026-06-12,C-0175,EU,UK & Ireland,Services,Partner,38,645.30,0.3500,15938.91,16274.64
O-09483,2026-06-12,C-0118,APAC,Japan,Software,Partner,55,597.89,0.3500,21374.57,9759.75
O-09484,2026-06-12,C-0172,EU,DACH,Hardware,Partner,4,3585.59,0.3500,9322.53,11581.52
O-09485,2026-06-12,C-0676,APAC,ANZ,Hardware,Direct,13,1308.70,0.3500,11058.52,11192.74
O-09486,2026-06-12,C-0422,EU,DACH,Hardware,Partner,16,2221.49,0.3500,23103.50,27452.16
O-09487,2026-06-13,C-0093,US,US West,Support & CS,Partner,11,2000.24,0.3500,14301.72,11655.82
O-09488,2026-06-13,C-0466,US,US East,Hardware,Partner,2,2876.83,0.3446,3771.02,3736.82
O-09489,2026-06-13,C-0787,US,US West,Software,Partner,73,592.18,0.3500,28098.94,12805.66
O-09490,2026-06-13,C-0438,APAC,Southeast Asia,Software,Partner,95,560.90,0.3500,34635.58,15360.55
O-09491,2026-06-13,C-0600,EU,Benelux & Nordics,Software,Partner,74,214.03,0.3500,10294.84,4968.36
O-09492,2026-06-13,C-0022,APAC,Southeast Asia,Support & CS,Online,10,837.01,0.2624,6174.11,4572.60
O-09493,2026-06-13,C-0519,US,US East,Services,Direct,21,274.95,0.3500,3753.07,3533.04
O-09494,2026-06-13,C-0297,US,US West,Hardware,Online,13,390.69,0.2599,3759.06,3221.66
O-09495,2026-06-13,C-0509,APAC,Japan,Hardware,Online,13,816.87,0.2409,8060.98,6726.59
O-09496,2026-06-13,C-0475,APAC,Japan,Software,Partner,70,133.53,0.3471,6102.87,2804.90
O-09497,2026-06-13,C-0632,APAC,Southeast Asia,Support & CS,Direct,11,1442.77,0.3500,10315.81,8725.53
O-09498,2026-06-13,C-0180,EU,UK & Ireland,Services,Partner,7,428.40,0.3500,1949.22,1968.89
O-09499,2026-06-13,C-0014,US,US West,Hardware,Direct,11,1228.84,0.3500,8786.21,8536.99
O-09500,2026-06-13,C-0340,EU,DACH,Hardware,Partner,10,638.96,0.3500,4153.24,4998.30
O-09501,2026-06-13,C-0793,US,US East,Services,Online,6,521.99,0.2766,2265.58,1899.48
O-09502,2026-06-13,C-0296,EU,Southern Europe,Hardware,Direct,15,2499.50,0.3500,24370.12,29935.20
O-09503,2026-06-13,C-0246,US,US East,Software,Partner,80,417.72,0.3382,22114.62,9910.40
O-09504,2026-06-13,C-0089,US,US West,Software,Direct,52,215.88,0.3500,7296.74,3191.76
O-09505,2026-06-13,C-0105,APAC,Greater China,Hardware,Partner,11,441.84,0.3500,3159.16,3138.41
O-09506,2026-06-13,C-0202,EU,UK & Ireland,Software,Partner,67,183.92,0.3500,8009.72,3758.03
O-09507,2026-06-13,C-0270,APAC,Japan,Support & CS,Partner,6,848.57,0.3500,3309.42,2694.24
O-09508,2026-06-13,C-0318,US,US East,Services,Direct,31,280.26,0.3500,5647.24,5289.22
O-09509,2026-06-13,C-0640,EU,DACH,Software,Direct,107,312.88,0.3500,21760.80,10187.47
O-09510,2026-06-13,C-0570,EU,Southern Europe,Hardware,Partner,5,1365.39,0.3500,4437.52,5429.85
O-09511,2026-06-13,C-0732,APAC,Japan,Software,Partner,46,753.04,0.3500,22515.90,10139.78
O-09512,2026-06-13,C-0606,US,US West,Hardware,Partner,12,2708.25,0.3500,21124.35,21351.00
O-09513,2026-06-13,C-0156,EU,Southern Europe,Hardware,Partner,11,2378.66,0.3500,17007.42,20711.24
O-09514,2026-06-13,C-0682,APAC,Southeast Asia,Services,Partner,32,504.14,0.3304,10801.81,9970.88
O-09515,2026-06-13,C-0200,EU,UK & Ireland,Software,Direct,98,612.61,0.3500,39023.26,18273.08
O-09516,2026-06-13,C-0156,EU,Southern Europe,Software,Direct,76,697.76,0.3500,34469.34,16612.84
O-09517,2026-06-13,C-0105,APAC,Greater China,Hardware,Partner,3,2847.77,0.3500,5553.15,5700.93
O-09518,2026-06-13,C-0015,US,US East,Services,Partner,24,490.37,0.3500,7649.77,7278.48
O-09519,2026-06-13,C-0548,US,US Central,Services,Direct,21,356.57,0.3500,4867.18,4546.92
O-09520,2026-06-13,C-0489,APAC,Greater China,Hardware,Online,10,4062.60,0.2385,30936.40,26802.10
O-09521,2026-06-13,C-0064,EU,UK & Ireland,Hardware,Direct,11,3876.07,0.3500,27713.90,32887.91
O-09522,2026-06-13,C-0286,US,US East,Software,Partner,61,467.49,0.3500,18535.98,8474.12
O-09523,2026-06-13,C-0778,US,US West,Hardware,Partner,3,499.75,0.3407,988.51,932.40
O-09524,2026-06-14,C-0509,APAC,Japan,Software,Direct,62,468.43,0.3500,18877.73,8386.74
O-09525,2026-06-14,C-0141,EU,Benelux & Nordics,Support & CS,Partner,10,1829.13,0.3500,11889.35,10633.60
O-09526,2026-06-14,C-0690,US,US Central,Services,Direct,37,347.42,0.3500,8355.45,7681.57
O-09527,2026-06-14,C-0066,EU,DACH,Services,Direct,16,359.42,0.3500,3737.97,3912.48
O-09528,2026-06-14,C-0765,US,US East,Hardware,Direct,4,3062.44,0.3500,7962.34,7772.12
O-09529,2026-06-14,C-0632,APAC,Southeast Asia,Hardware,Direct,15,3876.79,0.3500,37798.70,36837.90
O-09530,2026-06-14,C-0169,EU,Benelux & Nordics,Hardware,Partner,14,1608.92,0.3500,14641.17,17627.96
O-09531,2026-06-14,C-0361,US,US East,Software,Partner,52,857.07,0.3500,28968.97,12894.44
O-09532,2026-06-14,C-0434,EU,DACH,Hardware,Partner,9,1720.87,0.3500,10067.09,11958.30
O-09533,2026-06-14,C-0372,US,US East,Software,Direct,96,456.78,0.3500,28503.07,12642.24
O-09534,2026-06-14,C-0559,EU,DACH,Hardware,Online,13,2430.36,0.3147,21652.39,25203.62
O-09535,2026-06-14,C-0628,APAC,ANZ,Hardware,Partner,8,4163.30,0.3500,21649.16,21612.64
O-09536,2026-06-14,C-0532,EU,DACH,Hardware,Online,13,2891.51,0.2899,26694.10,30404.66
O-09537,2026-06-14,C-0730,US,US West,Software,Direct,47,676.54,0.3500,20668.30,9250.54
O-09538,2026-06-14,C-0079,EU,DACH,Hardware,Online,6,393.92,0.3156,1617.48,1881.54
O-09539,2026-06-14,C-0722,US,US East,Services,Online,42,149.40,0.2450,4737.33,3867.36
O-09540,2026-06-14,C-0190,EU,Benelux & Nordics,Support & CS,Online,5,2103.12,0.3027,7332.19,6033.80
O-09541,2026-06-14,C-0168,US,US Central,Support & CS,Direct,7,2071.83,0.3500,9426.83,7660.87
O-09542,2026-06-14,C-0346,EU,DACH,Software,Partner,110,211.34,0.3500,15110.81,7349.10
O-09543,2026-06-14,C-0371,EU,Benelux & Nordics,Software,Online,39,469.46,0.3155,12532.42,5547.36
O-09544,2026-06-14,C-0533,APAC,Japan,Software,Partner,80,526.04,0.3500,27354.08,12176.00
O-09545,2026-06-14,C-0772,EU,DACH,Support & CS,Direct,5,405.21,0.3500,1316.93,1142.90
O-09546,2026-06-14,C-0613,EU,Benelux & Nordics,Support & CS,Partner,9,880.51,0.3500,5150.98,4593.15
O-09547,2026-06-14,C-0628,APAC,ANZ,Software,Partner,110,813.71,0.3500,58180.27,26803.70
O-09548,2026-06-15,C-0781,APAC,Greater China,Software,Direct,88,80.33,0.3500,4594.88,2149.84
O-09549,2026-06-15,C-0759,EU,UK & Ireland,Services,Partner,15,586.93,0.3500,5722.57,5793.30
O-09550,2026-06-15,C-0255,EU,UK & Ireland,Hardware,Partner,9,4134.35,0.3500,24185.95,29308.59
O-09551,2026-06-15,C-0014,US,US West,Services,Direct,39,172.86,0.3500,4382.00,3960.45
O-09552,2026-06-15,C-0742,US,US Central,Software,Partner,81,773.66,0.3500,40733.20,17947.17
O-09553,2026-06-15,C-0607,APAC,Japan,Hardware,Partner,9,2406.41,0.3429,14230.98,13995.90
O-09554,2026-06-15,C-0021,EU,DACH,Services,Direct,43,158.02,0.3500,4416.66,4444.05
O-09555,2026-06-15,C-0767,US,US East,Hardware,Direct,15,846.99,0.3500,8258.15,7947.60
O-09556,2026-06-15,C-0504,APAC,Japan,Software,Partner,34,470.20,0.3500,10391.42,4644.74
O-09557,2026-06-15,C-0215,APAC,Japan,Hardware,Direct,16,2296.42,0.3500,23882.77,24295.68
O-09558,2026-06-15,C-0209,EU,UK & Ireland,Software,Direct,33,445.16,0.3500,9548.68,4431.90
O-09559,2026-06-15,C-0350,EU,Benelux & Nordics,Hardware,Partner,17,3128.29,0.3500,34567.60,42040.66
O-09560,2026-06-15,C-0339,EU,DACH,Services,Partner,37,372.84,0.3500,8966.80,9265.17
O-09561,2026-06-15,C-0300,US,US West,Hardware,Online,17,3582.09,0.2787,43926.99,38083.23
O-09562,2026-06-15,C-0704,US,US West,Hardware,Partner,12,1923.76,0.3500,15005.33,15159.96
O-09563,2026-06-15,C-0314,EU,DACH,Software,Partner,79,406.12,0.3500,20854.26,9775.46
O-09564,2026-06-15,C-0115,US,US East,Hardware,Partner,15,1068.48,0.3500,10417.68,10031.85
O-09565,2026-06-15,C-0442,APAC,Japan,Hardware,Partner,14,3926.98,0.3500,35735.52,35164.22
O-09566,2026-06-15,C-0350,EU,Benelux & Nordics,Support & CS,Partner,5,2389.01,0.3500,7764.28,6966.55
O-09567,2026-06-15,C-0447,US,US East,Services,Online,15,389.93,0.2423,4431.49,3511.65
O-09568,2026-06-15,C-0317,US,US East,Hardware,Partner,15,2124.12,0.3500,20710.17,20200.20
O-09569,2026-06-15,C-0314,EU,DACH,Software,Online,83,173.37,0.2801,10358.51,4435.52
O-09570,2026-06-15,C-0454,EU,DACH,Hardware,Online,11,4046.10,0.2978,31254.92,34898.49
O-09571,2026-06-15,C-0232,EU,Southern Europe,Services,Direct,19,247.12,0.3500,3051.93,3168.06
O-09572,2026-06-15,C-0460,APAC,Southeast Asia,Hardware,Partner,18,2792.74,0.3500,32675.06,31745.52
O-09573,2026-06-15,C-0089,US,US West,Support & CS,Partner,1,2130.58,0.3500,1384.88,1149.10
O-09574,2026-06-15,C-0546,EU,Southern Europe,Services,Partner,29,623.82,0.3500,11759.01,11976.42
O-09575,2026-06-15,C-0142,US,US East,Support & CS,Partner,1,1735.94,0.3353,1153.89,901.45
O-09576,2026-06-15,C-0789,APAC,Greater China,Services,Direct,36,559.61,0.3500,13094.87,12408.48
O-09577,2026-06-15,C-0483,US,US East,Support & CS,Direct,8,1972.42,0.3500,10256.58,8321.84
O-09578,2026-06-16,C-0087,US,US West,Services,Partner,4,560.07,0.3500,1456.18,1309.36
O-09579,2026-06-16,C-0368,EU,DACH,Software,Online,120,271.40,0.2954,22947.70,9968.40
O-09580,2026-06-16,C-0227,US,US East,Software,Partner,80,304.80,0.3500,15849.60,6915.20
O-09581,2026-06-16,C-0506,US,US East,Hardware,Direct,3,4169.67,0.3500,8130.86,7934.25
O-09582,2026-06-16,C-0351,EU,UK & Ireland,Services,Direct,2,471.69,0.3500,613.20,638.94
O-09583,2026-06-16,C-0167,EU,UK & Ireland,Hardware,Partner,1,3583.97,0.3500,2329.58,2867.17
O-09584,2026-06-16,C-0035,APAC,Greater China,Services,Direct,4,494.86,0.3500,1286.64,1215.36
O-09585,2026-06-16,C-0744,US,US East,Software,Partner,95,709.72,0.3500,43825.21,19969.00
O-09586,2026-06-16,C-0302,APAC,Southeast Asia,Hardware,Online,13,1865.58,0.2380,18480.05,16180.97
O-09587,2026-06-16,C-0202,EU,UK & Ireland,Software,Online,107,481.10,0.3069,35679.55,15519.28
O-09588,2026-06-16,C-0559,EU,DACH,Services,Online,39,356.06,0.3139,9527.93,9155.25
O-09589,2026-06-16,C-0034,US,US East,Services,Direct,7,166.08,0.3500,755.66,710.92
O-09590,2026-06-16,C-0488,US,US Central,Hardware,Partner,18,1210.47,0.3500,14162.50,14168.70
O-09591,2026-06-16,C-0775,US,US East,Services,Partner,13,336.66,0.3500,2844.78,2607.41
O-09592,2026-06-16,C-0595,EU,Benelux & Nordics,Hardware,Partner,6,2271.29,0.3500,8858.03,10972.02
O-09593,2026-06-16,C-0070,US,US West,Hardware,Direct,17,3930.86,0.3500,43436.00,43701.22
O-09594,2026-06-16,C-0447,US,US East,Software,Partner,76,613.55,0.3500,30309.37,13976.40
O-09595,2026-06-16,C-0656,APAC,Greater China,Services,Partner,28,604.15,0.3500,10995.53,10432.24
O-09596,2026-06-16,C-0631,APAC,ANZ,Hardware,Direct,2,2725.73,0.3500,3543.45,3477.36
O-09597,2026-06-16,C-0267,US,US East,Software,Partner,29,134.63,0.3500,2537.78,1126.07
O-09598,2026-06-16,C-0720,US,US West,Software,Online,53,299.31,0.2439,11994.52,4591.92
O-09599,2026-06-16,C-0052,EU,Benelux & Nordics,Software,Partner,106,806.48,0.3500,55566.47,26350.54
O-09600,2026-06-16,C-0571,APAC,Southeast Asia,Services,Partner,39,274.32,0.3370,7093.30,6394.05
O-09601,2026-06-16,C-0659,EU,Benelux & Nordics,Software,Partner,18,589.72,0.3500,6899.72,3346.92
O-09602,2026-06-16,C-0384,US,US West,Services,Online,39,572.39,0.2630,16452.97,13616.46
O-09603,2026-06-17,C-0012,US,US East,Hardware,Online,16,2098.03,0.2753,24326.99,21590.88
O-09604,2026-06-17,C-0582,APAC,Greater China,Hardware,Partner,17,775.20,0.3330,8790.03,8501.19
O-09605,2026-06-17,C-0424,EU,Benelux & Nordics,Services,Direct,41,489.05,0.3500,13033.18,13754.27
O-09606,2026-06-17,C-0578,APAC,ANZ,Support & CS,Partner,12,2119.25,0.3355,16899.82,13835.88
O-09607,2026-06-17,C-0237,US,US Central,Support & CS,Partner,12,2234.59,0.3500,17429.80,14350.44
O-09608,2026-06-17,C-0424,EU,Benelux & Nordics,Software,Online,78,371.94,0.3111,19984.89,8877.18
O-09609,2026-06-17,C-0453,US,US West,Hardware,Partner,17,1538.90,0.3500,17004.85,17232.05
O-09610,2026-06-17,C-0691,US,US East,Software,Partner,48,790.93,0.3500,24677.02,10822.56
O-09611,2026-06-17,C-0651,US,US Central,Hardware,Partner,13,2468.72,0.3500,20860.68,21030.36
O-09612,2026-06-17,C-0076,APAC,Southeast Asia,Services,Partner,34,487.65,0.3358,11012.08,9899.10
O-09613,2026-06-17,C-0194,US,US West,Support & CS,Partner,5,1137.68,0.3315,3802.70,3003.00
O-09614,2026-06-17,C-0350,EU,Benelux & Nordics,Services,Partner,37,359.22,0.3500,8639.24,9093.12
O-09615,2026-06-17,C-0034,US,US East,Hardware,Partner,5,1267.45,0.3391,4188.17,4076.35
O-09616,2026-06-17,C-0777,EU,UK & Ireland,Hardware,Partner,13,3072.26,0.3500,25960.60,31680.87
O-09617,2026-06-17,C-0526,US,US West,Software,Online,43,272.65,0.2486,8808.98,3362.17
O-09618,2026-06-17,C-0495,APAC,Southeast Asia,Software,Partner,97,577.06,0.3500,36383.63,16184.45
O-09619,2026-06-17,C-0237,US,US Central,Hardware,Partner,4,1539.38,0.3476,4017.30,3971.60
O-09620,2026-06-17,C-0030,US,US Central,Support & CS,Partner,5,1252.79,0.3500,4071.57,3356.75
O-09621,2026-06-17,C-0248,US,US Central,Hardware,Direct,12,2241.99,0.3500,17487.52,17041.44
O-09622,2026-06-17,C-0035,APAC,Greater China,Services,Direct,12,452.99,0.3500,3533.32,3315.96
O-09623,2026-06-17,C-0458,EU,Benelux & Nordics,Hardware,Online,12,3594.49,0.3067,29906.78,34865.52
O-09624,2026-06-17,C-0751,US,US West,Hardware,Partner,17,1796.37,0.3500,19849.89,19356.03
O-09625,2026-06-17,C-0161,APAC,ANZ,Software,Partner,22,872.79,0.3500,12480.90,5646.96
O-09626,2026-06-17,C-0752,EU,Benelux & Nordics,Services,Direct,22,584.10,0.3500,8352.63,8681.42
O-09627,2026-06-17,C-0398,EU,DACH,Hardware,Online,3,3190.67,0.2913,6783.99,7394.46
O-09628,2026-06-17,C-0479,US,US West,Software,Direct,47,566.25,0.3500,17298.94,7582.98
O-09629,2026-06-17,C-0634,US,US Central,Hardware,Partner,14,1160.51,0.3500,10560.64,10522.40
O-09630,2026-06-17,C-0661,EU,Southern Europe,Software,Partner,62,359.61,0.3500,14492.28,6786.52
O-09631,2026-06-17,C-0348,EU,UK & Ireland,Hardware,Online,2,3195.03,0.2984,4483.13,4991.28
O-09632,2026-06-17,C-0283,APAC,Southeast Asia,Hardware,Partner,10,1898.67,0.3500,12341.36,12202.20
O-09633,2026-06-17,C-0727,EU,UK & Ireland,Support & CS,Partner,2,1932.99,0.3500,2512.89,2283.42
O-09634,2026-06-18,C-0286,US,US East,Software,Online,15,872.57,0.2598,9688.44,3883.20
O-09635,2026-06-18,C-0614,US,US West,Hardware,Partner,9,747.66,0.3336,4483.86,4327.29
O-09636,2026-06-18,C-0062,EU,UK & Ireland,Hardware,Partner,8,3049.99,0.3500,15859.95,18908.40
O-09637,2026-06-18,C-0776,EU,Southern Europe,Services,Online,7,502.98,0.3044,2449.09,2411.43
O-09638,2026-06-18,C-0465,EU,DACH,Hardware,Online,13,4104.00,0.3134,36631.86,42207.88
O-09639,2026-06-18,C-0630,US,US Central,Software,Direct,19,262.07,0.3500,3236.56,1422.15
O-09640,2026-06-18,C-0064,EU,UK & Ireland,Services,Partner,15,180.66,0.3500,1761.44,1827.60
O-09641,2026-06-18,C-0041,US,US Central,Hardware,Direct,1,3673.26,0.3500,2387.62,2422.34
O-09642,2026-06-18,C-0180,EU,UK & Ireland,Software,Partner,21,617.26,0.3500,8425.60,3879.75
O-09643,2026-06-18,C-0376,EU,DACH,Software,Partner,76,685.00,0.3500,33839.00,15890.84
O-09644,2026-06-18,C-0161,APAC,ANZ,Hardware,Partner,15,4048.85,0.3500,39476.29,40138.95
O-09645,2026-06-18,C-0164,US,US West,Services,Online,45,640.71,0.2371,21996.42,16991.10
O-09646,2026-06-18,C-0259,EU,Southern Europe,Hardware,Partner,15,2752.95,0.3500,26841.26,32020.20
O-09647,2026-06-18,C-0073,EU,UK & Ireland,Hardware,Direct,4,2963.26,0.3500,7704.48,9224.40
O-09648,2026-06-18,C-0149,EU,Southern Europe,Services,Partner,31,253.28,0.3500,5103.59,5386.56
O-09649,2026-06-18,C-0518,APAC,Southeast Asia,Support & CS,Partner,1,2013.49,0.3306,1347.88,1102.48
O-09650,2026-06-18,C-0055,EU,UK & Ireland,Hardware,Online,5,3392.07,0.2925,11999.57,13251.15
O-09651,2026-06-18,C-0107,US,US Central,Services,Direct,13,486.31,0.3500,4109.32,3904.81
O-09652,2026-06-18,C-0462,EU,Benelux & Nordics,Software,Direct,69,580.80,0.3500,26048.88,12523.50
O-09653,2026-06-18,C-0637,APAC,Greater China,Hardware,Partner,17,2392.04,0.3500,26432.04,27112.11
O-09654,2026-06-18,C-0232,EU,Southern Europe,Hardware,Partner,3,1239.49,0.3500,2417.01,2945.19
O-09655,2026-06-18,C-0328,US,US Central,Software,Online,5,655.49,0.2605,2423.80,974.15
O-09656,2026-06-18,C-0379,APAC,Greater China,Software,Partner,105,706.69,0.3405,48938.67,22361.85
O-09657,2026-06-18,C-0325,US,US East,Hardware,Partner,15,2950.36,0.3500,28766.01,28003.50
O-09658,2026-06-18,C-0390,EU,Benelux & Nordics,Hardware,Online,6,1692.80,0.3194,6912.86,8199.90
O-09659,2026-06-18,C-0230,US,US East,Hardware,Partner,17,3506.04,0.3452,39026.58,38526.42
O-09660,2026-06-18,C-0114,US,US Central,Hardware,Partner,11,3560.25,0.3432,25723.32,25115.20
O-09661,2026-06-18,C-0311,EU,DACH,Software,Partner,66,516.47,0.3500,22156.56,10629.96
O-09662,2026-06-18,C-0430,EU,UK & Ireland,Services,Partner,30,406.44,0.3500,7925.58,7913.70
O-09663,2026-06-19,C-0599,EU,UK & Ireland,Services,Partner,19,463.33,0.3500,5722.13,5710.07
O-09664,2026-06-19,C-0727,EU,UK & Ireland,Hardware,Partner,4,1536.12,0.3500,3993.91,4956.44
O-09665,2026-06-19,C-0315,APAC,Japan,Hardware,Partner,5,3648.74,0.3371,12093.42,11664.45
O-09666,2026-06-19,C-0785,US,US East,Support & CS,Online,6,2266.31,0.2764,9839.00,7277.04
O-09667,2026-06-19,C-0294,EU,Southern Europe,Hardware,Partner,2,3747.17,0.3500,4871.32,6003.54
O-09668,2026-06-19,C-0647,APAC,Southeast Asia,Support & CS,Partner,3,316.02,0.3500,616.24,515.25
O-09669,2026-06-19,C-0470,EU,UK & Ireland,Hardware,Direct,16,1615.08,0.3500,16796.83,20241.44
O-09670,2026-06-19,C-0508,APAC,ANZ,Services,Partner,45,541.39,0.3500,15835.66,14613.75
O-09671,2026-06-19,C-0098,EU,DACH,Hardware,Online,16,4196.82,0.2967,47223.43,52007.52
O-09672,2026-06-19,C-0771,EU,UK & Ireland,Hardware,Partner,2,2810.58,0.3500,3653.75,4319.86
O-09673,2026-06-19,C-0058,US,US Central,Hardware,Partner,7,1386.09,0.3500,6306.71,6244.35
O-09674,2026-06-19,C-0691,US,US East,Hardware,Direct,11,2527.56,0.3500,18072.05,17615.18
O-09675,2026-06-19,C-0517,EU,UK & Ireland,Services,Partner,29,405.24,0.3500,7638.77,7843.63
O-09676,2026-06-19,C-0777,EU,UK & Ireland,Hardware,Direct,17,1622.36,0.3500,17927.08,22047.30
O-09677,2026-06-19,C-0435,APAC,Japan,Hardware,Partner,8,3435.52,0.3500,17864.70,17789.76
O-09678,2026-06-19,C-0423,US,US East,Hardware,Partner,18,1171.53,0.3500,13706.90,13129.02
O-09679,2026-06-19,C-0772,EU,DACH,Software,Partner,110,626.32,0.3500,44781.88,21566.60
O-09680,2026-06-19,C-0738,EU,DACH,Services,Partner,1,254.18,0.3500,165.22,172.68
O-09681,2026-06-19,C-0248,US,US Central,Services,Direct,44,174.30,0.3500,4984.98,4532.44
O-09682,2026-06-19,C-0056,US,US East,Support & CS,Direct,7,1851.62,0.3500,8424.87,6929.72
O-09683,2026-06-19,C-0751,US,US West,Software,Direct,5,824.25,0.3500,2678.81,1192.70
O-09684,2026-06-19,C-0082,EU,Southern Europe,Support & CS,Partner,4,1659.55,0.3500,4314.83,3745.20
O-09685,2026-06-19,C-0532,EU,DACH,Software,Partner,52,477.68,0.3500,16145.58,7433.92
O-09686,2026-06-19,C-0390,EU,Benelux & Nordics,Hardware,Partner,16,3980.90,0.3500,41401.36,50760.96
O-09687,2026-06-19,C-0206,APAC,Japan,Software,Direct,103,474.26,0.3500,31751.71,14064.65
O-09688,2026-06-19,C-0108,APAC,Greater China,Software,Online,39,159.47,0.2530,4645.80,1875.12
O-09689,2026-06-19,C-0099,US,US East,Support & CS,Partner,11,765.95,0.3340,5611.46,4574.79
O-09690,2026-06-19,C-0122,US,US West,Services,Partner,3,455.37,0.3441,896.01,799.50
O-09691,2026-06-19,C-0767,US,US East,Support & CS,Direct,6,1680.92,0.3500,6555.59,5526.42
O-09692,2026-06-19,C-0384,US,US West,Support & CS,Partner,12,1218.52,0.3500,9504.46,7823.28
O-09693,2026-06-19,C-0271,EU,DACH,Software,Online,30,714.14,0.2980,15039.72,6434.10
O-09694,2026-06-19,C-0194,US,US West,Hardware,Partner,13,2708.54,0.3500,22887.16,22761.18
O-09695,2026-06-20,C-0080,EU,Benelux & Nordics,Software,Partner,63,108.26,0.3500,4433.25,2056.32
O-09696,2026-06-20,C-0582,APAC,Greater China,Software,Partner,39,271.74,0.3388,7007.25,3064.23
O-09697,2026-06-20,C-0396,EU,DACH,Support & CS,Online,10,918.08,0.2982,6443.13,5387.40
O-09698,2026-06-20,C-0398,EU,DACH,Support & CS,Partner,10,1355.19,0.3500,8808.74,7747.00
O-09699,2026-06-20,C-0613,EU,Benelux & Nordics,Services,Partner,22,492.91,0.3500,7048.61,7060.68
O-09700,2026-06-20,C-0260,APAC,ANZ,Software,Partner,36,721.00,0.3463,16968.11,7518.24
O-09701,2026-06-20,C-0049,EU,DACH,Services,Online,42,354.25,0.3075,10303.90,9811.20
O-09702,2026-06-20,C-0698,US,US West,Hardware,Direct,13,875.72,0.3500,7399.83,7183.67
O-09703,2026-06-20,C-0579,APAC,ANZ,Services,Partner,32,234.39,0.3500,4875.31,4670.72
O-09704,2026-06-20,C-0035,APAC,Greater China,Hardware,Online,8,3903.35,0.2599,23111.40,20846.32
O-09705,2026-06-20,C-0726,EU,DACH,Services,Partner,43,190.05,0.3500,5311.90,5303.62
O-09706,2026-06-20,C-0021,EU,DACH,Hardware,Online,6,2737.40,0.3143,11262.46,12877.62
O-09707,2026-06-20,C-0777,EU,UK & Ireland,Hardware,Partner,2,2715.84,0.3500,3530.59,4270.96
O-09708,2026-06-20,C-0258,EU,UK & Ireland,Software,Partner,114,405.01,0.3500,30011.24,14196.42
O-09709,2026-06-20,C-0378,EU,Benelux & Nordics,Support & CS,Direct,12,1511.61,0.3500,11790.56,10520.28
O-09710,2026-06-20,C-0755,EU,Benelux & Nordics,Support & CS,Partner,2,1236.16,0.3500,1607.01,1471.08
O-09711,2026-06-20,C-0473,EU,Southern Europe,Hardware,Direct,16,2462.90,0.3500,25614.16,31531.20
O-09712,2026-06-20,C-0519,US,US East,Hardware,Partner,18,2161.74,0.3500,25292.36,25354.08
O-09713,2026-06-20,C-0784,US,US Central,Hardware,Partner,7,1075.17,0.3500,4892.02,4737.88
O-09714,2026-06-20,C-0531,APAC,Japan,Hardware,Direct,5,1182.56,0.3500,3843.32,3784.10
O-09715,2026-06-20,C-0323,APAC,Southeast Asia,Hardware,Partner,14,2236.86,0.3500,20355.43,20909.84
O-09716,2026-06-20,C-0422,EU,DACH,Hardware,Direct,9,2809.09,0.3500,16433.18,20389.86
O-09717,2026-06-20,C-0287,US,US East,Hardware,Partner,16,2462.62,0.3500,25611.25,25390.40
O-09718,2026-06-20,C-0620,EU,Southern Europe,Services,Online,32,497.19,0.2995,11145.48,10741.76
O-09719,2026-06-20,C-0225,US,US East,Hardware,Partner,3,2988.13,0.3454,5868.00,5575.38
O-09720,2026-06-20,C-0646,EU,DACH,Hardware,Partner,16,1131.42,0.3500,11766.77,13939.20
O-09721,2026-06-20,C-0452,APAC,Southeast Asia,Support & CS,Partner,12,1117.52,0.3464,8765.26,7419.36
O-09722,2026-06-20,C-0158,US,US West,Hardware,Partner,3,940.61,0.3484,1838.67,1812.57
O-09723,2026-06-20,C-0541,APAC,ANZ,Software,Online,62,640.15,0.2429,30048.11,11633.06
O-09724,2026-06-20,C-0524,US,US Central,Hardware,Partner,1,2871.35,0.3500,1866.38,1823.80
O-09725,2026-06-20,C-0413,US,US West,Services,Direct,45,502.21,0.3500,14689.64,13256.10
O-09726,2026-06-20,C-0014,US,US West,Software,Direct,84,64.84,0.3500,3540.26,1573.32
O-09727,2026-06-21,C-0136,EU,UK & Ireland,Support & CS,Direct,11,1208.78,0.3500,8642.78,7619.37
O-09728,2026-06-21,C-0078,EU,UK & Ireland,Support & CS,Partner,3,1343.52,0.3500,2619.86,2360.43
O-09729,2026-06-21,C-0719,APAC,Southeast Asia,Software,Partner,49,811.73,0.3500,25853.60,11905.53
O-09730,2026-06-21,C-0768,EU,DACH,Software,Online,104,642.54,0.3074,46281.47,20802.08
O-09731,2026-06-21,C-0129,US,US Central,Software,Online,30,427.59,0.2786,9253.96,3630.60
O-09732,2026-06-21,C-0761,US,US West,Support & CS,Direct,5,716.13,0.3500,2327.42,1854.80
O-09733,2026-06-21,C-0275,EU,UK & Ireland,Support & CS,Online,1,881.27,0.2796,634.85,507.97
O-09734,2026-06-21,C-0053,APAC,Japan,Support & CS,Partner,5,2094.49,0.3317,6999.25,5641.10
O-09735,2026-06-21,C-0396,EU,DACH,Software,Partner,23,165.47,0.3500,2473.78,1154.37
O-09736,2026-06-21,C-0078,EU,UK & Ireland,Support & CS,Online,9,1361.16,0.2993,8583.46,7078.14
O-09737,2026-06-21,C-0628,APAC,ANZ,Software,Direct,28,273.20,0.3500,4972.24,2270.80
O-09738,2026-06-21,C-0028,APAC,Greater China,Services,Direct,30,198.07,0.3500,3862.36,3645.90
O-09739,2026-06-21,C-0639,EU,UK & Ireland,Software,Partner,10,484.69,0.3500,3150.48,1495.90
O-09740,2026-06-21,C-0577,US,US East,Support & CS,Partner,8,707.31,0.3500,3678.01,2967.04
O-09741,2026-06-21,C-0022,APAC,Southeast Asia,Hardware,Partner,11,2268.32,0.3500,16218.49,15949.56
O-09742,2026-06-21,C-0341,EU,UK & Ireland,Support & CS,Partner,6,1837.85,0.3500,7167.61,6217.38
O-09743,2026-06-21,C-0216,APAC,Japan,Hardware,Online,12,3382.01,0.2736,29479.62,26398.32
O-09744,2026-06-21,C-0022,APAC,Southeast Asia,Software,Direct,17,808.91,0.3500,8938.46,4134.06
O-09745,2026-06-21,C-0444,EU,DACH,Software,Partner,26,397.28,0.3500,6714.03,3114.54
O-09746,2026-06-21,C-0790,EU,UK & Ireland,Services,Direct,2,538.51,0.3500,700.06,730.04
O-09747,2026-06-21,C-0040,EU,Southern Europe,Software,Partner,81,226.18,0.3500,11908.38,5606.01
O-09748,2026-06-21,C-0125,EU,DACH,Hardware,Partner,6,1481.69,0.3500,5778.59,6987.36
O-09749,2026-06-21,C-0323,APAC,Southeast Asia,Software,Partner,56,695.30,0.3500,25308.92,11166.40
O-09750,2026-06-21,C-0230,US,US East,Hardware,Online,14,2805.23,0.2410,29807.94,25468.10
O-09751,2026-06-21,C-0779,EU,DACH,Software,Partner,79,763.39,0.3500,39200.08,18598.97
O-09752,2026-06-21,C-0618,EU,DACH,Hardware,Online,14,980.81,0.2738,9971.67,10760.26
O-09753,2026-06-21,C-0184,US,US West,Software,Partner,81,264.08,0.3500,13903.81,6147.09
O-09754,2026-06-21,C-0295,US,US East,Hardware,Partner,10,1918.43,0.3500,12469.80,11988.90
O-09755,2026-06-21,C-0546,EU,Southern Europe,Software,Direct,109,124.17,0.3500,8797.44,4242.28
O-09756,2026-06-21,C-0672,EU,Southern Europe,Services,Partner,6,534.45,0.3500,2084.36,2119.26
O-09757,2026-06-22,C-0774,US,US East,Support & CS,Online,10,849.59,0.2685,6214.54,4569.10
O-09758,2026-06-22,C-0273,EU,DACH,Software,Partner,79,314.48,0.3500,16148.55,7530.28
O-09759,2026-06-22,C-0508,APAC,ANZ,Hardware,Partner,9,4005.53,0.3320,24079.50,23908.77
O-09760,2026-06-22,C-0742,US,US Central,Software,Partner,102,117.11,0.3500,7764.39,3578.16
O-09761,2026-06-22,C-0553,US,US Central,Support & CS,Partner,11,654.96,0.3500,4682.96,3910.72
O-09762,2026-06-22,C-0334,APAC,Japan,Software,Partner,99,97.97,0.3390,6411.35,2922.48
O-09763,2026-06-22,C-0534,EU,UK & Ireland,Hardware,Partner,8,3126.33,0.3500,16256.92,19822.00
O-09764,2026-06-22,C-0381,EU,DACH,Services,Partner,19,280.08,0.3500,3458.99,3620.83
O-09765,2026-06-22,C-0650,EU,DACH,Services,Online,41,641.01,0.3182,17918.61,17330.29
O-09766,2026-06-22,C-0032,EU,Southern Europe,Hardware,Partner,7,3453.96,0.3500,15715.52,19598.11
O-09767,2026-06-22,C-0226,EU,UK & Ireland,Support & CS,Direct,5,1454.78,0.3500,4728.03,4163.95
O-09768,2026-06-22,C-0102,US,US East,Services,Partner,2,122.00,0.3500,158.60,149.32
O-09769,2026-06-22,C-0010,APAC,Southeast Asia,Support & CS,Online,5,2208.02,0.2786,7964.07,6060.40
O-09770,2026-06-22,C-0274,US,US East,Support & CS,Direct,5,1144.89,0.3500,3720.89,3130.20
O-09771,2026-06-22,C-0718,APAC,Southeast Asia,Hardware,Direct,9,1298.10,0.3500,7593.89,7798.59
O-09772,2026-06-22,C-0750,US,US Central,Hardware,Direct,4,3272.20,0.3500,8507.72,8376.84
O-09773,2026-06-22,C-0713,US,US Central,Hardware,Partner,12,1474.43,0.3500,11500.55,11631.36
O-09774,2026-06-22,C-0719,APAC,Southeast Asia,Services,Direct,2,461.33,0.3500,599.73,554.76
O-09775,2026-06-22,C-0794,APAC,ANZ,Hardware,Partner,17,1852.57,0.3378,20856.48,20652.45
O-09776,2026-06-22,C-0776,EU,Southern Europe,Services,Partner,7,369.52,0.3500,1681.32,1744.12
O-09777,2026-06-22,C-0483,US,US East,Services,Online,26,319.90,0.2325,6383.53,5064.54
O-09778,2026-06-22,C-0617,APAC,ANZ,Hardware,Partner,5,1536.82,0.3435,5044.87,4972.45
O-09779,2026-06-22,C-0371,EU,Benelux & Nordics,Hardware,Partner,6,2299.11,0.3500,8966.53,11145.90
O-09780,2026-06-22,C-0478,EU,UK & Ireland,Support & CS,Partner,7,2128.46,0.3500,9684.49,8713.32
O-09781,2026-06-22,C-0242,APAC,Japan,Software,Partner,109,675.53,0.3317,49212.23,21312.77
O-09782,2026-06-22,C-0152,EU,DACH,Software,Partner,67,633.59,0.3500,27592.84,13153.44
O-09783,2026-06-22,C-0240,US,US West,Hardware,Online,14,3807.63,0.2470,40138.74,34266.12
O-09784,2026-06-23,C-0084,US,US Central,Services,Partner,26,255.24,0.3420,4366.62,4056.78
O-09785,2026-06-23,C-0741,APAC,Greater China,Services,Partner,4,638.20,0.3500,1659.32,1586.80
O-09786,2026-06-23,C-0673,US,US West,Software,Partner,56,217.88,0.3439,8005.36,3479.84
O-09787,2026-06-23,C-0245,US,US East,Support & CS,Partner,9,386.85,0.3392,2300.68,1823.85
O-09788,2026-06-23,C-0052,EU,Benelux & Nordics,Support & CS,Direct,11,858.25,0.3500,6136.49,5503.63
O-09789,2026-06-23,C-0353,APAC,Japan,Software,Partner,115,571.53,0.3484,42829.69,19750.10
O-09790,2026-06-23,C-0355,APAC,Southeast Asia,Software,Partner,33,744.54,0.3500,15970.38,7160.34
O-09791,2026-06-23,C-0132,US,US West,Software,Direct,89,305.55,0.3500,17676.07,7754.57
O-09792,2026-06-23,C-0764,APAC,Greater China,Software,Direct,91,367.57,0.3500,21741.77,9723.35
O-09793,2026-06-23,C-0062,EU,UK & Ireland,Software,Partner,36,659.63,0.3500,15435.34,7299.00
O-09794,2026-06-23,C-0473,EU,Southern Europe,Hardware,Partner,15,1173.89,0.3500,11445.43,13628.10
O-09795,2026-06-23,C-0027,US,US West,Services,Partner,44,215.63,0.3414,6248.29,5738.04
O-09796,2026-06-23,C-0786,APAC,ANZ,Hardware,Partner,12,1101.72,0.3348,8794.55,8819.76
O-09797,2026-06-23,C-0399,EU,DACH,Hardware,Direct,7,3303.75,0.3500,15032.06,18223.94
O-09798,2026-06-23,C-0720,US,US West,Software,Direct,24,357.44,0.3500,5576.06,2524.32
O-09799,2026-06-23,C-0009,US,US West,Hardware,Direct,14,646.47,0.3500,5882.88,5747.42
O-09800,2026-06-23,C-0383,EU,DACH,Services,Partner,45,432.23,0.3500,12642.73,12857.40
O-09801,2026-06-23,C-0134,EU,UK & Ireland,Services,Partner,15,593.46,0.3500,5786.24,5983.20
O-09802,2026-06-23,C-0238,EU,DACH,Software,Online,88,846.03,0.2946,52515.85,22916.08
O-09803,2026-06-23,C-0353,APAC,Japan,Hardware,Online,15,589.73,0.2751,6412.64,5897.55
O-09804,2026-06-23,C-0553,US,US Central,Services,Direct,17,522.62,0.3500,5774.95,5341.91
O-09805,2026-06-23,C-0573,APAC,Southeast Asia,Hardware,Direct,7,1628.71,0.3500,7410.63,7294.42
O-09806,2026-06-23,C-0462,EU,Benelux & Nordics,Support & CS,Direct,4,772.61,0.3500,2008.79,1820.88
O-09807,2026-06-23,C-0771,EU,UK & Ireland,Hardware,Partner,11,3805.45,0.3500,27208.97,32330.54
O-09808,2026-06-23,C-0441,US,US East,Software,Partner,56,205.73,0.3500,7488.57,3420.48
O-09809,2026-06-23,C-0766,EU,DACH,Software,Partner,23,179.08,0.3500,2677.25,1281.79
O-09810,2026-06-23,C-0654,APAC,ANZ,Services,Partner,13,445.92,0.3322,3871.24,3610.75
O-09811,2026-06-24,C-0647,APAC,Southeast Asia,Hardware,Partner,16,2028.82,0.3500,21099.73,21456.48
O-09812,2026-06-24,C-0238,EU,DACH,Hardware,Partner,6,3374.14,0.3500,13159.15,15634.56
O-09813,2026-06-24,C-0527,US,US West,Hardware,Direct,3,4027.44,0.3500,7853.51,7965.45
O-09814,2026-06-24,C-0051,APAC,Japan,Hardware,Direct,2,3650.09,0.3500,4745.12,4867.84
O-09815,2026-06-24,C-0444,EU,DACH,Software,Online,31,435.54,0.2773,9757.04,4189.34
O-09816,2026-06-24,C-0191,US,US East,Hardware,Direct,12,2715.86,0.3500,21183.71,20371.44
O-09817,2026-06-24,C-0262,EU,DACH,Hardware,Partner,13,952.85,0.3500,8051.58,10049.52
O-09818,2026-06-24,C-0078,EU,UK & Ireland,Hardware,Partner,11,3370.16,0.3500,24096.64,29498.92
O-09819,2026-06-24,C-0525,EU,Benelux & Nordics,Software,Partner,66,187.12,0.3500,8027.45,3804.24
O-09820,2026-06-24,C-0289,US,US West,Software,Partner,95,189.51,0.3500,11702.24,5138.55
O-09821,2026-06-24,C-0391,EU,DACH,Hardware,Partner,15,2633.38,0.3500,25675.46,31945.50
O-09822,2026-06-24,C-0425,EU,Benelux & Nordics,Hardware,Direct,6,805.33,0.3500,3140.79,3712.20
O-09823,2026-06-24,C-0708,EU,DACH,Hardware,Partner,6,2238.57,0.3500,8730.42,10565.52
O-09824,2026-06-24,C-0636,APAC,Japan,Services,Direct,9,589.58,0.3500,3449.04,3267.18
O-09825,2026-06-24,C-0657,US,US Central,Hardware,Direct,16,3882.03,0.3500,40373.11,40816.96
O-09826,2026-06-24,C-0725,EU,Southern Europe,Support & CS,Direct,2,332.11,0.3500,431.74,395.96
O-09827,2026-06-24,C-0413,US,US West,Hardware,Partner,10,368.75,0.3352,2451.55,2396.60
O-09828,2026-06-24,C-0764,APAC,Greater China,Support & CS,Partner,1,382.97,0.3500,248.93,211.69
O-09829,2026-06-24,C-0020,APAC,ANZ,Hardware,Direct,13,2028.26,0.3500,17138.80,17382.82
O-09830,2026-06-24,C-0080,EU,Benelux & Nordics,Hardware,Partner,6,3643.93,0.3500,14211.33,17652.06
O-09831,2026-06-24,C-0035,APAC,Greater China,Hardware,Partner,13,1509.33,0.3500,12753.84,13069.29
O-09832,2026-06-24,C-0334,APAC,Japan,Software,Direct,7,588.90,0.3500,2679.50,1220.17
O-09833,2026-06-24,C-0650,EU,DACH,Hardware,Partner,16,3673.54,0.3500,38204.82,46319.20
O-09834,2026-06-24,C-0367,APAC,Southeast Asia,Services,Online,28,340.58,0.2353,7292.67,5771.92
O-09835,2026-06-24,C-0645,APAC,Southeast Asia,Software,Direct,101,837.80,0.3500,55001.57,25343.93
O-09836,2026-06-24,C-0086,EU,UK & Ireland,Software,Partner,99,454.77,0.3500,29264.45,14024.34
O-09837,2026-06-24,C-0061,US,US Central,Software,Partner,28,390.50,0.3500,7107.10,3105.20
O-09838,2026-06-24,C-0550,APAC,ANZ,Software,Partner,20,822.57,0.3500,10693.41,4967.80
O-09839,2026-06-24,C-0096,US,US East,Software,Partner,8,615.83,0.3500,3202.32,1407.68
O-09840,2026-06-24,C-0252,EU,Southern Europe,Software,Partner,82,278.76,0.3500,14857.91,6833.06
O-09841,2026-06-24,C-0272,EU,UK & Ireland,Hardware,Partner,11,1136.81,0.3500,8128.19,9869.20
O-09842,2026-06-25,C-0196,APAC,Japan,Services,Partner,14,189.02,0.3339,1762.61,1634.36
O-09843,2026-06-25,C-0038,US,US West,Support & CS,Online,9,414.54,0.2323,2864.35,1944.00
O-09844,2026-06-25,C-0556,US,US West,Services,Partner,10,150.38,0.3500,977.47,922.80
O-09845,2026-06-25,C-0297,US,US West,Hardware,Online,1,961.19,0.2538,717.26,609.46
O-09846,2026-06-25,C-0093,US,US West,Hardware,Online,4,1870.39,0.2743,5429.52,4705.20
O-09847,2026-06-25,C-0167,EU,UK & Ireland,Software,Direct,66,576.51,0.3500,24732.28,11975.04
O-09848,2026-06-25,C-0192,APAC,Japan,Hardware,Partner,5,1047.25,0.3481,3413.69,3465.25
O-09849,2026-06-25,C-0429,APAC,Japan,Hardware,Online,2,445.03,0.2409,675.61,579.30
O-09850,2026-06-25,C-0768,EU,DACH,Software,Partner,114,811.40,0.3500,60124.74,28543.32
O-09851,2026-06-25,C-0524,US,US Central,Hardware,Direct,8,1031.56,0.3500,5364.11,5409.28
O-09852,2026-06-25,C-0117,APAC,Southeast Asia,Hardware,Online,16,3561.80,0.2527,42585.48,36614.40
O-09853,2026-06-25,C-0755,EU,Benelux & Nordics,Hardware,Direct,16,2300.76,0.3500,23927.90,28679.68
O-09854,2026-06-25,C-0695,EU,Benelux & Nordics,Services,Partner,31,516.14,0.3500,10400.22,10382.83
O-09855,2026-06-25,C-0791,US,US West,Software,Partner,40,332.33,0.3500,8640.58,3903.20
O-09856,2026-06-25,C-0053,APAC,Japan,Support & CS,Partner,2,1586.08,0.3500,2061.90,1700.40
O-09857,2026-06-25,C-0376,EU,DACH,Hardware,Direct,6,2819.00,0.3500,10994.10,13465.86
O-09858,2026-06-25,C-0786,APAC,ANZ,Services,Partner,28,414.13,0.3500,7537.17,7166.32
O-09859,2026-06-25,C-0316,US,US East,Hardware,Online,13,2733.23,0.2710,25904.13,22934.47
O-09860,2026-06-25,C-0337,US,US East,Software,Partner,41,737.66,0.3324,20189.71,8543.58
O-09861,2026-06-25,C-0374,APAC,ANZ,Software,Partner,63,542.93,0.3458,22375.29,9958.41
O-09862,2026-06-25,C-0212,APAC,ANZ,Hardware,Partner,15,1979.15,0.3500,19296.71,19697.85
O-09863,2026-06-25,C-0387,US,US Central,Support & CS,Direct,8,1073.66,0.3500,5583.03,4532.96
O-09864,2026-06-25,C-0464,US,US East,Services,Partner,2,591.62,0.3500,769.11,708.38
O-09865,2026-06-25,C-0587,EU,UK & Ireland,Hardware,Partner,18,3635.49,0.3500,42535.23,52257.96
O-09866,2026-06-26,C-0652,US,US West,Hardware,Partner,18,652.40,0.3500,7633.08,7639.02
O-09867,2026-06-26,C-0491,US,US East,Hardware,Online,3,903.01,0.2452,2044.88,1785.57
O-09868,2026-06-26,C-0685,US,US East,Hardware,Partner,14,3766.75,0.3350,35068.20,33775.98
O-09869,2026-06-26,C-0450,US,US East,Support & CS,Partner,9,1837.79,0.3431,10865.52,8949.78
O-09870,2026-06-26,C-0482,APAC,Greater China,Software,Direct,105,726.86,0.3500,49608.20,23053.80
O-09871,2026-06-26,C-0693,EU,Southern Europe,Software,Online,78,705.22,0.2984,38592.67,16500.90
O-09872,2026-06-26,C-0685,US,US East,Hardware,Partner,7,959.55,0.3500,4365.95,4237.66
O-09873,2026-06-26,C-0385,US,US West,Hardware,Partner,3,953.12,0.3500,1858.58,1846.89
O-09874,2026-06-26,C-0642,EU,DACH,Software,Direct,53,307.43,0.3500,10590.96,5042.95
O-09875,2026-06-26,C-0163,US,US East,Hardware,Partner,10,2322.29,0.3500,15094.89,14669.00
O-09876,2026-06-26,C-0019,EU,UK & Ireland,Support & CS,Direct,4,253.48,0.3500,659.05,598.48
O-09877,2026-06-26,C-0377,EU,DACH,Software,Partner,42,132.35,0.3500,3613.16,1694.70
O-09878,2026-06-26,C-0017,US,US Central,Services,Partner,17,601.49,0.3479,6667.56,6299.52
O-09879,2026-06-26,C-0468,EU,Southern Europe,Support & CS,Partner,4,694.42,0.3500,1805.49,1642.48
O-09880,2026-06-26,C-0332,EU,Benelux & Nordics,Software,Direct,89,889.09,0.3500,51433.86,24397.57
O-09881,2026-06-26,C-0722,US,US East,Services,Direct,28,301.93,0.3500,5495.13,5169.92
O-09882,2026-06-26,C-0359,EU,DACH,Software,Direct,59,811.18,0.3500,31108.75,14714.60
O-09883,2026-06-26,C-0129,US,US Central,Software,Partner,19,564.24,0.3304,7178.13,3196.94
O-09884,2026-06-26,C-0260,APAC,ANZ,Software,Direct,38,288.60,0.3500,7128.42,3295.36
O-09885,2026-06-26,C-0610,EU,Southern Europe,Hardware,Partner,6,1670.96,0.3500,6516.74,7704.60
O-09886,2026-06-26,C-0559,EU,DACH,Software,Direct,29,140.27,0.3500,2644.09,1238.30
O-09887,2026-06-26,C-0108,APAC,Greater China,Support & CS,Partner,2,1329.31,0.3500,1728.10,1476.00
O-09888,2026-06-26,C-0365,APAC,ANZ,Hardware,Online,5,1721.30,0.2741,6247.12,5722.30
O-09889,2026-06-26,C-0334,APAC,Japan,Hardware,Partner,11,1236.48,0.3381,9002.82,8747.20
O-09890,2026-06-26,C-0049,EU,DACH,Software,Partner,5,786.12,0.3500,2554.89,1243.85
O-09891,2026-06-26,C-0147,APAC,Greater China,Hardware,Online,3,1581.39,0.2678,3473.50,3122.28
O-09892,2026-06-26,C-0097,APAC,ANZ,Software,Direct,16,776.72,0.3500,8077.89,3712.64
O-09893,2026-06-27,C-0198,EU,Southern Europe,Hardware,Partner,1,1958.42,0.3500,1272.97,1593.73
O-09894,2026-06-27,C-0120,EU,Benelux & Nordics,Services,Online,19,462.54,0.3159,6011.66,5808.30
O-09895,2026-06-27,C-0639,EU,UK & Ireland,Hardware,Online,2,1749.37,0.2843,2503.94,2750.60
O-09896,2026-06-27,C-0782,EU,Benelux & Nordics,Services,Partner,2,176.30,0.3500,229.19,232.56
O-09897,2026-06-27,C-0162,US,US West,Hardware,Direct,10,1781.06,0.3500,11576.89,11170.60
O-09898,2026-06-27,C-0261,EU,DACH,Services,Direct,6,167.99,0.3500,655.16,687.54
O-09899,2026-06-27,C-0313,US,US East,Hardware,Partner,13,438.65,0.3500,3706.59,3586.96
O-09900,2026-06-27,C-0630,US,US Central,Software,Direct,114,673.81,0.3500,49929.32,22406.70
O-09901,2026-06-27,C-0455,US,US West,Hardware,Partner,4,1483.47,0.3500,3857.02,3888.04
O-09902,2026-06-27,C-0383,EU,DACH,Hardware,Partner,14,2077.98,0.3500,18909.62,23356.90
O-09903,2026-06-27,C-0175,EU,UK & Ireland,Hardware,Online,10,1166.88,0.2931,8249.24,9168.90
O-09904,2026-06-27,C-0500,US,US West,Hardware,Partner,18,2023.90,0.3464,23812.19,23567.94
O-09905,2026-06-27,C-0320,US,US East,Hardware,Partner,16,891.63,0.3500,9272.95,9155.04
O-09906,2026-06-27,C-0330,US,US West,Software,Partner,89,618.61,0.3500,35786.59,16478.35
O-09907,2026-06-27,C-0510,US,US Central,Hardware,Partner,7,1527.24,0.3416,7039.17,6876.38
O-09908,2026-06-27,C-0063,EU,UK & Ireland,Hardware,Direct,3,3478.71,0.3500,6783.48,8326.29
O-09909,2026-06-27,C-0250,EU,Benelux & Nordics,Hardware,Partner,4,2638.48,0.3500,6860.05,8355.36
O-09910,2026-06-27,C-0243,EU,DACH,Services,Partner,19,173.18,0.3500,2138.77,2158.02
O-09911,2026-06-27,C-0368,EU,DACH,Hardware,Partner,13,2722.10,0.3500,23001.74,28316.34
O-09912,2026-06-27,C-0031,US,US Central,Software,Direct,112,97.05,0.3500,7065.24,3148.32
O-09913,2026-06-27,C-0771,EU,UK & Ireland,Software,Partner,27,589.92,0.3500,10353.10,5042.25
O-09914,2026-06-27,C-0629,US,US East,Hardware,Online,9,3447.49,0.2321,23827.47,19708.74
O-09915,2026-06-27,C-0724,EU,DACH,Hardware,Partner,11,1210.88,0.3500,8657.79,10759.98
O-09916,2026-06-28,C-0485,EU,UK & Ireland,Hardware,Direct,3,3270.00,0.3500,6376.50,7552.20
O-09917,2026-06-28,C-0792,EU,Benelux & Nordics,Support & CS,Partner,5,407.07,0.3500,1322.98,1149.95
O-09918,2026-06-28,C-0626,EU,DACH,Support & CS,Online,5,2179.02,0.2805,7839.15,6441.00
O-09919,2026-06-28,C-0352,US,US West,Hardware,Partner,9,3225.45,0.3500,18868.88,18339.84
O-09920,2026-06-28,C-0793,US,US East,Services,Online,24,327.11,0.2603,5806.95,4826.40
O-09921,2026-06-28,C-0340,EU,DACH,Support & CS,Online,11,1551.30,0.2701,12455.70,9678.13
O-09922,2026-06-28,C-0551,EU,UK & Ireland,Software,Online,112,874.56,0.2897,69578.04,30944.48
O-09923,2026-06-28,C-0696,APAC,Greater China,Software,Online,102,775.12,0.2322,60705.53,23464.08
O-09924,2026-06-28,C-0228,APAC,Japan,Services,Direct,3,609.63,0.3500,1188.78,1140.06
O-09925,2026-06-28,C-0205,US,US East,Software,Direct,32,82.72,0.3500,1720.58,767.68
O-09926,2026-06-28,C-0507,EU,DACH,Support & CS,Direct,9,1209.78,0.3500,7077.21,6438.69
O-09927,2026-06-28,C-0217,EU,UK & Ireland,Support & CS,Partner,3,743.14,0.3500,1449.12,1269.57
O-09928,2026-06-28,C-0496,EU,Benelux & Nordics,Support & CS,Online,3,2043.31,0.2982,4302.26,3533.04
O-09929,2026-06-28,C-0260,APAC,ANZ,Hardware,Partner,18,3879.59,0.3500,45391.20,46461.24
O-09930,2026-06-28,C-0110,EU,DACH,Support & CS,Partner,11,2267.58,0.3500,16213.20,14260.51
O-09931,2026-06-28,C-0310,US,US Central,Support & CS,Direct,4,1318.56,0.3500,3428.26,2878.52
O-09932,2026-06-28,C-0794,APAC,ANZ,Services,Partner,36,469.55,0.3500,10987.47,10234.44
O-09933,2026-06-28,C-0722,US,US East,Services,Partner,37,340.99,0.3500,8200.81,7370.40
O-09934,2026-06-28,C-0768,EU,DACH,Services,Partner,36,351.47,0.3500,8224.40,8376.48
O-09935,2026-06-28,C-0448,EU,UK & Ireland,Services,Partner,23,481.69,0.3500,7201.27,7317.68
O-09936,2026-06-28,C-0554,US,US East,Software,Partner,65,595.95,0.3500,25178.89,11516.05
O-09937,2026-06-28,C-0403,EU,DACH,Hardware,Direct,18,657.40,0.3500,7691.58,9198.18
O-09938,2026-06-28,C-0292,APAC,Japan,Hardware,Partner,9,2125.86,0.3500,12436.28,12654.18
O-09939,2026-06-28,C-0646,EU,DACH,Hardware,Partner,7,2713.43,0.3500,12346.11,14832.30
O-09940,2026-06-28,C-0262,EU,DACH,Software,Direct,70,626.10,0.3500,28487.55,13536.60
O-09941,2026-06-28,C-0393,EU,Southern Europe,Hardware,Partner,13,1917.84,0.3500,16205.75,20242.69
O-09942,2026-06-28,C-0308,APAC,Japan,Support & CS,Online,3,875.74,0.2439,1986.57,1397.19
O-09943,2026-06-28,C-0187,EU,Benelux & Nordics,Software,Online,64,427.56,0.2730,19894.75,8499.20
O-09944,2026-06-29,C-0061,US,US Central,Software,Partner,65,551.48,0.3327,23919.56,10393.50
O-09945,2026-06-29,C-0789,APAC,Greater China,Support & CS,Partner,9,2371.83,0.3500,13875.21,11863.08
O-09946,2026-06-29,C-0448,EU,UK & Ireland,Software,Online,85,568.33,0.2885,34373.33,14485.70
O-09947,2026-06-29,C-0364,EU,DACH,Software,Direct,15,899.00,0.3500,8765.25,4096.50
O-09948,2026-06-29,C-0500,US,US West,Hardware,Online,8,990.87,0.2613,5855.85,5132.16
O-09949,2026-06-29,C-0075,EU,UK & Ireland,Services,Partner,3,227.06,0.3500,442.77,448.98
O-09950,2026-06-29,C-0760,EU,Southern Europe,Software,Online,41,400.73,0.2738,11932.02,5055.71
O-09951,2026-06-29,C-0178,EU,DACH,Software,Partner,41,339.73,0.3500,9053.80,4181.18
O-09952,2026-06-29,C-0387,US,US Central,Software,Online,68,94.82,0.2546,4805.93,1863.20
O-09953,2026-06-29,C-0371,EU,Benelux & Nordics,Hardware,Direct,14,3080.78,0.3500,28035.10,33488.14
O-09954,2026-06-29,C-0587,EU,UK & Ireland,Hardware,Partner,14,708.95,0.3500,6451.45,7922.88
O-09955,2026-06-29,C-0744,US,US East,Hardware,Direct,5,1807.42,0.3500,5874.12,5863.45
O-09956,2026-06-29,C-0381,EU,DACH,Hardware,Direct,4,2490.49,0.3500,6475.27,7908.72
O-09957,2026-06-29,C-0181,US,US East,Hardware,Partner,10,499.97,0.3491,3254.24,3195.40
O-09958,2026-06-29,C-0794,APAC,ANZ,Software,Partner,19,791.81,0.3500,9778.85,4370.76
O-09959,2026-06-29,C-0301,US,US Central,Software,Partner,7,471.93,0.3500,2147.28,938.56
O-09960,2026-06-29,C-0717,US,US East,Hardware,Direct,2,3724.30,0.3500,4841.59,4824.58
O-09961,2026-06-29,C-0633,US,US Central,Services,Direct,34,535.58,0.3500,11836.32,11074.82
O-09962,2026-06-29,C-0607,APAC,Japan,Software,Direct,84,882.94,0.3500,48208.52,21940.80
O-09963,2026-06-29,C-0313,US,US East,Support & CS,Partner,5,1674.16,0.3500,5441.02,4494.95
O-09964,2026-06-29,C-0078,EU,UK & Ireland,Software,Partner,26,532.84,0.3500,9005.00,4274.14
O-09965,2026-06-29,C-0653,APAC,Southeast Asia,Services,Direct,44,366.33,0.3500,10477.04,9830.04
O-09966,2026-06-29,C-0775,US,US East,Services,Online,29,310.51,0.2776,6505.25,5514.93
O-09967,2026-06-29,C-0391,EU,DACH,Support & CS,Direct,11,1735.39,0.3500,12408.04,10753.16
O-09968,2026-06-29,C-0532,EU,DACH,Hardware,Partner,11,974.60,0.3500,6968.39,8493.76
O-09969,2026-06-29,C-0086,EU,UK & Ireland,Software,Online,10,868.32,0.2701,6337.49,2691.50
O-09970,2026-06-29,C-0133,US,US West,Services,Partner,24,237.50,0.3500,3705.00,3508.80
O-09971,2026-06-29,C-0788,EU,UK & Ireland,Services,Direct,27,568.14,0.3500,9970.86,10196.28
O-09972,2026-06-30,C-0267,US,US East,Support & CS,Online,11,1123.52,0.2317,9495.28,6739.92
O-09973,2026-06-30,C-0567,APAC,Southeast Asia,Software,Partner,19,790.73,0.3500,9765.52,4437.45
O-09974,2026-06-30,C-0800,US,US Central,Hardware,Partner,7,833.41,0.3387,3858.03,3746.68
O-09975,2026-06-30,C-0621,APAC,ANZ,Software,Partner,68,772.88,0.3500,34161.30,15176.24
O-09976,2026-06-30,C-0568,APAC,ANZ,Software,Direct,21,765.71,0.3500,10451.94,4877.04
O-09977,2026-06-30,C-0334,APAC,Japan,Services,Partner,14,146.50,0.3340,1366.03,1238.86
O-09978,2026-06-30,C-0517,EU,UK & Ireland,Software,Online,52,367.28,0.3176,13033.21,5869.76
O-09979,2026-06-30,C-0309,EU,UK & Ireland,Support & CS,Online,1,543.03,0.2767,392.76,313.40
O-09980,2026-06-30,C-0313,US,US East,Software,Partner,55,696.93,0.3441,25141.89,10992.85
O-09981,2026-06-30,C-0477,EU,UK & Ireland,Support & CS,Partner,3,1060.30,0.3500,2067.59,1881.21
O-09982,2026-06-30,C-0245,US,US East,Services,Direct,12,450.55,0.3500,3514.29,3208.80
O-09983,2026-06-30,C-0659,EU,Benelux & Nordics,Hardware,Partner,16,4151.53,0.3500,43175.91,53590.56
O-09984,2026-06-30,C-0336,EU,Benelux & Nordics,Software,Partner,67,858.15,0.3500,37372.43,17568.07
O-09985,2026-06-30,C-0199,APAC,ANZ,Support & CS,Partner,10,487.03,0.3500,3165.69,2682.90
O-09986,2026-06-30,C-0599,EU,UK & Ireland,Software,Direct,49,696.63,0.3500,22187.67,10521.77
O-09987,2026-06-30,C-0738,EU,DACH,Hardware,Partner,6,2650.90,0.3500,10338.51,12502.50
O-09988,2026-06-30,C-0479,US,US West,Hardware,Partner,9,3305.57,0.3500,19337.58,18540.36
O-09989,2026-06-30,C-0766,EU,DACH,Software,Partner,65,389.45,0.3500,16454.26,7720.70
O-09990,2026-06-30,C-0180,EU,UK & Ireland,Software,Direct,45,267.39,0.3500,7821.16,3757.95
O-09991,2026-06-30,C-0014,US,US West,Support & CS,Partner,6,1952.67,0.3339,7804.27,6260.16
O-09992,2026-06-30,C-0711,US,US Central,Hardware,Online,10,3546.08,0.2479,26669.65,22138.50
O-09993,2026-06-30,C-0736,EU,Benelux & Nordics,Hardware,Direct,14,2222.96,0.3500,20228.94,25289.04
O-09994,2026-06-30,C-0055,EU,UK & Ireland,Hardware,Online,12,2849.73,0.3008,23909.24,26883.48
O-09995,2026-06-30,C-0475,APAC,Japan,Hardware,Partner,6,1930.11,0.3500,7527.43,7585.14
O-09996,2026-06-30,C-0526,US,US West,Hardware,Direct,16,3399.59,0.3500,35355.74,35471.20
O-09997,2026-06-30,C-0520,APAC,ANZ,Support & CS,Direct,11,1741.48,0.3500,12451.58,10107.57
O-09998,2026-06-30,C-0567,APAC,Southeast Asia,Hardware,Partner,2,3024.23,0.3395,3995.30,4014.38
O-09999,2026-06-30,C-0563,EU,UK & Ireland,Software,Partner,34,762.19,0.3500,16844.40,8086.56
O-10000,2026-06-30,C-0526,US,US West,Hardware,Partner,2,1376.69,0.3362,1827.61,1775.60
